model,modelId,coefficientCount,window,windowStart,windowEnd,completed,status,expectedSamples,scoredSamples,incrementSamples,trackingRMS,peakTrackingError,inputRMS,meanAbsoluteIncrement,totalInputVariation,predictionTrueRMS,predictionMeasuredRMS,predictionFinite,stateMin,stateMax,inputMin,inputMax,outputViolationPeak,outputViolationCount,inputViolationPeak,incrementViolationPeak
Integrated physical,I,2,whole,0,80,1,complete,800,800,799,0.00225358302722144,0.0358764357761673,0.193672960353447,0.0055869523328456,4.46397491394364,6.08750998013894e-06,6.08750998013894e-06,800,-0.699955698624665,0.699954188407252,-0.246403341996358,0.325661932341612,0,0,0,0
Integrated physical,I,2,postTransient,20,80,1,complete,600,600,600,6.76461614413665e-05,9.61830108565653e-05,0.193380162184781,0.00503109514111901,3.01865708467141,4.77486593707958e-06,4.77486593707958e-06,600,-0.699955698624665,0.699954188407252,-0.246403341996358,0.246401938630694,0,0,0,0
Euler-informed direct,D,2,whole,0,80,1,complete,800,800,799,0.00231185734537982,0.0358764357657993,0.193678244412285,0.00560317802019339,4.47693923813452,0.000172852531296988,0.000172852531296988,800,-0.699859659300997,0.699860215699737,-0.246056166079184,0.328704105809587,0,0,0,0
Euler-informed direct,D,2,postTransient,20,80,1,complete,600,600,600,0.000544475354851339,0.000882264182685014,0.19336727947941,0.00503881825729864,3.02329095437918,0.000172063565924656,0.000172063565924656,600,-0.699858706846756,0.699859150523798,-0.246056166079184,0.246055990155423,0,0,0,0
Affine,A,3,whole,0,80,1,complete,800,800,799,0.0114544647573781,0.0358764359812591,0.192671199897149,0.00549184882073244,4.38798720776522,0.00350912939892688,0.00350912939892688,800,-0.692706458335506,0.685312366300147,-0.237215207850776,0.32905722601465,0,0,0,0
Affine,A,3,postTransient,20,80,1,complete,600,600,600,0.0109755951923627,0.0216233343027818,0.192279834073421,0.00495227441460563,2.97136464876338,0.00342734066094054,0.00342734066094054,600,-0.690234097757266,0.685312366300147,-0.236311495130415,0.23655529846157,0,0,0,0
Complete cubic,P3,10,whole,0,80,1,complete,800,800,799,0.00226381914045096,0.0358764357537978,0.193638314072151,0.00559107829919664,4.46727156105812,7.25623686037574e-05,7.25623686037574e-05,800,-0.699917714328371,0.700016058208701,-0.246312648202945,0.325563776260367,0,0,0,0
Complete cubic,P3,10,postTransient,20,80,1,complete,600,600,600,0.000184152345276242,0.000410608538662621,0.193359568471041,0.00503702956809922,3.02221774085953,6.1189398721751e-05,6.1189398721751e-05,600,-0.699917714328371,0.700016058208701,-0.246312648202945,0.24641776086967,0,0,0,0
Known-model reference,K,0,whole,0,80,1,complete,800,800,799,0.00225323135500895,0.0358764357762233,0.193684811269353,0.0055874313981146,4.46435768709356,2.24858983326976e-12,2.24858983326976e-12,800,-0.69997436673699,0.699974366739549,-0.246420312270336,0.325663502355435,0,0,0,0
Known-model reference,K,0,postTransient,20,80,1,complete,600,600,600,5.78817879359276e-05,8.55879749597777e-05,0.19338982754909,0.0050314755872676,3.01888535236056,2.2485821141513e-12,2.2485821141513e-12,600,-0.69997436673699,0.699974366736093,-0.246420312270335,0.246420312274251,0,0,0,0
