model,modelName,estimatedCoefficients,evaluationRange,fittingTransitions,evaluationQueries,finiteQueries,predictionRMS,parameterScaledPercent
A,Affine,3,0.25,25,600,600,0.00987711483806664,NaN
A,Affine,3,0.25,50,600,600,0.0107453023170408,NaN
A,Affine,3,0.25,100,600,600,0.0103182326333151,NaN
A,Affine,3,0.25,200,600,600,0.00885247433404937,NaN
A,Affine,3,0.7,25,600,600,0.0164478951133836,NaN
A,Affine,3,0.7,50,600,600,0.0176686607131169,NaN
A,Affine,3,0.7,100,600,600,0.0166751410768108,NaN
A,Affine,3,0.7,200,600,600,0.0142281087238812,NaN
A,Affine,3,1.1,25,600,600,0.0169641508191912,NaN
A,Affine,3,1.1,50,600,600,0.0176851504942429,NaN
A,Affine,3,1.1,100,600,600,0.0177229465354619,NaN
A,Affine,3,1.1,200,600,600,0.0165872151819474,NaN
E,Exact sine,3,0.25,25,600,600,8.5286086379986e-05,0.016821520016581
E,Exact sine,3,0.25,50,600,600,1.6872302680934e-05,0.00732059837913956
E,Exact sine,3,0.25,100,600,600,1.4374188513e-05,0.00404055403626926
E,Exact sine,3,0.25,200,600,600,6.46107250478553e-06,0.00237615559679191
E,Exact sine,3,0.7,25,600,600,0.000124934258908032,0.016821520016581
E,Exact sine,3,0.7,50,600,600,3.94755827418299e-05,0.00732059837913956
E,Exact sine,3,0.7,100,600,600,2.49917887745275e-05,0.00404055403626926
E,Exact sine,3,0.7,200,600,600,1.41672180175001e-05,0.00237615559679191
E,Exact sine,3,1.1,25,600,600,0.000161637532349324,0.016821520016581
E,Exact sine,3,1.1,50,600,600,6.08655249528876e-05,0.00732059837913956
E,Exact sine,3,1.1,100,600,600,3.44476814909058e-05,0.00404055403626926
E,Exact sine,3,1.1,200,600,600,2.09493077376249e-05,0.00237615559679191
O3,Odd cubic,4,0.25,25,600,600,0.000602682383692258,NaN
O3,Odd cubic,4,0.25,50,600,600,0.000455151217807093,NaN
O3,Odd cubic,4,0.25,100,600,600,0.000277278391902005,NaN
O3,Odd cubic,4,0.25,200,600,600,0.000201396975416701,NaN
O3,Odd cubic,4,0.7,25,600,600,0.000886106218256748,NaN
O3,Odd cubic,4,0.7,50,600,600,0.000593099417107162,NaN
O3,Odd cubic,4,0.7,100,600,600,0.000321834547660975,NaN
O3,Odd cubic,4,0.7,200,600,600,0.000228153720028687,NaN
O3,Odd cubic,4,1.1,25,600,600,0.000825203719649222,NaN
O3,Odd cubic,4,1.1,50,600,600,0.000529536971405331,NaN
O3,Odd cubic,4,1.1,100,600,600,0.000282915526805746,NaN
O3,Odd cubic,4,1.1,200,600,600,0.000205260650619759,NaN
O5,Odd quintic,5,0.25,25,600,600,0.00158832215368329,NaN
O5,Odd quintic,5,0.25,50,600,600,0.00111269638805573,NaN
O5,Odd quintic,5,0.25,100,600,600,0.000560851933620645,NaN
O5,Odd quintic,5,0.25,200,600,600,0.000287969262632574,NaN
O5,Odd quintic,5,0.7,25,600,600,0.00187368735401254,NaN
O5,Odd quintic,5,0.7,50,600,600,0.00128179995321036,NaN
O5,Odd quintic,5,0.7,100,600,600,0.000629377869626712,NaN
O5,Odd quintic,5,0.7,200,600,600,0.000328401658681711,NaN
O5,Odd quintic,5,1.1,25,600,600,0.00161567632258012,NaN
O5,Odd quintic,5,1.1,50,600,600,0.00108899924212888,NaN
O5,Odd quintic,5,1.1,100,600,600,0.00055245931634557,NaN
O5,Odd quintic,5,1.1,200,600,600,0.000298871011595414,NaN
P3,Complete cubic,10,0.25,25,600,600,0.0068119895230433,NaN
P3,Complete cubic,10,0.25,50,600,600,0.00230378931684503,NaN
P3,Complete cubic,10,0.25,100,600,600,0.000896309403680629,NaN
P3,Complete cubic,10,0.25,200,600,600,0.000410733055372077,NaN
P3,Complete cubic,10,0.7,25,600,600,0.00919497615544494,NaN
P3,Complete cubic,10,0.7,50,600,600,0.0028130690738262,NaN
P3,Complete cubic,10,0.7,100,600,600,0.0011882951656588,NaN
P3,Complete cubic,10,0.7,200,600,600,0.000473535741833363,NaN
P3,Complete cubic,10,1.1,25,600,600,0.00873165691515149,NaN
P3,Complete cubic,10,1.1,50,600,600,0.00248407344901422,NaN
P3,Complete cubic,10,1.1,100,600,600,0.00103994369027935,NaN
P3,Complete cubic,10,1.1,200,600,600,0.000427112625466433,NaN
K,Known model,0,0.25,25,600,600,1.12190706644449e-17,NaN
K,Known model,0,0.25,50,600,600,1.12190706644449e-17,NaN
K,Known model,0,0.25,100,600,600,1.12190706644449e-17,NaN
K,Known model,0,0.25,200,600,600,1.12190706644449e-17,NaN
K,Known model,0,0.7,25,600,600,2.81620660366514e-17,NaN
K,Known model,0,0.7,50,600,600,2.81620660366514e-17,NaN
K,Known model,0,0.7,100,600,600,2.81620660366514e-17,NaN
K,Known model,0,0.7,200,600,600,2.81620660366514e-17,NaN
K,Known model,0,1.1,25,600,600,3.99011539602568e-17,NaN
K,Known model,0,1.1,50,600,600,3.99011539602568e-17,NaN
K,Known model,0,1.1,100,600,600,3.99011539602568e-17,NaN
K,Known model,0,1.1,200,600,600,3.99011539602568e-17,NaN
