model,modelName,estimatedCoefficients,kind,amplitude,window,completed,status,expectedSamples,scoredSamples,trackingRMS,peakTrackingError,inputRMS,meanAbsoluteIncrement,totalInputVariation,incrementSamples,predictionExpected,predictionFinite,predictionTrueRMS,predictionMeasuredRMS,stateMin,stateMax,inputMin,inputMax,parameterScaledRMSPercent,parameterFinalScaledPercent
A,Affine,3,amplitude,0.2,whole,1,complete,800,800,0.0124868867755344,0.08,0.135028945130327,0.00393059787908245,3.14054770538687,799,800,800,0.0066757782063652,0.0066757782063652,-0.141964813914239,0.294418349032592,-0.201072916033917,0.18415553717139,NaN,NaN
A,Affine,3,amplitude,0.2,principal,1,complete,600,600,0.0114654097283664,0.0191839431493074,0.134696050780545,0.00380963028944023,2.28577817366414,600,600,600,0.00637637375210396,0.00637637375210396,-0.138985246933932,0.294418349032592,-0.198410654654747,0.18415553717139,NaN,NaN
A,Affine,3,amplitude,0.6,whole,1,complete,800,800,0.0171229895969657,0.08,0.401434193759722,0.0115192856973332,9.2039092721692,799,800,800,0.00922411855438368,0.00922411855438368,-0.548143469367588,0.704990186042011,-0.589516494352581,0.574273274265187,NaN,NaN
A,Affine,3,amplitude,0.6,principal,1,complete,600,600,0.0133712911474522,0.0239393191821801,0.398741396576894,0.011340075311853,6.80404518711179,600,600,600,0.00735166756383647,0.00735166756383647,-0.537294984772451,0.695887674358519,-0.578112253986808,0.564776063112339,NaN,NaN
A,Affine,3,amplitude,1,whole,1,complete,800,800,0.0217421032887067,0.0814107590781283,0.710371395709753,0.0205622119807106,16.4292073725878,799,800,800,0.0118435402114444,0.0118435402114444,-0.896371855722154,1.05677171361808,-1.03710650496186,1.01851308604932,NaN,NaN
A,Affine,3,amplitude,1,principal,1,complete,600,600,0.0209847949559357,0.0344035379048285,0.709188555771684,0.0204224529074017,12.253471744441,600,600,600,0.0116248663396325,0.0116248663396325,-0.893163722103839,1.0536173049096,-1.03164868375676,1.01329869778788,NaN,NaN
A,Affine,3,constraintAudit,NaN,whole,1,complete,100,100,0.0903822371836048,0.8,0.48417927320718,0.00563250305660293,0.55761780260369,99,100,100,0.0133280451673343,0.0133280451673343,0.602378729097392,1.4,0,0.520782822202143,NaN,NaN
E,Exact sine,3,amplitude,0.2,whole,1,complete,800,800,0.00349301975149181,0.08,0.124689029306927,0.00364564294899887,2.9128687162501,799,800,800,4.88496320645831e-06,4.88496320645831e-06,-0.120001398921342,0.280009122063476,-0.181451023562904,0.171300268281296,0.00217348920705546,0.00200724275781186
E,Exact sine,3,amplitude,0.2,principal,1,complete,600,600,2.88535946212706e-06,6.45553682820932e-06,0.124655656702286,0.00352747253181426,2.11648351908856,600,600,600,4.56718903806882e-06,4.56718903806882e-06,-0.120001398921342,0.280006412831138,-0.181451023562904,0.171297857036742,0.00212622735894344,0.00200724275781186
E,Exact sine,3,amplitude,0.6,whole,1,complete,800,800,0.00379108138580894,0.08,0.386755084050685,0.0112006758647951,8.94934001597126,799,800,800,8.48879011720299e-06,8.48879011720299e-06,-0.519992936617075,0.680004458569529,-0.560206611756239,0.548457208556344,0.0015913218238154,0.00119717796531693
E,Exact sine,3,amplitude,0.6,principal,1,complete,600,600,1.91000663563257e-05,2.99117375651137e-05,0.386726847788564,0.0110863429092786,6.65180574556713,600,600,600,6.68999923930112e-06,6.68999923930112e-06,-0.5199851992473,0.679992682975226,-0.560198585893307,0.548445084099162,0.00141362961773774,0.00119717796531693
E,Exact sine,3,amplitude,1,whole,1,complete,800,800,0.00412635083781104,0.0814107590781283,0.712423120143046,0.0215128494499585,17.1887667105168,799,800,800,9.40791501533765e-06,9.40791501533765e-06,-0.919865997126769,1.07989869132498,-1.0804381234916,1.05966724768162,0.00129070105350752,0.000924518480943104
E,Exact sine,3,amplitude,1,principal,1,complete,600,600,0.000136149892539005,0.000196761189794281,0.712393124417226,0.0214001267906186,12.8400760743712,600,600,600,5.83006714228652e-06,5.83006714228652e-06,-0.919852400195853,1.07987265709845,-1.08041272178312,1.05962041599111,0.00108270878125225,0.000924518480943104
E,Exact sine,3,constraintAudit,NaN,whole,1,complete,100,100,0.087186848303178,0.8,0.460936796053212,0.00506714384654692,0.501647240808145,99,100,100,1.70634874016379e-05,1.70634874016379e-05,0.578636780021783,1.4,0,0.483904697496806,0.00185973358406095,0.00170063637034934
O3,Odd cubic,4,amplitude,0.2,whole,1,complete,800,800,0.00349920619109132,0.08,0.124868628816728,0.00365078455424234,2.91697685883963,799,800,800,0.000122478417199207,0.000122478417199207,-0.120366957605743,0.280355761851122,-0.181777104761775,0.171609069079438,NaN,NaN
O3,Odd cubic,4,amplitude,0.2,principal,1,complete,600,600,0.000188379601194741,0.000308359757344612,0.124817587435948,0.00353186592687234,2.1191195561234,600,600,600,0.000109372725977372,0.000109372725977372,-0.120285385921734,0.280303265047217,-0.181704284775797,0.171562181771664,NaN,NaN
O3,Odd cubic,4,amplitude,0.6,whole,1,complete,800,800,0.00379624543647756,0.08,0.38683354444492,0.0111982157882953,8.94737441484796,799,800,800,0.000126368241454152,0.000126368241454152,-0.519930599021262,0.680071688199557,-0.560136384309968,0.54852083025829,NaN,NaN
O3,Odd cubic,4,amplitude,0.6,principal,1,complete,600,600,0.000182302931475621,0.000346478842346065,0.386773100869794,0.0110828457552046,6.64970745312276,600,600,600,0.000109973535404466,0.000109973535404466,-0.519823594674713,0.679896644021564,-0.560025795673767,0.548341045301147,NaN,NaN
O3,Odd cubic,4,amplitude,1,whole,1,complete,800,800,0.0041484613869814,0.0814107590781283,0.712251354731819,0.0215237658661729,17.1974889270722,799,800,800,0.000217364695859749,0.000217364695859749,-0.920333230778724,1.08012014956675,-1.08143779589813,1.0601636726991,NaN,NaN
O3,Odd cubic,4,amplitude,1,principal,1,complete,600,600,0.000435604322374452,0.000839421138833396,0.712269445736817,0.0214136104163125,12.8481662497875,600,600,600,0.000209145849085677,0.000209145849085677,-0.920333230778724,1.08012014956675,-1.08143779589813,1.0601636726991,NaN,NaN
O3,Odd cubic,4,constraintAudit,NaN,whole,1,complete,100,100,0.0871869207010858,0.8,0.461193493158935,0.00507138300197953,0.502066917195973,99,100,100,0.000168651449123962,0.000168651449123962,0.579111739160268,1.4,0,0.484223053093456,NaN,NaN
O5,Odd quintic,5,amplitude,0.2,whole,1,complete,800,800,0.00349994407728213,0.08,0.124870351361709,0.00365090923506057,2.9170764788134,799,800,800,0.000129850265477611,0.000129850265477611,-0.12041806213699,0.280467680353706,-0.181822757783514,0.171708857959878,NaN,NaN
O5,Odd quintic,5,amplitude,0.2,principal,1,complete,600,600,0.000172848226478164,0.000318964520071796,0.124801325191288,0.00353141220624476,2.11884732374685,600,600,600,0.000100490771212158,0.000100490771212158,-0.120273607069467,0.280310095692742,-0.181693819987435,0.171568320858025,NaN,NaN
O5,Odd quintic,5,amplitude,0.6,whole,1,complete,800,800,0.00379640032325574,0.08,0.386849996357751,0.0111992038729799,8.94816389451095,799,800,800,0.000130786157134398,0.000130786157134398,-0.519948424204746,0.680095706567112,-0.560154413765635,0.548544038503909,NaN,NaN
O5,Odd quintic,5,amplitude,0.6,principal,1,complete,600,600,0.000150979071749737,0.000356075811866308,0.386779389981247,0.0110839663985115,6.65037983910689,600,600,600,9.3474570901757e-05,9.3474570901757e-05,-0.519866062012077,0.67992101692583,-0.560070427248256,0.548366316293489,NaN,NaN
O5,Odd quintic,5,amplitude,1,whole,1,complete,800,800,0.00413577527360418,0.0814107590781283,0.71230560306517,0.0215153107531011,17.1907332917278,799,800,800,0.000145875770781849,0.000145875770781849,-0.919965817763768,1.07990087442515,-1.08067986603069,1.0597031773682,NaN,NaN
O5,Odd quintic,5,amplitude,1,principal,1,complete,600,600,0.000236771827669964,0.000545827885180539,0.712336236988281,0.0214032081283006,12.8419248769804,600,600,600,9.55217321715596e-05,9.55217321715596e-05,-0.919965817763768,1.07990087442515,-1.08067714144085,1.0597031773682,NaN,NaN
P3,Complete cubic,10,amplitude,0.2,whole,1,complete,800,800,0.0035081915899856,0.08,0.124948608054353,0.00365313267048374,2.91885300371651,799,800,800,0.000188040090813245,0.000188040090813245,-0.120677188468603,0.28052754096992,-0.182054148064927,0.17176283249598,NaN,NaN
P3,Complete cubic,10,amplitude,0.2,principal,1,complete,600,600,0.00025706493588146,0.000449341510350545,0.124870269130279,0.00353333722671137,2.12000233602682,600,600,600,0.000147662320794277,0.000147662320794277,-0.120424212440592,0.280427901874453,-0.18182833762394,0.171673477407678,NaN,NaN
P3,Complete cubic,10,amplitude,0.6,whole,1,complete,800,800,0.00380451681684577,0.08,0.386921907756601,0.0112006658214437,8.94933199133349,799,800,800,0.000194329806333234,0.000194329806333234,-0.520182745776851,0.680346426467258,-0.560397515022278,0.548803212791003,NaN,NaN
P3,Complete cubic,10,amplitude,0.6,principal,1,complete,600,600,0.000213717974993792,0.000498308823729421,0.386814632521675,0.0110841944601053,6.65051667606316,600,600,600,0.000129148119467847,0.000129148119467847,-0.519931590773701,0.679964400858724,-0.560138005649341,0.548411086000253,NaN,NaN
P3,Complete cubic,10,amplitude,1,whole,1,complete,800,800,0.00414765492636542,0.0814107590781283,0.712363463696163,0.0215240252092333,17.1976961421774,799,800,800,0.000237298145170118,0.000237298145170118,-0.92029919752741,1.08024575508778,-1.08135813316721,1.06038592671237,NaN,NaN
P3,Complete cubic,10,amplitude,1,principal,1,complete,600,600,0.000402319726852699,0.00072892009152542,0.712368667132479,0.0214151060572533,12.849063634352,600,600,600,0.000205934946584516,0.000205934946584516,-0.92029919752741,1.08024575508778,-1.08135813316721,1.06038592671237,NaN,NaN
K,Known model,0,amplitude,0.2,whole,1,complete,800,800,0.00349302763151067,0.08,0.124681823701566,0.00364544654241028,2.91271178738581,799,800,800,1.42664527710898e-17,1.42664527710898e-17,-0.119992112970103,0.279992141618457,-0.181442736142601,0.171285155095157,NaN,NaN
K,Known model,0,amplitude,0.2,principal,1,complete,600,600,5.79640427286167e-06,7.89095528885841e-06,0.124648764796629,0.00352727891237757,2.11636734742654,600,600,600,1.46355567370127e-17,1.46355567370127e-17,-0.119992112970103,0.279992141618457,-0.181442736142601,0.171285155095157,NaN,NaN
K,Known model,0,amplitude,0.6,whole,1,complete,800,800,0.00379116520163558,0.08,0.386741238664039,0.0112002843044029,8.94902715921789,799,800,800,3.99140986185107e-17,3.99140986185107e-17,-0.519968076579276,0.67996853507177,-0.560180842009543,0.548420251435458,NaN,NaN
K,Known model,0,amplitude,0.6,principal,1,complete,600,600,2.98496363877458e-05,3.8340861337971e-05,0.386715515850676,0.01108601093445,6.65160656067,600,600,600,3.98244051736198e-17,3.98244051736198e-17,-0.519968076579276,0.67996853507177,-0.560180842009543,0.548420251435458,NaN,NaN
K,Known model,0,amplitude,1,whole,1,complete,800,800,0.00412682661758477,0.0814107590781283,0.712401979293596,0.021512113612676,17.1881787765281,799,800,800,5.27973285269735e-17,5.27973285269735e-17,-0.919836909639415,1.07984803807749,-1.08038381713313,1.059576211533,NaN,NaN
K,Known model,0,amplitude,1,principal,1,complete,600,600,0.000145927823794901,0.000204121018964054,0.712378511501512,0.0213996002866613,12.8397601719968,600,600,600,5.17812293982299e-17,5.17812293982299e-17,-0.919836909639415,1.07984803807749,-1.08038381713313,1.059576211533,NaN,NaN
K,Known model,0,constraintAudit,NaN,whole,1,complete,100,100,0.0871868268874763,0.8,0.46090993049926,0.00506708948102121,0.5016418586211,99,100,100,7.85046229341888e-17,7.85046229341888e-17,0.578562391109743,1.4,0,0.483890459404586,NaN,NaN
