scenario,caseId,window,metric,attempted,completed,finiteScores,median,q1,q3,iqr
abrupt,S_none,whole,trackingRMS,40,40,40,0.078796375729293,0.0785947810657301,0.0789868299428996,0.000392048877169524
abrupt,S_none,whole,inputRMS,40,40,40,0.431179224089461,0.430606075273004,0.431490812270009,0.000884736997004809
abrupt,S_none,whole,meanAbsoluteIncrement,40,40,40,0.0181705862528819,0.017971877605915,0.0183221478422356,0.000350270236320546
abrupt,S_none,whole,peakTrackingError,40,40,40,0.606656672436056,0.603215873066488,0.611322560325207,0.00810668725871888
abrupt,S_none,whole,totalInputVariation,40,40,40,21.7865329172054,21.5482812494921,21.9682552628405,0.41997401334833
abrupt,S_none,whole,predictionTrueRMS,40,40,40,0.0325174762327794,0.0323724374081495,0.0326191886494334,0.000246751241283906
abrupt,S_none,whole,predictionMeasuredRMS,40,40,40,0.0339854139541636,0.0339088787225916,0.0341017043570104,0.000192825634418789
abrupt,S_none,whole,parameterScaledRMSPercent,40,40,40,3.97310804463626,3.95859939858388,4.01065091989077,0.0520515213068893
abrupt,S_none,whole,parameterFinalScaledPercent,40,40,40,5.45152388154125,5.38257317164062,5.51568604760681,0.133112875966188
abrupt,S_fixed,whole,trackingRMS,40,40,40,0.0645532546317248,0.0637015447781864,0.0648860038097278,0.00118445903154137
abrupt,S_fixed,whole,inputRMS,40,40,40,0.466832647765174,0.466321607057873,0.467135023337208,0.000813416279334622
abrupt,S_fixed,whole,meanAbsoluteIncrement,40,40,40,0.0203004520596707,0.0200771118545716,0.0205963052444588,0.00051919338988719
abrupt,S_fixed,whole,peakTrackingError,40,40,40,0.816131177771433,0.804658399553566,0.826480355133295,0.0218219555797293
abrupt,S_fixed,whole,totalInputVariation,40,40,40,24.3402420195451,24.0724571136313,24.6949699881061,0.62251287447474
abrupt,S_fixed,whole,predictionTrueRMS,40,40,40,0.0148804523068083,0.0147527484461539,0.0151108944571775,0.000358146011023549
abrupt,S_fixed,whole,predictionMeasuredRMS,40,40,40,0.0179645441635224,0.0178178531550831,0.0181004842930645,0.000282631137981378
abrupt,S_fixed,whole,parameterScaledRMSPercent,40,40,40,6.10659614084021,5.97649527423479,6.17740176312287,0.200906488888082
abrupt,S_fixed,whole,parameterFinalScaledPercent,40,40,40,2.79252044674897,2.15646630474769,3.17266052892353,1.01619422417584
abrupt,S_vrf,whole,trackingRMS,40,40,40,0.0619201719953184,0.0617822078998074,0.0620847385090823,0.000302530609274987
abrupt,S_vrf,whole,inputRMS,40,40,40,0.464325520847259,0.463880741128254,0.464942932296782,0.00106219116852801
abrupt,S_vrf,whole,meanAbsoluteIncrement,40,40,40,0.0187289517628612,0.0185638867075394,0.0188549366475046,0.000291049939965177
abrupt,S_vrf,whole,peakTrackingError,40,40,40,0.606656672436056,0.603215873066488,0.611322560325207,0.00810668725871888
abrupt,S_vrf,whole,totalInputVariation,40,40,40,22.4560131636706,22.2581001623398,22.607069040358,0.348968878018248
abrupt,S_vrf,whole,predictionTrueRMS,40,40,40,0.018879892369263,0.0187126964684749,0.0190891849681631,0.000376488499688223
abrupt,S_vrf,whole,predictionMeasuredRMS,40,40,40,0.0213760803675039,0.0212807676215832,0.0214638849999707,0.000183117378387537
abrupt,S_vrf,whole,parameterScaledRMSPercent,40,40,40,3.25778470523187,3.11445163507279,3.31348726716634,0.199035632093554
abrupt,S_vrf,whole,parameterFinalScaledPercent,40,40,40,2.30445160629714,2.10321937430833,2.46116318413767,0.357943809829331
abrupt,S_pretrained,whole,trackingRMS,40,40,40,0.0968719065355066,0.096148840968152,0.0971927664549397,0.00104392548678767
abrupt,S_pretrained,whole,inputRMS,40,40,40,0.411823132068387,0.410707623414799,0.413035471589886,0.00232784817508691
abrupt,S_pretrained,whole,meanAbsoluteIncrement,40,40,40,0.0154551469058306,0.0152495856265403,0.0155690027484548,0.000319417121914502
abrupt,S_pretrained,whole,peakTrackingError,40,40,40,0.608414182453891,0.60502304171441,0.613719438413008,0.00869639669859801
abrupt,S_pretrained,whole,totalInputVariation,40,40,40,18.5307211400909,18.2842531662219,18.6672342953974,0.382981129175484
abrupt,S_pretrained,whole,predictionTrueRMS,40,40,40,0.0472438128026331,0.0468473261623557,0.0474416872745639,0.000594361112208223
abrupt,S_pretrained,whole,predictionMeasuredRMS,40,40,40,0.0482022173784548,0.0478194035577323,0.0484730213880811,0.000653617830348771
abrupt,S_pretrained,whole,parameterScaledRMSPercent,40,40,40,6.64461409956689,6.57647683578631,6.7241086459041,0.147631810117791
abrupt,S_pretrained,whole,parameterFinalScaledPercent,40,40,40,8.69906984038227,8.61030945024162,8.8021320285514,0.191822578309779
abrupt,K,whole,trackingRMS,40,40,40,0.0525199482555906,0.0523537889509376,0.0525879932599638,0.00023420430902614
abrupt,K,whole,inputRMS,40,40,40,0.478817599651148,0.478682925856525,0.478898954803433,0.000216028946907865
abrupt,K,whole,meanAbsoluteIncrement,40,40,40,0.017205870486507,0.0170519718343702,0.0173018237535452,0.000249851919174954
abrupt,K,whole,peakTrackingError,40,40,40,0.609306695192201,0.605414153337005,0.614066174682236,0.0086520213452308
abrupt,K,whole,totalInputVariation,40,40,40,20.6298387133219,20.4453142294099,20.7448866805007,0.299572451090768
abrupt,K,whole,predictionTrueRMS,40,40,40,0.00819089332999678,0.00808120696111541,0.00827814123504882,0.00019693427393341
abrupt,K,whole,predictionMeasuredRMS,40,40,40,0.0128986126312405,0.0127859277034521,0.0130685120180712,0.000282584314619092
abrupt,K,whole,parameterScaledRMSPercent,40,40,0,NaN,NaN,NaN,NaN
abrupt,K,whole,parameterFinalScaledPercent,40,40,0,NaN,NaN,NaN,NaN
abrupt,S_none,pre,trackingRMS,40,40,40,0.0747774047194604,0.0744947979243013,0.0752131153062775,0.000718317381976238
abrupt,S_none,pre,inputRMS,40,40,40,0.547966177343977,0.546965348019102,0.548485755707345,0.00152040768824324
abrupt,S_none,pre,meanAbsoluteIncrement,40,40,40,0.0209658330552278,0.0204686937723559,0.0212783949198169,0.000809701147461012
abrupt,S_none,pre,peakTrackingError,40,40,40,0.606656672436056,0.603215873066488,0.611322560325207,0.00810668725871888
abrupt,S_none,pre,totalInputVariation,40,40,40,2.09658330552278,2.04686937723559,2.12783949198169,0.0809701147461008
abrupt,S_none,pre,predictionTrueRMS,40,40,40,0.00759001191490876,0.00729203287403491,0.00784773650709086,0.000555703633055949
abrupt,S_none,pre,predictionMeasuredRMS,40,40,40,0.0124171348813106,0.0116915738569819,0.0130437774930258,0.00135220363604385
abrupt,S_none,pre,parameterScaledRMSPercent,40,40,40,0.152108136779243,0.0590115226299052,0.303661756022164,0.244650233392259
abrupt,S_none,pre,parameterFinalScaledPercent,40,40,40,0.14689296411438,0.0665530918794528,0.300495017546454,0.233941925667002
abrupt,S_fixed,pre,trackingRMS,40,40,40,0.073026109984127,0.0721417324225341,0.0737181888763868,0.00157645645385264
abrupt,S_fixed,pre,inputRMS,40,40,40,0.547424620976298,0.546532589399648,0.548253307386598,0.0017207179869495
abrupt,S_fixed,pre,meanAbsoluteIncrement,40,40,40,0.0206724509472329,0.0202473083326525,0.0210431198881819,0.000795811555529369
abrupt,S_fixed,pre,peakTrackingError,40,40,40,0.595430194425646,0.58909484425118,0.599887886673473,0.0107930424222935
abrupt,S_fixed,pre,totalInputVariation,40,40,40,2.06724509472329,2.02473083326525,2.10431198881819,0.0795811555529369
abrupt,S_fixed,pre,predictionTrueRMS,40,40,40,0.00769389979328355,0.007384733652583,0.00803732616388006,0.000652592511297063
abrupt,S_fixed,pre,predictionMeasuredRMS,40,40,40,0.0125162337916864,0.0118285252307009,0.0132443078735534,0.0014157826428525
abrupt,S_fixed,pre,parameterScaledRMSPercent,40,40,40,0.710271606120974,0.524491159823447,0.928432236234564,0.403941076411118
abrupt,S_fixed,pre,parameterFinalScaledPercent,40,40,40,0.427175967806454,0.185818343594681,0.773876900841798,0.588058557247117
abrupt,S_vrf,pre,trackingRMS,40,40,40,0.0747774047194604,0.0744947979243013,0.0752131153062775,0.000718317381976238
abrupt,S_vrf,pre,inputRMS,40,40,40,0.547966177343977,0.546965348019102,0.548485755707345,0.00152040768824324
abrupt,S_vrf,pre,meanAbsoluteIncrement,40,40,40,0.0209658330552278,0.0204686937723559,0.0212783949198169,0.000809701147461012
abrupt,S_vrf,pre,peakTrackingError,40,40,40,0.606656672436056,0.603215873066488,0.611322560325207,0.00810668725871888
abrupt,S_vrf,pre,totalInputVariation,40,40,40,2.09658330552278,2.04686937723559,2.12783949198169,0.0809701147461008
abrupt,S_vrf,pre,predictionTrueRMS,40,40,40,0.00759001191490876,0.00729203287403491,0.00784773650709086,0.000555703633055949
abrupt,S_vrf,pre,predictionMeasuredRMS,40,40,40,0.0124171348813106,0.0116915738569819,0.0130437774930258,0.00135220363604385
abrupt,S_vrf,pre,parameterScaledRMSPercent,40,40,40,0.152108136779243,0.0590115226299052,0.303661756022164,0.244650233392259
abrupt,S_vrf,pre,parameterFinalScaledPercent,40,40,40,0.14689296411438,0.0665530918794528,0.300495017546454,0.233941925667002
abrupt,S_pretrained,pre,trackingRMS,40,40,40,0.0749928413845216,0.0747745929768905,0.0754321683011324,0.000657575324241891
abrupt,S_pretrained,pre,inputRMS,40,40,40,0.548367947612091,0.54619493605617,0.549947460924684,0.00375252486851474
abrupt,S_pretrained,pre,meanAbsoluteIncrement,40,40,40,0.0209293951100131,0.0204091946313054,0.0212002850298068,0.00079109039850148
abrupt,S_pretrained,pre,peakTrackingError,40,40,40,0.608414182453891,0.60502304171441,0.613719438413008,0.00869639669859801
abrupt,S_pretrained,pre,totalInputVariation,40,40,40,2.09293951100131,2.04091946313054,2.12002850298068,0.0791090398501479
abrupt,S_pretrained,pre,predictionTrueRMS,40,40,40,0.00760761120684237,0.00729026842158158,0.00790788560250336,0.000617617180921782
abrupt,S_pretrained,pre,predictionMeasuredRMS,40,40,40,0.0124184124432042,0.0116699496408221,0.01310075440028,0.00143080475945786
abrupt,S_pretrained,pre,parameterScaledRMSPercent,40,40,40,0.158062371246338,0.0963955413783679,0.245460631294759,0.149065089916391
abrupt,S_pretrained,pre,parameterFinalScaledPercent,40,40,40,0.158062371246338,0.0963955413783679,0.245460631294759,0.149065089916391
abrupt,K,pre,trackingRMS,40,40,40,0.0752110929970281,0.0747475200143733,0.0757171462463033,0.000969626231929935
abrupt,K,pre,inputRMS,40,40,40,0.547503449388405,0.547194846522436,0.547852265106853,0.000657418584417147
abrupt,K,pre,meanAbsoluteIncrement,40,40,40,0.0209338199713508,0.0204979369492792,0.0212563215502584,0.00075838460097916
abrupt,K,pre,peakTrackingError,40,40,40,0.609306695192201,0.605414153337005,0.614066174682236,0.0086520213452308
abrupt,K,pre,totalInputVariation,40,40,40,2.09338199713508,2.04979369492792,2.12563215502584,0.0758384600979163
abrupt,K,pre,predictionTrueRMS,40,40,40,0.00752225926399649,0.00719240658200185,0.00780353115005362,0.000611124568051773
abrupt,K,pre,predictionMeasuredRMS,40,40,40,0.0124011304377852,0.0117195092655453,0.012987386014918,0.00126787674937271
abrupt,K,pre,parameterScaledRMSPercent,40,40,0,NaN,NaN,NaN,NaN
abrupt,K,pre,parameterFinalScaledPercent,40,40,0,NaN,NaN,NaN,NaN
abrupt,S_none,event,trackingRMS,40,40,40,0.147946457382116,0.147466225200264,0.148545621780507,0.00107939658024325
abrupt,S_none,event,inputRMS,40,40,40,0.498085819563661,0.497352286715672,0.49873661502194,0.00138432830626761
abrupt,S_none,event,meanAbsoluteIncrement,40,40,40,0.02249836213517,0.0219675092272455,0.0231949104733561,0.00122740124611052
abrupt,S_none,event,peakTrackingError,40,40,40,0.479879972253531,0.475492481628079,0.484766291291973,0.00927380966389418
abrupt,S_none,event,totalInputVariation,40,40,40,2.249836213517,2.19675092272455,2.31949104733561,0.122740124611052
abrupt,S_none,event,predictionTrueRMS,40,40,40,0.0740597700264367,0.0736329884112856,0.0745050219926003,0.000872033581314699
abrupt,S_none,event,predictionMeasuredRMS,40,40,40,0.0749267890742668,0.0743372732504214,0.0752098239386265,0.000872550688205145
abrupt,S_none,event,parameterScaledRMSPercent,40,40,40,6.55204422115657,6.50468464666211,6.63640488811047,0.131720241448369
abrupt,S_none,event,parameterFinalScaledPercent,40,40,40,4.89614371950681,4.86651233132711,4.9247152542184,0.058202922891283
abrupt,S_fixed,event,trackingRMS,40,40,40,0.141883734829837,0.138180852591194,0.143290117565102,0.0051092649739076
abrupt,S_fixed,event,inputRMS,40,40,40,0.556356667709023,0.555135611456676,0.558200547184876,0.00306493572820044
abrupt,S_fixed,event,meanAbsoluteIncrement,40,40,40,0.0405566594630068,0.0391707319281299,0.0431809249165477,0.00401019298841773
abrupt,S_fixed,event,peakTrackingError,40,40,40,0.816131177771433,0.804658399553566,0.826480355133295,0.0218219555797293
abrupt,S_fixed,event,totalInputVariation,40,40,40,4.05566594630068,3.91707319281299,4.31809249165477,0.401019298841773
abrupt,S_fixed,event,predictionTrueRMS,40,40,40,0.0388292549840499,0.0382421859780574,0.0394907746285145,0.00124858865045709
abrupt,S_fixed,event,predictionMeasuredRMS,40,40,40,0.0403641531898395,0.039922048206566,0.0407653100266689,0.00084326182010299
abrupt,S_fixed,event,parameterScaledRMSPercent,40,40,40,14.8345197704099,14.6908216549443,15.0301759266419,0.339354271697621
abrupt,S_fixed,event,parameterFinalScaledPercent,40,40,40,11.8494001375347,11.5717427780769,12.1606242705943,0.588881492517478
abrupt,S_vrf,event,trackingRMS,40,40,40,0.123831459297635,0.123316265744044,0.12419735904421,0.000881093300166252
abrupt,S_vrf,event,inputRMS,40,40,40,0.535074996121928,0.533931421541855,0.535958769611063,0.00202734806920757
abrupt,S_vrf,event,meanAbsoluteIncrement,40,40,40,0.0286289720239934,0.0280264814373126,0.0292090377012959,0.00118255626398334
abrupt,S_vrf,event,peakTrackingError,40,40,40,0.547884675063019,0.542361252439729,0.555337837416656,0.0129765849769271
abrupt,S_vrf,event,totalInputVariation,40,40,40,2.86289720239934,2.80264814373126,2.92090377012959,0.118255626398335
abrupt,S_vrf,event,predictionTrueRMS,40,40,40,0.0560628698190825,0.0553905573705663,0.0563884016970544,0.000997844326488175
abrupt,S_vrf,event,predictionMeasuredRMS,40,40,40,0.0570465626417348,0.0566937050507572,0.0573495696641027,0.000655864613345498
abrupt,S_vrf,event,parameterScaledRMSPercent,40,40,40,6.65365624511686,6.6196523894769,6.70567903810699,0.0860266486300914
abrupt,S_vrf,event,parameterFinalScaledPercent,40,40,40,5.86354388237848,5.7511137837036,6.07715861015015,0.326044826446556
abrupt,S_pretrained,event,trackingRMS,40,40,40,0.166279221067784,0.164894948988375,0.167304498659813,0.00240954967143825
abrupt,S_pretrained,event,inputRMS,40,40,40,0.480263626924554,0.479436641974714,0.481625185884758,0.00218854391004369
abrupt,S_pretrained,event,meanAbsoluteIncrement,40,40,40,0.0214018945964585,0.0208170924491989,0.0218546829524201,0.00103759050322114
abrupt,S_pretrained,event,peakTrackingError,40,40,40,0.462227018939541,0.457730879349222,0.46722203358465,0.0094911542354279
abrupt,S_pretrained,event,totalInputVariation,40,40,40,2.14018945964585,2.08170924491989,2.18546829524201,0.103759050322114
abrupt,S_pretrained,event,predictionTrueRMS,40,40,40,0.0872329613185487,0.0864725009482539,0.0878893593123196,0.00141685836406576
abrupt,S_pretrained,event,predictionMeasuredRMS,40,40,40,0.0878658011289392,0.0870916369211831,0.0884972738364434,0.0014056369152603
abrupt,S_pretrained,event,parameterScaledRMSPercent,40,40,40,8.69906984038227,8.61030945024162,8.8021320285514,0.191822578309777
abrupt,S_pretrained,event,parameterFinalScaledPercent,40,40,40,8.69906984038227,8.61030945024162,8.8021320285514,0.191822578309779
abrupt,K,event,trackingRMS,40,40,40,0.0506358845839461,0.0500603935687486,0.0512819313900034,0.00122153782125471
abrupt,K,event,inputRMS,40,40,40,0.606227852108282,0.605696568975416,0.606551529738988,0.000854960763571944
abrupt,K,event,meanAbsoluteIncrement,40,40,40,0.0259647730249328,0.0254948540088858,0.0263454028601663,0.000850548851280532
abrupt,K,event,peakTrackingError,40,40,40,0.424055900016187,0.420518646477312,0.429738554600536,0.00921990812322449
abrupt,K,event,totalInputVariation,40,40,40,2.59647730249328,2.54948540088858,2.63454028601663,0.085054885128053
abrupt,K,event,predictionTrueRMS,40,40,40,0.00858121210739107,0.00825879726626783,0.00908752480812143,0.000828727541853596
abrupt,K,event,predictionMeasuredRMS,40,40,40,0.013102534122106,0.0126450344942553,0.0134526849449716,0.000807650450716386
abrupt,K,event,parameterScaledRMSPercent,40,40,0,NaN,NaN,NaN,NaN
abrupt,K,event,parameterFinalScaledPercent,40,40,0,NaN,NaN,NaN,NaN
abrupt,S_none,late,trackingRMS,40,40,40,0.0724367980944058,0.0718143912295812,0.0728320382519701,0.00101764702238891
abrupt,S_none,late,inputRMS,40,40,40,0.437883250291854,0.437311858668836,0.43820317546494,0.000891316796103936
abrupt,S_none,late,meanAbsoluteIncrement,40,40,40,0.0231399688714293,0.0224242166693799,0.0241888028892943,0.00176458621991443
abrupt,S_none,late,peakTrackingError,40,40,40,0.296541814161826,0.293217859827393,0.303374090491088,0.0101562306636946
abrupt,S_none,late,totalInputVariation,40,40,40,2.31399688714293,2.24242166693799,2.41888028892943,0.176458621991442
abrupt,S_none,late,predictionTrueRMS,40,40,40,0.0336904223279233,0.033089688670851,0.0343590972485321,0.00126940857768108
abrupt,S_none,late,predictionMeasuredRMS,40,40,40,0.035166185286533,0.0349046521733004,0.0355772398648203,0.000672587691519892
abrupt,S_none,late,parameterScaledRMSPercent,40,40,40,5.27922969996644,5.21565794319045,5.37187598311139,0.156218039920934
abrupt,S_none,late,parameterFinalScaledPercent,40,40,40,5.50851367353335,5.44065667766038,5.59856537747136,0.157908699810979
abrupt,S_fixed,late,trackingRMS,40,40,40,0.024167501429547,0.0234518680867011,0.0246368945156453,0.00118502642894418
abrupt,S_fixed,late,inputRMS,40,40,40,0.489859813486214,0.488892243542238,0.490382936666284,0.00149069312404504
abrupt,S_fixed,late,meanAbsoluteIncrement,40,40,40,0.0206868360323835,0.0198698301161113,0.0214899920369798,0.00162016192086848
abrupt,S_fixed,late,peakTrackingError,40,40,40,0.217745354868894,0.210676837187014,0.221241349949902,0.0105645127628874
abrupt,S_fixed,late,totalInputVariation,40,40,40,2.06868360323835,1.98698301161113,2.14899920369798,0.162016192086848
abrupt,S_fixed,late,predictionTrueRMS,40,40,40,0.00918285937866972,0.00893319776252261,0.00946885502959319,0.000535657267070578
abrupt,S_fixed,late,predictionMeasuredRMS,40,40,40,0.0137987016646748,0.0128400339886331,0.0147029875536982,0.00186295356506518
abrupt,S_fixed,late,parameterScaledRMSPercent,40,40,40,1.72750623852314,1.4990912183582,1.97577828912854,0.47668707077034
abrupt,S_fixed,late,parameterFinalScaledPercent,40,40,40,0.749383115705308,0.441552487425867,1.06470527708551,0.623152789659641
abrupt,S_vrf,late,trackingRMS,40,40,40,0.0277734399926939,0.0271970317066418,0.0280903840886071,0.000893352381965293
abrupt,S_vrf,late,inputRMS,40,40,40,0.485552907624692,0.484548548109013,0.486066555975118,0.00151800786610484
abrupt,S_vrf,late,meanAbsoluteIncrement,40,40,40,0.0216224953604324,0.0207187743715156,0.0224325261562043,0.00171375178468875
abrupt,S_vrf,late,peakTrackingError,40,40,40,0.240795647211583,0.237039069437198,0.246162287961006,0.00912321852380799
abrupt,S_vrf,late,totalInputVariation,40,40,40,2.16224953604324,2.07187743715156,2.24325261562043,0.171375178468876
abrupt,S_vrf,late,predictionTrueRMS,40,40,40,0.0102137759416042,0.00978146902751434,0.0108698798393407,0.00108841081182637
abrupt,S_vrf,late,predictionMeasuredRMS,40,40,40,0.0144539856394772,0.0136604318794249,0.0153940148508205,0.00173358297139561
abrupt,S_vrf,late,parameterScaledRMSPercent,40,40,40,3.16376436741682,2.9483347471167,3.36221656933228,0.413881822215575
abrupt,S_vrf,late,parameterFinalScaledPercent,40,40,40,2.86845450684009,2.68435179372696,3.0948552749345,0.410503481207546
abrupt,S_pretrained,late,trackingRMS,40,40,40,0.125736905760701,0.125047430948078,0.127189506866917,0.00214207591883903
abrupt,S_pretrained,late,inputRMS,40,40,40,0.387049249904846,0.386586913981675,0.388183356079762,0.00159644209808629
abrupt,S_pretrained,late,meanAbsoluteIncrement,40,40,40,0.0173515302515488,0.0165086983640293,0.0180896195508215,0.0015809211867922
abrupt,S_pretrained,late,peakTrackingError,40,40,40,0.268394777595094,0.263210916025103,0.272633383952523,0.00942246792741963
abrupt,S_pretrained,late,totalInputVariation,40,40,40,1.73515302515488,1.65086983640293,1.80896195508215,0.15809211867922
abrupt,S_pretrained,late,predictionTrueRMS,40,40,40,0.0680893439039153,0.0675559210254247,0.0688763031604909,0.0013203821350662
abrupt,S_pretrained,late,predictionMeasuredRMS,40,40,40,0.0690338751896423,0.0684004474099797,0.069502999045562,0.00110255163558236
abrupt,S_pretrained,late,parameterScaledRMSPercent,40,40,40,8.69906984038227,8.61030945024162,8.8021320285514,0.191822578309777
abrupt,S_pretrained,late,parameterFinalScaledPercent,40,40,40,8.69906984038227,8.61030945024162,8.8021320285514,0.191822578309779
abrupt,K,late,trackingRMS,40,40,40,0.0229880795237493,0.0224963094082639,0.0236225822822434,0.00112627287397953
abrupt,K,late,inputRMS,40,40,40,0.490947127556347,0.490546593557626,0.49125970099412,0.000713107436493554
abrupt,K,late,meanAbsoluteIncrement,40,40,40,0.0189977591256806,0.0182961036492036,0.0198137590392657,0.00151765539006214
abrupt,K,late,peakTrackingError,40,40,40,0.208101342235821,0.203630342868563,0.212122575238611,0.00849223237004845
abrupt,K,late,totalInputVariation,40,40,40,1.89977591256806,1.82961036492036,1.98137590392657,0.151765539006213
abrupt,K,late,predictionTrueRMS,40,40,40,0.00875046838427184,0.00837798150420096,0.0090481381520322,0.000670156647831238
abrupt,K,late,predictionMeasuredRMS,40,40,40,0.0134509861321012,0.0125450248605314,0.0143675728352552,0.00182254797472387
abrupt,K,late,parameterScaledRMSPercent,40,40,0,NaN,NaN,NaN,NaN
abrupt,K,late,parameterFinalScaledPercent,40,40,0,NaN,NaN,NaN,NaN
