scenario,window,firstCase,secondCase,contrast,metric,attemptedPairs,completePairs,finitePairs,medianDifference,lower95,upper95,bootstrapResamples
abrupt,whole,S_none,S_fixed,S_none - S_fixed,trackingRMS,40,40,40,0.0143283451741998,0.0140526773387576,0.0146304050130036,2000
abrupt,whole,S_none,S_fixed,S_none - S_fixed,inputRMS,40,40,40,-0.0357229668873472,-0.0358801236710628,-0.0356030131247601,2000
abrupt,whole,S_none,S_fixed,S_none - S_fixed,meanAbsoluteIncrement,40,40,40,-0.00215617232242989,-0.00227191021648901,-0.00196103640703741,2000
abrupt,whole,S_none,S_fixed,S_none - S_fixed,peakTrackingError,40,40,40,-0.202946434448714,-0.212032805468305,-0.196214396854493,2000
abrupt,whole,S_none,S_fixed,S_none - S_fixed,totalInputVariation,40,40,40,-2.58525061459344,-2.72402034957032,-2.35128265203786,2000
abrupt,whole,S_none,S_fixed,S_none - S_fixed,predictionTrueRMS,40,40,40,0.0176144231282547,0.0175265720292739,0.0177023728239285,2000
abrupt,whole,S_none,S_fixed,S_none - S_fixed,predictionMeasuredRMS,40,40,40,0.0160372629857721,0.0159634128920845,0.0161081638038538,2000
abrupt,whole,S_none,S_fixed,S_none - S_fixed,parameterScaledRMSPercent,40,40,40,-2.09007570244006,-2.16257842571224,-2.05171842712956,2000
abrupt,whole,S_none,S_fixed,S_none - S_fixed,parameterFinalScaledPercent,40,40,40,2.60347088525416,2.43848603923277,3.21182057138237,2000
abrupt,whole,S_none,S_vrf,S_none - S_vrf,trackingRMS,40,40,40,0.0168656367922488,0.0167896475680404,0.0169293204496094,2000
abrupt,whole,S_none,S_vrf,S_none - S_vrf,inputRMS,40,40,40,-0.0334240457538702,-0.0335385808651495,-0.0332580508809174,2000
abrupt,whole,S_none,S_vrf,S_none - S_vrf,meanAbsoluteIncrement,40,40,40,-0.000568724942968623,-0.000597691165474652,-0.000503896087460556,2000
abrupt,whole,S_none,S_vrf,S_none - S_vrf,peakTrackingError,40,40,40,0,0,0,2000
abrupt,whole,S_none,S_vrf,S_none - S_vrf,totalInputVariation,40,40,40,-0.681901206619379,-0.712118108450518,-0.604171408865207,2000
abrupt,whole,S_none,S_vrf,S_none - S_vrf,predictionTrueRMS,40,40,40,0.0136603415179338,0.0135713312339366,0.0137017090133073,2000
abrupt,whole,S_none,S_vrf,S_none - S_vrf,predictionMeasuredRMS,40,40,40,0.0126230392150894,0.0125837545235693,0.0126719571518684,2000
abrupt,whole,S_none,S_vrf,S_none - S_vrf,parameterScaledRMSPercent,40,40,40,0.771318662414428,0.684281906266273,0.831381994235588,2000
abrupt,whole,S_none,S_vrf,S_none - S_vrf,parameterFinalScaledPercent,40,40,40,3.16322539282662,3.05926184814183,3.30948783296104,2000
abrupt,whole,S_none,S_pretrained,S_none - S_pretrained,trackingRMS,40,40,40,-0.0179774215893038,-0.0182655124937099,-0.0176664888981361,2000
abrupt,whole,S_none,S_pretrained,S_none - S_pretrained,inputRMS,40,40,40,0.0190421272167687,0.0187304859456155,0.0198283866198933,2000
abrupt,whole,S_none,S_pretrained,S_none - S_pretrained,meanAbsoluteIncrement,40,40,40,0.00272087548570318,0.00269995306786874,0.0027793639892173,2000
abrupt,whole,S_none,S_pretrained,S_none - S_pretrained,peakTrackingError,40,40,40,-0.00137766267334472,-0.00184361746214318,-0.000627039447013478,2000
abrupt,whole,S_none,S_pretrained,S_none - S_pretrained,totalInputVariation,40,40,40,3.26232970735811,3.23727481660734,3.3316456683765,2000
abrupt,whole,S_none,S_pretrained,S_none - S_pretrained,predictionTrueRMS,40,40,40,-0.0146116011955821,-0.0148493841638488,-0.0144869715275544,2000
abrupt,whole,S_none,S_pretrained,S_none - S_pretrained,predictionMeasuredRMS,40,40,40,-0.0141860454516667,-0.0143756366567828,-0.0140186425432521,2000
abrupt,whole,S_none,S_pretrained,S_none - S_pretrained,parameterScaledRMSPercent,40,40,40,-2.63862876241913,-2.72111476964023,-2.60584235461213,2000
abrupt,whole,S_none,S_pretrained,S_none - S_pretrained,parameterFinalScaledPercent,40,40,40,-3.21201889339642,-3.36101559026725,-3.12343269147602,2000
abrupt,whole,S_none,K,S_none - K,trackingRMS,40,40,40,0.0262896477189617,0.0262262563701772,0.0263620819700906,2000
abrupt,whole,S_none,K,S_none - K,inputRMS,40,40,40,-0.0476890772971956,-0.0478627413239598,-0.0474952106957948,2000
abrupt,whole,S_none,K,S_none - K,meanAbsoluteIncrement,40,40,40,0.000984786311662414,0.000962954287118623,0.00101980473396861,2000
abrupt,whole,S_none,K,S_none - K,peakTrackingError,40,40,40,-0.0014741629591471,-0.00269197848491187,-0.000722145826308584,2000
abrupt,whole,S_none,K,S_none - K,totalInputVariation,40,40,40,1.18075878768324,1.15795561780894,1.22274587602836,2000
abrupt,whole,S_none,K,S_none - K,predictionTrueRMS,40,40,40,0.0243088253307681,0.0242026277439308,0.0244121234610197,2000
abrupt,whole,S_none,K,S_none - K,predictionMeasuredRMS,40,40,40,0.021102694265074,0.0209458458993982,0.0211641568090219,2000
abrupt,whole,S_none,K,S_none - K,parameterScaledRMSPercent,40,40,0,NaN,NaN,NaN,2000
abrupt,whole,S_none,K,S_none - K,parameterFinalScaledPercent,40,40,0,NaN,NaN,NaN,2000
abrupt,whole,S_fixed,S_vrf,S_fixed - S_vrf,trackingRMS,40,40,40,0.00257910450707948,0.00239675056122794,0.00276507123640891,2000
abrupt,whole,S_fixed,S_vrf,S_fixed - S_vrf,inputRMS,40,40,40,0.00232093111859763,0.00218521125951684,0.00263488830255765,2000
abrupt,whole,S_fixed,S_vrf,S_fixed - S_vrf,meanAbsoluteIncrement,40,40,40,0.00162957571058902,0.00146393848364334,0.00171978791326883,2000
abrupt,whole,S_fixed,S_vrf,S_fixed - S_vrf,peakTrackingError,40,40,40,0.202946434448714,0.196214396854493,0.212032805468305,2000
abrupt,whole,S_fixed,S_vrf,S_fixed - S_vrf,totalInputVariation,40,40,40,1.95386127699623,1.75526224188836,2.05823889366052,2000
abrupt,whole,S_fixed,S_vrf,S_fixed - S_vrf,predictionTrueRMS,40,40,40,-0.00399351068340786,-0.00402840263233535,-0.00393708687494691,2000
abrupt,whole,S_fixed,S_vrf,S_fixed - S_vrf,predictionMeasuredRMS,40,40,40,-0.00344608509951666,-0.00347699863192776,-0.00338394085622318,2000
abrupt,whole,S_fixed,S_vrf,S_fixed - S_vrf,parameterScaledRMSPercent,40,40,40,2.87132659558379,2.82586271006078,2.93071224261824,2000
abrupt,whole,S_fixed,S_vrf,S_fixed - S_vrf,parameterFinalScaledPercent,40,40,40,0.525936435230236,0.035680273846971,0.763090991050781,2000
abrupt,whole,S_fixed,S_pretrained,S_fixed - S_pretrained,trackingRMS,40,40,40,-0.0323301755786796,-0.0326524148090469,-0.0319309418990733,2000
abrupt,whole,S_fixed,S_pretrained,S_fixed - S_pretrained,inputRMS,40,40,40,0.0552116242376252,0.0542701563657987,0.0556012600048479,2000
abrupt,whole,S_fixed,S_pretrained,S_fixed - S_pretrained,meanAbsoluteIncrement,40,40,40,0.0048655797289897,0.00469608383094678,0.00501490392124867,2000
abrupt,whole,S_fixed,S_pretrained,S_fixed - S_pretrained,peakTrackingError,40,40,40,0.200701631174795,0.195156389450512,0.209138687012485,2000
abrupt,whole,S_fixed,S_pretrained,S_fixed - S_pretrained,totalInputVariation,40,40,40,5.83383009505865,5.6215239292511,6.01286980157715,2000
abrupt,whole,S_fixed,S_pretrained,S_fixed - S_pretrained,predictionTrueRMS,40,40,40,-0.0322882266193241,-0.0323920925006302,-0.0321151163910439,2000
abrupt,whole,S_fixed,S_pretrained,S_fixed - S_pretrained,predictionMeasuredRMS,40,40,40,-0.030308687860095,-0.030408175596549,-0.0299040489021986,2000
abrupt,whole,S_fixed,S_pretrained,S_fixed - S_pretrained,parameterScaledRMSPercent,40,40,40,-0.565461271870187,-0.633240406884166,-0.476033057297659,2000
abrupt,whole,S_fixed,S_pretrained,S_fixed - S_pretrained,parameterFinalScaledPercent,40,40,40,-5.85939111843761,-6.42679796366093,-5.74024375955521,2000
abrupt,whole,S_fixed,K,S_fixed - K,trackingRMS,40,40,40,0.0120649648828227,0.0117533964779797,0.0121863977551246,2000
abrupt,whole,S_fixed,K,S_fixed - K,inputRMS,40,40,40,-0.012020648258227,-0.0122329282160341,-0.011817460474515,2000
abrupt,whole,S_fixed,K,S_fixed - K,meanAbsoluteIncrement,40,40,40,0.00311526535565376,0.00300900733777758,0.00328963694652127,2000
abrupt,whole,S_fixed,K,S_fixed - K,peakTrackingError,40,40,40,0.200084588717162,0.19464206817258,0.20913206121504,2000
abrupt,whole,S_fixed,K,S_fixed - K,totalInputVariation,40,40,40,3.73520316142885,3.60779979799532,3.94406916335154,2000
abrupt,whole,S_fixed,K,S_fixed - K,predictionTrueRMS,40,40,40,0.00671929208388656,0.00665272707602325,0.00679636409569418,2000
abrupt,whole,S_fixed,K,S_fixed - K,predictionMeasuredRMS,40,40,40,0.00506116343867492,0.00500342579467642,0.00511518223026301,2000
abrupt,whole,S_fixed,K,S_fixed - K,parameterScaledRMSPercent,40,40,0,NaN,NaN,NaN,2000
abrupt,whole,S_fixed,K,S_fixed - K,parameterFinalScaledPercent,40,40,0,NaN,NaN,NaN,2000
abrupt,whole,S_vrf,S_pretrained,S_vrf - S_pretrained,trackingRMS,40,40,40,-0.0349373697568193,-0.0351747905037454,-0.034609369331512,2000
abrupt,whole,S_vrf,S_pretrained,S_vrf - S_pretrained,inputRMS,40,40,40,0.0529331228609845,0.0520445205293248,0.0532935510822325,2000
abrupt,whole,S_vrf,S_pretrained,S_vrf - S_pretrained,meanAbsoluteIncrement,40,40,40,0.00329754477619793,0.00322663872051109,0.00332091219305287,2000
abrupt,whole,S_vrf,S_pretrained,S_vrf - S_pretrained,peakTrackingError,40,40,40,-0.00137766267334472,-0.00184361746214318,-0.000652870595875266,2000
abrupt,whole,S_vrf,S_pretrained,S_vrf - S_pretrained,totalInputVariation,40,40,40,3.95375618666132,3.86726665650681,3.98177371947039,2000
abrupt,whole,S_vrf,S_pretrained,S_vrf - S_pretrained,predictionTrueRMS,40,40,40,-0.0283012627629087,-0.0284389840603064,-0.0281944114931144,2000
abrupt,whole,S_vrf,S_pretrained,S_vrf - S_pretrained,predictionMeasuredRMS,40,40,40,-0.0268885082576659,-0.027034545286863,-0.0266131636065715,2000
abrupt,whole,S_vrf,S_pretrained,S_vrf - S_pretrained,parameterScaledRMSPercent,40,40,40,-3.4071618917409,-3.46124263917445,-3.32062148025448,2000
abrupt,whole,S_vrf,S_pretrained,S_vrf - S_pretrained,parameterFinalScaledPercent,40,40,40,-6.39950565254699,-6.52283951366171,-6.26896024025887,2000
abrupt,whole,S_vrf,K,S_vrf - K,trackingRMS,40,40,40,0.00943116606888564,0.00938601350073981,0.00949726540900056,2000
abrupt,whole,S_vrf,K,S_vrf - K,inputRMS,40,40,40,-0.0144591182921457,-0.0146787423464952,-0.0140227683719494,2000
abrupt,whole,S_vrf,K,S_vrf - K,meanAbsoluteIncrement,40,40,40,0.00153276159697434,0.0014999985939265,0.00156257574555829,2000
abrupt,whole,S_vrf,K,S_vrf - K,peakTrackingError,40,40,40,-0.0014741629591471,-0.00269197848491187,-0.000729770544030561,2000
abrupt,whole,S_vrf,K,S_vrf - K,totalInputVariation,40,40,40,1.83778115477223,1.79849831411787,1.87441897017953,2000
abrupt,whole,S_vrf,K,S_vrf - K,predictionTrueRMS,40,40,40,0.0107035129047477,0.010612706261683,0.0108153492415796,2000
abrupt,whole,S_vrf,K,S_vrf - K,predictionMeasuredRMS,40,40,40,0.0084491674951371,0.00840212994862152,0.0085084858237094,2000
abrupt,whole,S_vrf,K,S_vrf - K,parameterScaledRMSPercent,40,40,0,NaN,NaN,NaN,2000
abrupt,whole,S_vrf,K,S_vrf - K,parameterFinalScaledPercent,40,40,0,NaN,NaN,NaN,2000
abrupt,whole,S_pretrained,K,S_pretrained - K,trackingRMS,40,40,40,0.0443089576162367,0.0439430372059896,0.0446770770660874,2000
abrupt,whole,S_pretrained,K,S_pretrained - K,inputRMS,40,40,40,-0.0667964111293826,-0.0678476221010837,-0.0662716337911548,2000
abrupt,whole,S_pretrained,K,S_pretrained - K,meanAbsoluteIncrement,40,40,40,-0.00174600245813448,-0.00177220939418998,-0.00171806041664896,2000
abrupt,whole,S_pretrained,K,S_pretrained - K,peakTrackingError,40,40,40,-2.58416287536867e-05,-0.00144428014509024,0.000261489281073723,2000
abrupt,whole,S_pretrained,K,S_pretrained - K,totalInputVariation,40,40,40,-2.09345694730324,-2.12487906363379,-2.06102616128317,2000
abrupt,whole,S_pretrained,K,S_pretrained - K,predictionTrueRMS,40,40,40,0.0390098144118283,0.0387148792715841,0.0391826495428486,2000
abrupt,whole,S_pretrained,K,S_pretrained - K,predictionMeasuredRMS,40,40,40,0.0353026625496452,0.0350244799633006,0.0355070367727495,2000
abrupt,whole,S_pretrained,K,S_pretrained - K,parameterScaledRMSPercent,40,40,0,NaN,NaN,NaN,2000
abrupt,whole,S_pretrained,K,S_pretrained - K,parameterFinalScaledPercent,40,40,0,NaN,NaN,NaN,2000
abrupt,pre,S_none,S_fixed,S_none - S_fixed,trackingRMS,40,40,40,0.00176365734233012,0.0015547237766272,0.00205313404014758,2000
abrupt,pre,S_none,S_fixed,S_none - S_fixed,inputRMS,40,40,40,0.000464185441882425,0.000151319046988896,0.000644350435764662,2000
abrupt,pre,S_none,S_fixed,S_none - S_fixed,meanAbsoluteIncrement,40,40,40,0.000276171387293444,0.000224931911714998,0.00033417828065622,2000
abrupt,pre,S_none,S_fixed,S_none - S_fixed,peakTrackingError,40,40,40,0.0123036993962211,0.0102278147266734,0.0135672081396599,2000
abrupt,pre,S_none,S_fixed,S_none - S_fixed,totalInputVariation,40,40,40,0.0276171387293445,0.0224587249190321,0.0332978895057895,2000
abrupt,pre,S_none,S_fixed,S_none - S_fixed,predictionTrueRMS,40,40,40,-0.000146956313029373,-0.000205060341487019,-0.000101811247618364,2000
abrupt,pre,S_none,S_fixed,S_none - S_fixed,predictionMeasuredRMS,40,40,40,-9.26904454730329e-05,-0.000121682819814006,-7.97676369820857e-05,2000
abrupt,pre,S_none,S_fixed,S_none - S_fixed,parameterScaledRMSPercent,40,40,40,-0.52418780805762,-0.57602525354212,-0.442208993788205,2000
abrupt,pre,S_none,S_fixed,S_none - S_fixed,parameterFinalScaledPercent,40,40,40,-0.350128434064698,-0.450269498158599,-0.0788571180552411,2000
abrupt,pre,S_none,S_vrf,S_none - S_vrf,trackingRMS,40,40,40,0,0,0,2000
abrupt,pre,S_none,S_vrf,S_none - S_vrf,inputRMS,40,40,40,0,0,0,2000
abrupt,pre,S_none,S_vrf,S_none - S_vrf,meanAbsoluteIncrement,40,40,40,0,0,0,2000
abrupt,pre,S_none,S_vrf,S_none - S_vrf,peakTrackingError,40,40,40,0,0,0,2000
abrupt,pre,S_none,S_vrf,S_none - S_vrf,totalInputVariation,40,40,40,0,0,0,2000
abrupt,pre,S_none,S_vrf,S_none - S_vrf,predictionTrueRMS,40,40,40,0,0,0,2000
abrupt,pre,S_none,S_vrf,S_none - S_vrf,predictionMeasuredRMS,40,40,40,0,0,0,2000
abrupt,pre,S_none,S_vrf,S_none - S_vrf,parameterScaledRMSPercent,40,40,40,0,0,0,2000
abrupt,pre,S_none,S_vrf,S_none - S_vrf,parameterFinalScaledPercent,40,40,40,0,0,0,2000
abrupt,pre,S_none,S_pretrained,S_none - S_pretrained,trackingRMS,40,40,40,-0.000256676030504804,-0.000325100379295569,-0.000196778593751702,2000
abrupt,pre,S_none,S_pretrained,S_none - S_pretrained,inputRMS,40,40,40,-0.000716549403603439,-0.00160789418540458,0.00054904751201601,2000
abrupt,pre,S_none,S_pretrained,S_none - S_pretrained,meanAbsoluteIncrement,40,40,40,8.11367427604043e-05,6.1744221356368e-05,0.000101497765912253,2000
abrupt,pre,S_none,S_pretrained,S_none - S_pretrained,peakTrackingError,40,40,40,-0.00172586667179231,-0.00207741253234489,-0.00115959587104347,2000
abrupt,pre,S_none,S_pretrained,S_none - S_pretrained,totalInputVariation,40,40,40,0.00811367427604037,0.00626585467204599,0.0101497765912253,2000
abrupt,pre,S_none,S_pretrained,S_none - S_pretrained,predictionTrueRMS,40,40,40,-6.0172418984377e-05,-8.22979675536798e-05,-2.11064649366686e-05,2000
abrupt,pre,S_none,S_pretrained,S_none - S_pretrained,predictionMeasuredRMS,40,40,40,-2.45631573491407e-05,-5.66578571395398e-05,4.16452266528006e-06,2000
abrupt,pre,S_none,S_pretrained,S_none - S_pretrained,parameterScaledRMSPercent,40,40,40,0.036713147696974,-0.0350503164519155,0.0755500948423782,2000
abrupt,pre,S_none,S_pretrained,S_none - S_pretrained,parameterFinalScaledPercent,40,40,40,0.0425585537099092,-0.0265191728423643,0.0859234355962967,2000
abrupt,pre,S_none,K,S_none - K,trackingRMS,40,40,40,-0.000267880542746353,-0.000549447857177116,-0.000141385572286407,2000
abrupt,pre,S_none,K,S_none - K,inputRMS,40,40,40,0.000369218106111679,6.05109968837558e-06,0.000682678566555683,2000
abrupt,pre,S_none,K,S_none - K,meanAbsoluteIncrement,40,40,40,5.78233833416694e-05,3.82851187870348e-07,0.000109898750977012,2000
abrupt,pre,S_none,K,S_none - K,peakTrackingError,40,40,40,-0.00181716907152307,-0.003617419412829,-0.00113166036972956,2000
abrupt,pre,S_none,K,S_none - K,totalInputVariation,40,40,40,0.00578233833416708,-0.000269871075394335,0.0109898750977011,2000
abrupt,pre,S_none,K,S_none - K,predictionTrueRMS,40,40,40,4.40392577217633e-05,2.6464083936791e-05,5.37512522272533e-05,2000
abrupt,pre,S_none,K,S_none - K,predictionMeasuredRMS,40,40,40,3.13158865940123e-05,1.75364477258055e-05,3.99366417362743e-05,2000
abrupt,pre,S_none,K,S_none - K,parameterScaledRMSPercent,40,40,0,NaN,NaN,NaN,2000
abrupt,pre,S_none,K,S_none - K,parameterFinalScaledPercent,40,40,0,NaN,NaN,NaN,2000
abrupt,pre,S_fixed,S_vrf,S_fixed - S_vrf,trackingRMS,40,40,40,-0.00176365734233012,-0.00205313404014758,-0.0015547237766272,2000
abrupt,pre,S_fixed,S_vrf,S_fixed - S_vrf,inputRMS,40,40,40,-0.000464185441882425,-0.000644350435764662,-0.000185317546208053,2000
abrupt,pre,S_fixed,S_vrf,S_fixed - S_vrf,meanAbsoluteIncrement,40,40,40,-0.000276171387293444,-0.00033417828065622,-0.000224931911714998,2000
abrupt,pre,S_fixed,S_vrf,S_fixed - S_vrf,peakTrackingError,40,40,40,-0.0123036993962211,-0.0135751196345529,-0.0101460084078456,2000
abrupt,pre,S_fixed,S_vrf,S_fixed - S_vrf,totalInputVariation,40,40,40,-0.0276171387293445,-0.0334178280656221,-0.0224587249190321,2000
abrupt,pre,S_fixed,S_vrf,S_fixed - S_vrf,predictionTrueRMS,40,40,40,0.000146956313029373,0.000100899288238978,0.000205091402031561,2000
abrupt,pre,S_fixed,S_vrf,S_fixed - S_vrf,predictionMeasuredRMS,40,40,40,9.26904454730329e-05,8.04997212303961e-05,0.000121682819814006,2000
abrupt,pre,S_fixed,S_vrf,S_fixed - S_vrf,parameterScaledRMSPercent,40,40,40,0.52418780805762,0.442171436724115,0.57602525354212,2000
abrupt,pre,S_fixed,S_vrf,S_fixed - S_vrf,parameterFinalScaledPercent,40,40,40,0.350128434064698,0.0788571180552411,0.449190117991338,2000
abrupt,pre,S_fixed,S_pretrained,S_fixed - S_pretrained,trackingRMS,40,40,40,-0.00200536894141059,-0.00234193459485295,-0.00174467124875558,2000
abrupt,pre,S_fixed,S_pretrained,S_fixed - S_pretrained,inputRMS,40,40,40,-0.00117622442507292,-0.00240698855998551,0.000345029570109123,2000
abrupt,pre,S_fixed,S_pretrained,S_fixed - S_pretrained,meanAbsoluteIncrement,40,40,40,-0.00017801122047933,-0.000267917472654363,-0.000130740848759723,2000
abrupt,pre,S_fixed,S_pretrained,S_fixed - S_pretrained,peakTrackingError,40,40,40,-0.0134459562682391,-0.0161089147050408,-0.0117776471767031,2000
abrupt,pre,S_fixed,S_pretrained,S_fixed - S_pretrained,totalInputVariation,40,40,40,-0.0178011220479328,-0.0267917472654362,-0.0130137133441615,2000
abrupt,pre,S_fixed,S_pretrained,S_fixed - S_pretrained,predictionTrueRMS,40,40,40,9.30886991224998e-05,3.48997343311845e-05,0.000120845775854875,2000
abrupt,pre,S_fixed,S_pretrained,S_fixed - S_pretrained,predictionMeasuredRMS,40,40,40,8.96661436020881e-05,5.12851269639921e-05,0.000103966042964272,2000
abrupt,pre,S_fixed,S_pretrained,S_fixed - S_pretrained,parameterScaledRMSPercent,40,40,40,0.523515541355866,0.430411164858337,0.627666208725312,2000
abrupt,pre,S_fixed,S_pretrained,S_fixed - S_pretrained,parameterFinalScaledPercent,40,40,40,0.303342945309641,0.135916865054709,0.488355346679236,2000
abrupt,pre,S_fixed,K,S_fixed - K,trackingRMS,40,40,40,-0.00217329394521101,-0.00234099028807772,-0.00197181050348032,2000
abrupt,pre,S_fixed,K,S_fixed - K,inputRMS,40,40,40,-1.99297263552833e-05,-0.000364545352171231,0.00025236254927663,2000
abrupt,pre,S_fixed,K,S_fixed - K,meanAbsoluteIncrement,40,40,40,-0.000232426759131491,-0.000304815286896784,-0.000158859218371313,2000
abrupt,pre,S_fixed,K,S_fixed - K,peakTrackingError,40,40,40,-0.0151476784601813,-0.01607227680521,-0.0136786435157562,2000
abrupt,pre,S_fixed,K,S_fixed - K,totalInputVariation,40,40,40,-0.023242675913149,-0.0304815286896785,-0.0158859218371314,2000
abrupt,pre,S_fixed,K,S_fixed - K,predictionTrueRMS,40,40,40,0.000200666714151894,0.000157119369119455,0.000263556881161978,2000
abrupt,pre,S_fixed,K,S_fixed - K,predictionMeasuredRMS,40,40,40,0.000120182801564921,9.65080404379962e-05,0.000153677434740747,2000
abrupt,pre,S_fixed,K,S_fixed - K,parameterScaledRMSPercent,40,40,0,NaN,NaN,NaN,2000
abrupt,pre,S_fixed,K,S_fixed - K,parameterFinalScaledPercent,40,40,0,NaN,NaN,NaN,2000
abrupt,pre,S_vrf,S_pretrained,S_vrf - S_pretrained,trackingRMS,40,40,40,-0.000256676030504804,-0.000318990366624472,-0.000202437224726844,2000
abrupt,pre,S_vrf,S_pretrained,S_vrf - S_pretrained,inputRMS,40,40,40,-0.000716549403603439,-0.00160789418540458,0.000592427484829128,2000
abrupt,pre,S_vrf,S_pretrained,S_vrf - S_pretrained,meanAbsoluteIncrement,40,40,40,8.11367427604043e-05,6.1744221356368e-05,0.000101497765912253,2000
abrupt,pre,S_vrf,S_pretrained,S_vrf - S_pretrained,peakTrackingError,40,40,40,-0.00172586667179231,-0.00205316965207381,-0.00115959587104347,2000
abrupt,pre,S_vrf,S_pretrained,S_vrf - S_pretrained,totalInputVariation,40,40,40,0.00811367427604037,0.00617442213563679,0.0101313313663125,2000
abrupt,pre,S_vrf,S_pretrained,S_vrf - S_pretrained,predictionTrueRMS,40,40,40,-6.0172418984377e-05,-8.22979675536798e-05,-2.11153028786952e-05,2000
abrupt,pre,S_vrf,S_pretrained,S_vrf - S_pretrained,predictionMeasuredRMS,40,40,40,-2.45631573491407e-05,-5.57497558489242e-05,4.16452266528006e-06,2000
abrupt,pre,S_vrf,S_pretrained,S_vrf - S_pretrained,parameterScaledRMSPercent,40,40,40,0.036713147696974,-0.0350503164519155,0.0755500948423782,2000
abrupt,pre,S_vrf,S_pretrained,S_vrf - S_pretrained,parameterFinalScaledPercent,40,40,40,0.0425585537099092,-0.0265191728423643,0.0859234355962967,2000
abrupt,pre,S_vrf,K,S_vrf - K,trackingRMS,40,40,40,-0.000267880542746353,-0.000549447857177116,-0.000144452753022939,2000
abrupt,pre,S_vrf,K,S_vrf - K,inputRMS,40,40,40,0.000369218106111679,4.35992621680148e-05,0.000682678566555683,2000
abrupt,pre,S_vrf,K,S_vrf - K,meanAbsoluteIncrement,40,40,40,5.78233833416694e-05,3.82851187870348e-07,0.000109898750977012,2000
abrupt,pre,S_vrf,K,S_vrf - K,peakTrackingError,40,40,40,-0.00181716907152307,-0.00367269988963387,-0.00111010905873316,2000
abrupt,pre,S_vrf,K,S_vrf - K,totalInputVariation,40,40,40,0.00578233833416708,3.8285118786785e-05,0.0109898750977011,2000
abrupt,pre,S_vrf,K,S_vrf - K,predictionTrueRMS,40,40,40,4.40392577217633e-05,2.6464083936791e-05,5.37512522272533e-05,2000
abrupt,pre,S_vrf,K,S_vrf - K,predictionMeasuredRMS,40,40,40,3.13158865940123e-05,1.75364477258055e-05,3.99369394074396e-05,2000
abrupt,pre,S_vrf,K,S_vrf - K,parameterScaledRMSPercent,40,40,0,NaN,NaN,NaN,2000
abrupt,pre,S_vrf,K,S_vrf - K,parameterFinalScaledPercent,40,40,0,NaN,NaN,NaN,2000
abrupt,pre,S_pretrained,K,S_pretrained - K,trackingRMS,40,40,40,-0.000113331239895265,-0.000292667851609578,8.149924837169e-05,2000
abrupt,pre,S_pretrained,K,S_pretrained - K,inputRMS,40,40,40,0.00109763614995084,-0.000324284739962488,0.0022037150205616,2000
abrupt,pre,S_pretrained,K,S_pretrained - K,meanAbsoluteIncrement,40,40,40,-2.34209342479825e-05,-7.40719687813193e-05,3.00844467751062e-06,2000
abrupt,pre,S_pretrained,K,S_pretrained - K,peakTrackingError,40,40,40,-0.000804304254858945,-0.00204403542928905,0.000234141361995843,2000
abrupt,pre,S_pretrained,K,S_pretrained - K,totalInputVariation,40,40,40,-0.00234209342479819,-0.00723499005415906,0.000300844467751027,2000
abrupt,pre,S_pretrained,K,S_pretrained - K,predictionTrueRMS,40,40,40,0.000100912661054253,6.56059958571388e-05,0.000161751587208659,2000
abrupt,pre,S_pretrained,K,S_pretrained - K,predictionMeasuredRMS,40,40,40,4.94037764650875e-05,1.71358972264335e-05,8.73219452966235e-05,2000
abrupt,pre,S_pretrained,K,S_pretrained - K,parameterScaledRMSPercent,40,40,0,NaN,NaN,NaN,2000
abrupt,pre,S_pretrained,K,S_pretrained - K,parameterFinalScaledPercent,40,40,0,NaN,NaN,NaN,2000
abrupt,event,S_none,S_fixed,S_none - S_fixed,trackingRMS,40,40,40,0.00664226605854344,0.00525127336755134,0.00772182079493985,2000
abrupt,event,S_none,S_fixed,S_none - S_fixed,inputRMS,40,40,40,-0.0584642939713375,-0.0595737010668324,-0.0574560607331454,2000
abrupt,event,S_none,S_fixed,S_none - S_fixed,meanAbsoluteIncrement,40,40,40,-0.0182737516444572,-0.0195649258847779,-0.0172701111072154,2000
abrupt,event,S_none,S_fixed,S_none - S_fixed,peakTrackingError,40,40,40,-0.334418469700373,-0.339549260072951,-0.327400235392469,2000
abrupt,event,S_none,S_fixed,S_none - S_fixed,totalInputVariation,40,40,40,-1.82737516444572,-1.95647899188489,-1.72701111072154,2000
abrupt,event,S_none,S_fixed,S_none - S_fixed,predictionTrueRMS,40,40,40,0.0352813436812944,0.0349990908721826,0.0354346744181656,2000
abrupt,event,S_none,S_fixed,S_none - S_fixed,predictionMeasuredRMS,40,40,40,0.0345742882125856,0.034177612259512,0.0348140811345898,2000
abrupt,event,S_none,S_fixed,S_none - S_fixed,parameterScaledRMSPercent,40,40,40,-8.3366627878898,-8.39742366168565,-8.17479267181329,2000
abrupt,event,S_none,S_fixed,S_none - S_fixed,parameterFinalScaledPercent,40,40,40,-6.94607255080214,-7.16545326782232,-6.79414038869206,2000
abrupt,event,S_none,S_vrf,S_none - S_vrf,trackingRMS,40,40,40,0.0241740761259274,0.023894408376592,0.0244216288785189,2000
abrupt,event,S_none,S_vrf,S_none - S_vrf,inputRMS,40,40,40,-0.0368506204745282,-0.0372406692950338,-0.0366813318963315,2000
abrupt,event,S_none,S_vrf,S_none - S_vrf,meanAbsoluteIncrement,40,40,40,-0.00604623759427722,-0.00629774604461593,-0.0058794951661229,2000
abrupt,event,S_none,S_vrf,S_none - S_vrf,peakTrackingError,40,40,40,-0.068390460774644,-0.0709398870543159,-0.0659282142371832,2000
abrupt,event,S_none,S_vrf,S_none - S_vrf,totalInputVariation,40,40,40,-0.604623759427722,-0.629774604461593,-0.58794951661229,2000
abrupt,event,S_none,S_vrf,S_none - S_vrf,predictionTrueRMS,40,40,40,0.0179405272587592,0.0178941190682553,0.0181603530427238,2000
abrupt,event,S_none,S_vrf,S_none - S_vrf,predictionMeasuredRMS,40,40,40,0.0178242974910348,0.0176978526927948,0.0178994352462575,2000
abrupt,event,S_none,S_vrf,S_none - S_vrf,parameterScaledRMSPercent,40,40,40,-0.0958768620596553,-0.129062426472949,-0.0231913568168309,2000
abrupt,event,S_none,S_vrf,S_none - S_vrf,parameterFinalScaledPercent,40,40,40,-0.945066954036969,-1.10827472760073,-0.880671430591047,2000
abrupt,event,S_none,S_pretrained,S_none - S_pretrained,trackingRMS,40,40,40,-0.0182271140160713,-0.0189226217570888,-0.0176275936194977,2000
abrupt,event,S_none,S_pretrained,S_none - S_pretrained,inputRMS,40,40,40,0.0176757510843483,0.0171900470495235,0.018377905575705,2000
abrupt,event,S_none,S_pretrained,S_none - S_pretrained,meanAbsoluteIncrement,40,40,40,0.00115110872394725,0.000989241885476515,0.00120945176924716,2000
abrupt,event,S_none,S_pretrained,S_none - S_pretrained,peakTrackingError,40,40,40,0.0177732772496409,0.0170736977061119,0.0187253634906456,2000
abrupt,event,S_none,S_pretrained,S_none - S_pretrained,totalInputVariation,40,40,40,0.115110872394725,0.0992920818220329,0.120926604351514,2000
abrupt,event,S_none,S_pretrained,S_none - S_pretrained,predictionTrueRMS,40,40,40,-0.0132224986199877,-0.0134552197428268,-0.0128317956491434,2000
abrupt,event,S_none,S_pretrained,S_none - S_pretrained,predictionMeasuredRMS,40,40,40,-0.0130521037348674,-0.0133237498574879,-0.0126731578696553,2000
abrupt,event,S_none,S_pretrained,S_none - S_pretrained,parameterScaledRMSPercent,40,40,40,-2.1440990079597,-2.16666453636727,-2.10931041818135,2000
abrupt,event,S_none,S_pretrained,S_none - S_pretrained,parameterFinalScaledPercent,40,40,40,-3.82089510592284,-3.84770663643874,-3.74853004198695,2000
abrupt,event,S_none,K,S_none - K,trackingRMS,40,40,40,0.0972488573983067,0.0968455044892196,0.097881209416831,2000
abrupt,event,S_none,K,S_none - K,inputRMS,40,40,40,-0.108143741755118,-0.10827355442282,-0.107914409380213,2000
abrupt,event,S_none,K,S_none - K,meanAbsoluteIncrement,40,40,40,-0.00341130399500912,-0.00363781081905817,-0.00329148814405268,2000
abrupt,event,S_none,K,S_none - K,peakTrackingError,40,40,40,0.0551163256859503,0.0542717572721111,0.0557500268480295,2000
abrupt,event,S_none,K,S_none - K,totalInputVariation,40,40,40,-0.341130399500912,-0.363781081905817,-0.329149107132129,2000
abrupt,event,S_none,K,S_none - K,predictionTrueRMS,40,40,40,0.0653437200974273,0.0650558445675633,0.0656278640836284,2000
abrupt,event,S_none,K,S_none - K,predictionMeasuredRMS,40,40,40,0.061610582771896,0.0614912255357049,0.0618506723286085,2000
abrupt,event,S_none,K,S_none - K,parameterScaledRMSPercent,40,40,0,NaN,NaN,NaN,2000
abrupt,event,S_none,K,S_none - K,parameterFinalScaledPercent,40,40,0,NaN,NaN,NaN,2000
abrupt,event,S_fixed,S_vrf,S_fixed - S_vrf,trackingRMS,40,40,40,0.0176313560537483,0.0167714135486056,0.0185815155887091,2000
abrupt,event,S_fixed,S_vrf,S_fixed - S_vrf,inputRMS,40,40,40,0.0214907745407921,0.0205353759531524,0.022568893515143,2000
abrupt,event,S_fixed,S_vrf,S_fixed - S_vrf,meanAbsoluteIncrement,40,40,40,0.0121308189628847,0.0112777014034781,0.0136252815359706,2000
abrupt,event,S_fixed,S_vrf,S_fixed - S_vrf,peakTrackingError,40,40,40,0.267331477135452,0.259150710195332,0.271543548238931,2000
abrupt,event,S_fixed,S_vrf,S_fixed - S_vrf,totalInputVariation,40,40,40,1.21308189628847,1.12777014034781,1.36252815359706,2000
abrupt,event,S_fixed,S_vrf,S_fixed - S_vrf,predictionTrueRMS,40,40,40,-0.017207212612575,-0.017362139720886,-0.0169980461786364,2000
abrupt,event,S_fixed,S_vrf,S_fixed - S_vrf,predictionMeasuredRMS,40,40,40,-0.0167170640876903,-0.0169281858261173,-0.0164659204952231,2000
abrupt,event,S_fixed,S_vrf,S_fixed - S_vrf,parameterScaledRMSPercent,40,40,40,8.19105837620591,8.12250757799979,8.27746608148857,2000
abrupt,event,S_fixed,S_vrf,S_fixed - S_vrf,parameterFinalScaledPercent,40,40,40,6.08380764993009,5.82232159910671,6.21996028565383,2000
abrupt,event,S_fixed,S_pretrained,S_fixed - S_pretrained,trackingRMS,40,40,40,-0.0245955382455293,-0.0258962037663705,-0.0230767973060859,2000
abrupt,event,S_fixed,S_pretrained,S_fixed - S_pretrained,inputRMS,40,40,40,0.0766386276709323,0.0754355375685542,0.0774927838635805,2000
abrupt,event,S_fixed,S_pretrained,S_fixed - S_pretrained,meanAbsoluteIncrement,40,40,40,0.0191475710238661,0.018437617562475,0.0207491598464806,2000
abrupt,event,S_fixed,S_pretrained,S_fixed - S_pretrained,peakTrackingError,40,40,40,0.350986554217389,0.345934886709514,0.357462092572015,2000
abrupt,event,S_fixed,S_pretrained,S_fixed - S_pretrained,totalInputVariation,40,40,40,1.91475710238661,1.8437617562475,2.07491598464807,2000
abrupt,event,S_fixed,S_pretrained,S_fixed - S_pretrained,predictionTrueRMS,40,40,40,-0.0482494161203293,-0.0485433708282348,-0.0477586000076258,2000
abrupt,event,S_fixed,S_pretrained,S_fixed - S_pretrained,predictionMeasuredRMS,40,40,40,-0.0473844337291778,-0.0478448720931794,-0.0468067948210277,2000
abrupt,event,S_fixed,S_pretrained,S_fixed - S_pretrained,parameterScaledRMSPercent,40,40,40,6.19336270189494,6.03159878266315,6.26759559105151,2000
abrupt,event,S_fixed,S_pretrained,S_fixed - S_pretrained,parameterFinalScaledPercent,40,40,40,3.20906650243835,2.96479955818364,3.386879416656,2000
abrupt,event,S_fixed,K,S_fixed - K,trackingRMS,40,40,40,0.0911899337902972,0.089073935418372,0.0918010222932438,2000
abrupt,event,S_fixed,K,S_fixed - K,inputRMS,40,40,40,-0.0499106179424548,-0.0505149781369395,-0.0486375767566262,2000
abrupt,event,S_fixed,K,S_fixed - K,meanAbsoluteIncrement,40,40,40,0.0150251846269589,0.0139495154464765,0.0158264941516175,2000
abrupt,event,S_fixed,K,S_fixed - K,peakTrackingError,40,40,40,0.388357262150247,0.382757949535522,0.39406830445107,2000
abrupt,event,S_fixed,K,S_fixed - K,totalInputVariation,40,40,40,1.50251846269589,1.39495154464765,1.5715406749698,2000
abrupt,event,S_fixed,K,S_fixed - K,predictionTrueRMS,40,40,40,0.0301386326588399,0.0297212257807066,0.030581269917208,2000
abrupt,event,S_fixed,K,S_fixed - K,predictionMeasuredRMS,40,40,40,0.0273290056662284,0.0270358629644271,0.0275405113816094,2000
abrupt,event,S_fixed,K,S_fixed - K,parameterScaledRMSPercent,40,40,0,NaN,NaN,NaN,2000
abrupt,event,S_fixed,K,S_fixed - K,parameterFinalScaledPercent,40,40,0,NaN,NaN,NaN,2000
abrupt,event,S_vrf,S_pretrained,S_vrf - S_pretrained,trackingRMS,40,40,40,-0.0426781703326112,-0.0431544582299297,-0.0418905362621733,2000
abrupt,event,S_vrf,S_pretrained,S_vrf - S_pretrained,inputRMS,40,40,40,0.0545645937361266,0.0542381244285229,0.0550742659285276,2000
abrupt,event,S_vrf,S_pretrained,S_vrf - S_pretrained,meanAbsoluteIncrement,40,40,40,0.00723866950868333,0.00709573646840631,0.00754219717334977,2000
abrupt,event,S_vrf,S_pretrained,S_vrf - S_pretrained,peakTrackingError,40,40,40,0.0869406807719599,0.0837790678976281,0.0894474171013534,2000
abrupt,event,S_vrf,S_pretrained,S_vrf - S_pretrained,totalInputVariation,40,40,40,0.723866950868332,0.709269938137103,0.754219717334977,2000
abrupt,event,S_vrf,S_pretrained,S_vrf - S_pretrained,predictionTrueRMS,40,40,40,-0.0311686746931485,-0.0314206641182032,-0.0308175760807641,2000
abrupt,event,S_vrf,S_pretrained,S_vrf - S_pretrained,predictionMeasuredRMS,40,40,40,-0.0307833768673106,-0.0310844527886512,-0.0305407818742182,2000
abrupt,event,S_vrf,S_pretrained,S_vrf - S_pretrained,parameterScaledRMSPercent,40,40,40,-2.03165583468346,-2.11187602381807,-1.98418892906378,2000
abrupt,event,S_vrf,S_pretrained,S_vrf - S_pretrained,parameterFinalScaledPercent,40,40,40,-2.81047175553833,-2.8755705233082,-2.69513887087261,2000
abrupt,event,S_vrf,K,S_vrf - K,trackingRMS,40,40,40,0.0732039037746381,0.0728632715226445,0.0737094691234537,2000
abrupt,event,S_vrf,K,S_vrf - K,inputRMS,40,40,40,-0.0711222560752654,-0.071580643252826,-0.070883284895599,2000
abrupt,event,S_vrf,K,S_vrf - K,meanAbsoluteIncrement,40,40,40,0.00275474652295593,0.00248350475605129,0.00294560467710586,2000
abrupt,event,S_vrf,K,S_vrf - K,peakTrackingError,40,40,40,0.123908456666056,0.121175959168791,0.12614477712335,2000
abrupt,event,S_vrf,K,S_vrf - K,totalInputVariation,40,40,40,0.275474652295593,0.248350475605129,0.294560467710586,2000
abrupt,event,S_vrf,K,S_vrf - K,predictionTrueRMS,40,40,40,0.0473310047925422,0.0469058489203446,0.0476061565361138,2000
abrupt,event,S_vrf,K,S_vrf - K,predictionMeasuredRMS,40,40,40,0.0438984432052889,0.0436708993421568,0.0440872860550842,2000
abrupt,event,S_vrf,K,S_vrf - K,parameterScaledRMSPercent,40,40,0,NaN,NaN,NaN,2000
abrupt,event,S_vrf,K,S_vrf - K,parameterFinalScaledPercent,40,40,0,NaN,NaN,NaN,2000
abrupt,event,S_pretrained,K,S_pretrained - K,trackingRMS,40,40,40,0.115448158571248,0.114979966396946,0.116121895147706,2000
abrupt,event,S_pretrained,K,S_pretrained - K,inputRMS,40,40,40,-0.126072677939817,-0.126396470175261,-0.125205095266363,2000
abrupt,event,S_pretrained,K,S_pretrained - K,meanAbsoluteIncrement,40,40,40,-0.00467155079313721,-0.0048126039373029,-0.00448898189430013,2000
abrupt,event,S_pretrained,K,S_pretrained - K,peakTrackingError,40,40,40,0.0373838032762647,0.0367121429423751,0.038274260704479,2000
abrupt,event,S_pretrained,K,S_pretrained - K,totalInputVariation,40,40,40,-0.467155079313721,-0.481308464926988,-0.448898189430013,2000
abrupt,event,S_pretrained,K,S_pretrained - K,predictionTrueRMS,40,40,40,0.0785002015671701,0.0780316135103424,0.078824613857051,2000
abrupt,event,S_pretrained,K,S_pretrained - K,predictionMeasuredRMS,40,40,40,0.0745957561214435,0.0741997673704729,0.0749101843729602,2000
abrupt,event,S_pretrained,K,S_pretrained - K,parameterScaledRMSPercent,40,40,0,NaN,NaN,NaN,2000
abrupt,event,S_pretrained,K,S_pretrained - K,parameterFinalScaledPercent,40,40,0,NaN,NaN,NaN,2000
abrupt,late,S_none,S_fixed,S_none - S_fixed,trackingRMS,40,40,40,0.0481078215884156,0.0478942288508677,0.0483581743277055,2000
abrupt,late,S_none,S_fixed,S_none - S_fixed,inputRMS,40,40,40,-0.0519550718602856,-0.0520955138339449,-0.051780661920682,2000
abrupt,late,S_none,S_fixed,S_none - S_fixed,meanAbsoluteIncrement,40,40,40,0.00250126112119245,0.00235844473173906,0.00268023558615722,2000
abrupt,late,S_none,S_fixed,S_none - S_fixed,peakTrackingError,40,40,40,0.0806474464029287,0.0787950681159113,0.0834960305062862,2000
abrupt,late,S_none,S_fixed,S_none - S_fixed,totalInputVariation,40,40,40,0.250126112119245,0.236335106402739,0.265179239412467,2000
abrupt,late,S_none,S_fixed,S_none - S_fixed,predictionTrueRMS,40,40,40,0.0245923033327496,0.0243544556864031,0.024743676094034,2000
abrupt,late,S_none,S_fixed,S_none - S_fixed,predictionMeasuredRMS,40,40,40,0.0213481480016056,0.0211051744328445,0.021765151316675,2000
abrupt,late,S_none,S_fixed,S_none - S_fixed,parameterScaledRMSPercent,40,40,40,3.54735821497371,3.42208401403291,3.68493717277455,2000
abrupt,late,S_none,S_fixed,S_none - S_fixed,parameterFinalScaledPercent,40,40,40,4.7813615414365,4.56504090043338,4.97546190498319,2000
abrupt,late,S_none,S_vrf,S_none - S_vrf,trackingRMS,40,40,40,0.0446167870809326,0.0443146190240838,0.0448235841329532,2000
abrupt,late,S_none,S_vrf,S_none - S_vrf,inputRMS,40,40,40,-0.0475705401892719,-0.0477373413460017,-0.0473743768892911,2000
abrupt,late,S_none,S_vrf,S_none - S_vrf,meanAbsoluteIncrement,40,40,40,0.00163536735835859,0.00149781924236605,0.00178432259449065,2000
abrupt,late,S_none,S_vrf,S_none - S_vrf,peakTrackingError,40,40,40,0.0565812529579641,0.054407534715554,0.0580397577379435,2000
abrupt,late,S_none,S_vrf,S_none - S_vrf,totalInputVariation,40,40,40,0.163536735835859,0.149781924236605,0.178139582208812,2000
abrupt,late,S_none,S_vrf,S_none - S_vrf,predictionTrueRMS,40,40,40,0.0234076550094088,0.0230642731351756,0.0236760297078598,2000
abrupt,late,S_none,S_vrf,S_none - S_vrf,predictionMeasuredRMS,40,40,40,0.0205621670302223,0.020395252142463,0.0210049662021917,2000
abrupt,late,S_none,S_vrf,S_none - S_vrf,parameterScaledRMSPercent,40,40,40,2.22353876880068,2.03240213909879,2.30076098075154,2000
abrupt,late,S_none,S_vrf,S_none - S_vrf,parameterFinalScaledPercent,40,40,40,2.70187081150479,2.52517036689169,2.78109325580197,2000
abrupt,late,S_none,S_pretrained,S_none - S_pretrained,trackingRMS,40,40,40,-0.0538755027553419,-0.0542492245230565,-0.0532144629128362,2000
abrupt,late,S_none,S_pretrained,S_none - S_pretrained,inputRMS,40,40,40,0.0505989354594469,0.0499791120751553,0.0509427957377824,2000
abrupt,late,S_none,S_pretrained,S_none - S_pretrained,meanAbsoluteIncrement,40,40,40,0.00588038244448238,0.00562829846130005,0.00612035376300837,2000
abrupt,late,S_none,S_pretrained,S_none - S_pretrained,peakTrackingError,40,40,40,0.030315631463817,0.0294972214009856,0.0318640370669819,2000
abrupt,late,S_none,S_pretrained,S_none - S_pretrained,totalInputVariation,40,40,40,0.588038244448237,0.561942530460696,0.612035376300837,2000
abrupt,late,S_none,S_pretrained,S_none - S_pretrained,predictionTrueRMS,40,40,40,-0.0345445392545387,-0.0347014547806693,-0.0344026368069785,2000
abrupt,late,S_none,S_pretrained,S_none - S_pretrained,predictionMeasuredRMS,40,40,40,-0.0337842662824794,-0.0339001332662676,-0.0336062255197233,2000
abrupt,late,S_none,S_pretrained,S_none - S_pretrained,parameterScaledRMSPercent,40,40,40,-3.37102151682399,-3.50717331220155,-3.29724676650734,2000
abrupt,late,S_none,S_pretrained,S_none - S_pretrained,parameterFinalScaledPercent,40,40,40,-3.14454932381543,-3.30532569918347,-3.0731419454512,2000
abrupt,late,S_none,K,S_none - K,trackingRMS,40,40,40,0.0494224674318157,0.0489454339003557,0.0496641903167877,2000
abrupt,late,S_none,K,S_none - K,inputRMS,40,40,40,-0.0531989077211121,-0.0532754958132154,-0.05301421615649,2000
abrupt,late,S_none,K,S_none - K,meanAbsoluteIncrement,40,40,40,0.00417353738770397,0.0041032888926534,0.00427634445925252,2000
abrupt,late,S_none,K,S_none - K,peakTrackingError,40,40,40,0.0892371008468477,0.0886338636411066,0.0909776479514085,2000
abrupt,late,S_none,K,S_none - K,totalInputVariation,40,40,40,0.417353738770397,0.41032888926534,0.427634445925252,2000
abrupt,late,S_none,K,S_none - K,predictionTrueRMS,40,40,40,0.0249808358082926,0.0247704245476162,0.0253422388746245,2000
abrupt,late,S_none,K,S_none - K,predictionMeasuredRMS,40,40,40,0.0216740478892162,0.0214235072404314,0.0222130552449208,2000
abrupt,late,S_none,K,S_none - K,parameterScaledRMSPercent,40,40,0,NaN,NaN,NaN,2000
abrupt,late,S_none,K,S_none - K,parameterFinalScaledPercent,40,40,0,NaN,NaN,NaN,2000
abrupt,late,S_fixed,S_vrf,S_fixed - S_vrf,trackingRMS,40,40,40,-0.00355813330772577,-0.0037628731586057,-0.0032476737248851,2000
abrupt,late,S_fixed,S_vrf,S_fixed - S_vrf,inputRMS,40,40,40,0.0042999305409632,0.00415759707763816,0.00453772271851435,2000
abrupt,late,S_fixed,S_vrf,S_fixed - S_vrf,meanAbsoluteIncrement,40,40,40,-0.000867539842641693,-0.000964645329247204,-0.000796789600977076,2000
abrupt,late,S_fixed,S_vrf,S_fixed - S_vrf,peakTrackingError,40,40,40,-0.0236748933708448,-0.0252167870055785,-0.022771999126615,2000
abrupt,late,S_fixed,S_vrf,S_fixed - S_vrf,totalInputVariation,40,40,40,-0.0867539842641692,-0.0960483766371245,-0.0796630480571932,2000
abrupt,late,S_fixed,S_vrf,S_fixed - S_vrf,predictionTrueRMS,40,40,40,-0.000980234090757652,-0.0012735660350216,-0.000842661239050426,2000
abrupt,late,S_fixed,S_vrf,S_fixed - S_vrf,predictionMeasuredRMS,40,40,40,-0.000737177353718286,-0.000795597361432362,-0.000663815145907879,2000
abrupt,late,S_fixed,S_vrf,S_fixed - S_vrf,parameterScaledRMSPercent,40,40,40,-1.37188717518994,-1.47587052869916,-1.26884561278074,2000
abrupt,late,S_fixed,S_vrf,S_fixed - S_vrf,parameterFinalScaledPercent,40,40,40,-2.11248493835038,-2.22934144213825,-2.02168159547562,2000
abrupt,late,S_fixed,S_pretrained,S_fixed - S_pretrained,trackingRMS,40,40,40,-0.101855136107511,-0.102368107623837,-0.101501143667277,2000
abrupt,late,S_fixed,S_pretrained,S_fixed - S_pretrained,inputRMS,40,40,40,0.102437118238446,0.101859919445156,0.102809886980845,2000
abrupt,late,S_fixed,S_pretrained,S_fixed - S_pretrained,meanAbsoluteIncrement,40,40,40,0.00320140411564944,0.003022488503257,0.00349229354710995,2000
abrupt,late,S_fixed,S_pretrained,S_fixed - S_pretrained,peakTrackingError,40,40,40,-0.0514001767790981,-0.0531825558744936,-0.0478825044006596,2000
abrupt,late,S_fixed,S_pretrained,S_fixed - S_pretrained,totalInputVariation,40,40,40,0.320140411564944,0.299894185704952,0.349229354710995,2000
abrupt,late,S_fixed,S_pretrained,S_fixed - S_pretrained,predictionTrueRMS,40,40,40,-0.0589095604828173,-0.0592698953828029,-0.0584093287377775,2000
abrupt,late,S_fixed,S_pretrained,S_fixed - S_pretrained,predictionMeasuredRMS,40,40,40,-0.0549293218692797,-0.0555197569982318,-0.0546515149055718,2000
abrupt,late,S_fixed,S_pretrained,S_fixed - S_pretrained,parameterScaledRMSPercent,40,40,40,-6.95909575087229,-7.12294518308692,-6.80880687978885,2000
abrupt,late,S_fixed,S_pretrained,S_fixed - S_pretrained,parameterFinalScaledPercent,40,40,40,-7.9386262526858,-8.13697185209734,-7.73933719759678,2000
abrupt,late,S_fixed,K,S_fixed - K,trackingRMS,40,40,40,0.00108294649848158,0.000852481367669081,0.00141638961326868,2000
abrupt,late,S_fixed,K,S_fixed - K,inputRMS,40,40,40,-0.00112981554684921,-0.00130534800787244,-0.000998696629126911,2000
abrupt,late,S_fixed,K,S_fixed - K,meanAbsoluteIncrement,40,40,40,0.00170594292771225,0.00154365024113975,0.00178632583838711,2000
abrupt,late,S_fixed,K,S_fixed - K,peakTrackingError,40,40,40,0.0082479023266685,0.00654713507087812,0.0107579678868125,2000
abrupt,late,S_fixed,K,S_fixed - K,totalInputVariation,40,40,40,0.170594292771226,0.154941186876036,0.178632583838711,2000
abrupt,late,S_fixed,K,S_fixed - K,predictionTrueRMS,40,40,40,0.000443823452505995,0.000356157313155616,0.000534589367008982,2000
abrupt,late,S_fixed,K,S_fixed - K,predictionMeasuredRMS,40,40,40,0.000291480195658955,0.000241095503374316,0.000347965018077457,2000
abrupt,late,S_fixed,K,S_fixed - K,parameterScaledRMSPercent,40,40,0,NaN,NaN,NaN,2000
abrupt,late,S_fixed,K,S_fixed - K,parameterFinalScaledPercent,40,40,0,NaN,NaN,NaN,2000
abrupt,late,S_vrf,S_pretrained,S_vrf - S_pretrained,trackingRMS,40,40,40,-0.0983946512354802,-0.0991050903108811,-0.0978586034007852,2000
abrupt,late,S_vrf,S_pretrained,S_vrf - S_pretrained,inputRMS,40,40,40,0.0982808090849743,0.0973293785941804,0.0986679578636616,2000
abrupt,late,S_vrf,S_pretrained,S_vrf - S_pretrained,meanAbsoluteIncrement,40,40,40,0.00421336011656862,0.00392459636025371,0.00440399571300235,2000
abrupt,late,S_vrf,S_pretrained,S_vrf - S_pretrained,peakTrackingError,40,40,40,-0.025788167646521,-0.0271458752134423,-0.0247640484677581,2000
abrupt,late,S_vrf,S_pretrained,S_vrf - S_pretrained,totalInputVariation,40,40,40,0.421336011656862,0.392449870987654,0.433325647094505,2000
abrupt,late,S_vrf,S_pretrained,S_vrf - S_pretrained,predictionTrueRMS,40,40,40,-0.0578705010975966,-0.0583492620936428,-0.0575232128056883,2000
abrupt,late,S_vrf,S_pretrained,S_vrf - S_pretrained,predictionMeasuredRMS,40,40,40,-0.0542405991235664,-0.0547600590110507,-0.0539962870256046,2000
abrupt,late,S_vrf,S_pretrained,S_vrf - S_pretrained,parameterScaledRMSPercent,40,40,40,-5.50613484960599,-5.69962685674965,-5.39222493621616,2000
abrupt,late,S_vrf,S_pretrained,S_vrf - S_pretrained,parameterFinalScaledPercent,40,40,40,-5.78009906443927,-5.98981916154749,-5.65093127311651,2000
abrupt,late,S_vrf,K,S_vrf - K,trackingRMS,40,40,40,0.00457650093592682,0.00439093233248797,0.00485316831680617,2000
abrupt,late,S_vrf,K,S_vrf - K,inputRMS,40,40,40,-0.00559012080529125,-0.00583617527416291,-0.00529960744520147,2000
abrupt,late,S_vrf,K,S_vrf - K,meanAbsoluteIncrement,40,40,40,0.00261916415018794,0.00243585267621895,0.00271092752045184,2000
abrupt,late,S_vrf,K,S_vrf - K,peakTrackingError,40,40,40,0.0337843281394658,0.0318905342840299,0.035382451150013,2000
abrupt,late,S_vrf,K,S_vrf - K,totalInputVariation,40,40,40,0.261916415018794,0.243559585764498,0.271092752045184,2000
abrupt,late,S_vrf,K,S_vrf - K,predictionTrueRMS,40,40,40,0.00149532769836461,0.00126980682163697,0.00170792788711397,2000
abrupt,late,S_vrf,K,S_vrf - K,predictionMeasuredRMS,40,40,40,0.00100852713726382,0.000943715889576602,0.00110881929954885,2000
abrupt,late,S_vrf,K,S_vrf - K,parameterScaledRMSPercent,40,40,0,NaN,NaN,NaN,2000
abrupt,late,S_vrf,K,S_vrf - K,parameterFinalScaledPercent,40,40,0,NaN,NaN,NaN,2000
abrupt,late,S_pretrained,K,S_pretrained - K,trackingRMS,40,40,40,0.103074593147381,0.102263284447882,0.103849193679437,2000
abrupt,late,S_pretrained,K,S_pretrained - K,inputRMS,40,40,40,-0.103719571723054,-0.104046158857893,-0.103157179483691,2000
abrupt,late,S_pretrained,K,S_pretrained - K,meanAbsoluteIncrement,40,40,40,-0.0015979082184,-0.00173084201122924,-0.00149672646957899,2000
abrupt,late,S_pretrained,K,S_pretrained - K,peakTrackingError,40,40,40,0.0594590765991333,0.0588780402792354,0.060254932793344,2000
abrupt,late,S_pretrained,K,S_pretrained - K,totalInputVariation,40,40,40,-0.15979082184,-0.174895129114131,-0.14974767042353,2000
abrupt,late,S_pretrained,K,S_pretrained - K,predictionTrueRMS,40,40,40,0.059437089560693,0.0588186080768244,0.0599536449961228,2000
abrupt,late,S_pretrained,K,S_pretrained - K,predictionMeasuredRMS,40,40,40,0.0552864540517108,0.0549618733418586,0.0558363974304623,2000
abrupt,late,S_pretrained,K,S_pretrained - K,parameterScaledRMSPercent,40,40,0,NaN,NaN,NaN,2000
abrupt,late,S_pretrained,K,S_pretrained - K,parameterFinalScaledPercent,40,40,0,NaN,NaN,NaN,2000
