Kernel,A,ell,RMSE_PhaseII,IAE_PhaseII,TV_u,Peak_u
Unitary,0.1,2,2.15371,841.58,9.45649,0.694111
Unitary,0.1,3,138.95,22081.2,388.204,71.362
Unitary,0.1,4,4.21305,712.339,27.5056,5.25287
Unitary,0.1,5,0.411044,103.746,1.05827,0.163858
Unitary,0.5,2,44.3244,20290.9,25.8763,4.88249
Unitary,0.5,3,465.311,75191.2,1224.65,184.547
Unitary,0.5,4,0.975337,342.783,3.22882,0.373703
Unitary,0.5,5,1.11087,365.251,2.57401,0.380603
Unitary,1,2,27.2563,9557.45,65.174,3.83148
Unitary,1,3,119.676,28128.5,325.177,34.5806
Unitary,1,4,1.91123,669.152,3.55867,0.414709
Unitary,1,5,1.79092,657.828,5.43003,0.645382
RBF,0.1,2,2.19368,815.95,7.1337,0.599271
RBF,0.1,3,4.15928,803.753,58.8144,10.2835
RBF,0.1,4,1.06555,215.602,6.88953,1.06135
RBF,0.1,5,0.433572,114.765,1.94279,0.37639
RBF,0.5,2,4.41711,1933.16,4.50125,0.111601
RBF,0.5,3,53438.8,1.88077e+07,3039.63,1632
RBF,0.5,4,1.06727,352.209,2.38097,0.277414
RBF,0.5,5,1.7458,466.55,4.77754,0.661567
RBF,1,2,29206.6,7.92099e+06,1720.8,1512.36
RBF,1,3,3.60637e+06,1.27497e+09,80947.2,80039.4
RBF,1,4,2.17328,714.788,5.23323,0.613614
RBF,1,5,3.62089,969.445,10.9666,1.44383
