quantity,absoluteTolerance,relativeTolerance,maxAbsoluteDifference,passed,runId,baselineSHA256
completed,0,0,0,1,baseline_A_000,f4b60f9a42da355495e2e74830cee42dadf6c3077b8db5a5c914a52e7d86505d
nSteps,0,0,0,1,baseline_A_000,f4b60f9a42da355495e2e74830cee42dadf6c3077b8db5a5c914a52e7d86505d
idAttempted,0,0,0,1,baseline_A_000,f4b60f9a42da355495e2e74830cee42dadf6c3077b8db5a5c914a52e7d86505d
idAccepted,0,0,0,1,baseline_A_000,f4b60f9a42da355495e2e74830cee42dadf6c3077b8db5a5c914a52e7d86505d
controlAccepted,0,0,0,1,baseline_A_000,f4b60f9a42da355495e2e74830cee42dadf6c3077b8db5a5c914a52e7d86505d
fit.theta,1e-10,1e-10,0,1,baseline_A_000,f4b60f9a42da355495e2e74830cee42dadf6c3077b8db5a5c914a52e7d86505d
fit.beta,1e-10,1e-10,0,1,baseline_A_000,f4b60f9a42da355495e2e74830cee42dadf6c3077b8db5a5c914a52e7d86505d
fit.covariance,1e-10,1e-10,0,1,baseline_A_000,f4b60f9a42da355495e2e74830cee42dadf6c3077b8db5a5c914a52e7d86505d
x,1e-07,1e-07,0,1,baseline_A_000,f4b60f9a42da355495e2e74830cee42dadf6c3077b8db5a5c914a52e7d86505d
y,1e-07,1e-07,0,1,baseline_A_000,f4b60f9a42da355495e2e74830cee42dadf6c3077b8db5a5c914a52e7d86505d
u,1e-07,1e-07,0,1,baseline_A_000,f4b60f9a42da355495e2e74830cee42dadf6c3077b8db5a5c914a52e7d86505d
theta,1e-07,1e-07,0,1,baseline_A_000,f4b60f9a42da355495e2e74830cee42dadf6c3077b8db5a5c914a52e7d86505d
prediction,1e-07,1e-07,0,1,baseline_A_000,f4b60f9a42da355495e2e74830cee42dadf6c3077b8db5a5c914a52e7d86505d
whole.trackingRMS,1e-08,1e-07,0,1,baseline_A_000,f4b60f9a42da355495e2e74830cee42dadf6c3077b8db5a5c914a52e7d86505d
whole.inputRMS,1e-08,1e-07,0,1,baseline_A_000,f4b60f9a42da355495e2e74830cee42dadf6c3077b8db5a5c914a52e7d86505d
whole.meanAbsoluteIncrement,1e-08,1e-07,0,1,baseline_A_000,f4b60f9a42da355495e2e74830cee42dadf6c3077b8db5a5c914a52e7d86505d
initialization.predictionRMS,1e-10,1e-10,0,1,baseline_A_000,f4b60f9a42da355495e2e74830cee42dadf6c3077b8db5a5c914a52e7d86505d
completed,0,0,0,1,baseline_A_001,987ba94d21869e84258ef18701e4ec39442d9c6cd8440877ae19f2d6afec165b
nSteps,0,0,0,1,baseline_A_001,987ba94d21869e84258ef18701e4ec39442d9c6cd8440877ae19f2d6afec165b
idAttempted,0,0,0,1,baseline_A_001,987ba94d21869e84258ef18701e4ec39442d9c6cd8440877ae19f2d6afec165b
idAccepted,0,0,0,1,baseline_A_001,987ba94d21869e84258ef18701e4ec39442d9c6cd8440877ae19f2d6afec165b
controlAccepted,0,0,0,1,baseline_A_001,987ba94d21869e84258ef18701e4ec39442d9c6cd8440877ae19f2d6afec165b
fit.theta,1e-10,1e-10,0,1,baseline_A_001,987ba94d21869e84258ef18701e4ec39442d9c6cd8440877ae19f2d6afec165b
fit.beta,1e-10,1e-10,0,1,baseline_A_001,987ba94d21869e84258ef18701e4ec39442d9c6cd8440877ae19f2d6afec165b
fit.covariance,1e-10,1e-10,0,1,baseline_A_001,987ba94d21869e84258ef18701e4ec39442d9c6cd8440877ae19f2d6afec165b
x,1e-07,1e-07,0,1,baseline_A_001,987ba94d21869e84258ef18701e4ec39442d9c6cd8440877ae19f2d6afec165b
y,1e-07,1e-07,0,1,baseline_A_001,987ba94d21869e84258ef18701e4ec39442d9c6cd8440877ae19f2d6afec165b
u,1e-07,1e-07,0,1,baseline_A_001,987ba94d21869e84258ef18701e4ec39442d9c6cd8440877ae19f2d6afec165b
theta,1e-07,1e-07,0,1,baseline_A_001,987ba94d21869e84258ef18701e4ec39442d9c6cd8440877ae19f2d6afec165b
prediction,1e-07,1e-07,0,1,baseline_A_001,987ba94d21869e84258ef18701e4ec39442d9c6cd8440877ae19f2d6afec165b
whole.trackingRMS,1e-08,1e-07,0,1,baseline_A_001,987ba94d21869e84258ef18701e4ec39442d9c6cd8440877ae19f2d6afec165b
whole.inputRMS,1e-08,1e-07,0,1,baseline_A_001,987ba94d21869e84258ef18701e4ec39442d9c6cd8440877ae19f2d6afec165b
whole.meanAbsoluteIncrement,1e-08,1e-07,0,1,baseline_A_001,987ba94d21869e84258ef18701e4ec39442d9c6cd8440877ae19f2d6afec165b
initialization.predictionRMS,1e-10,1e-10,0,1,baseline_A_001,987ba94d21869e84258ef18701e4ec39442d9c6cd8440877ae19f2d6afec165b
completed,0,0,0,1,baseline_S_000,4ba023851eec31b4dc4a9ac118c1ec1c3a0086fb009deb94f1342d07281c44e6
nSteps,0,0,0,1,baseline_S_000,4ba023851eec31b4dc4a9ac118c1ec1c3a0086fb009deb94f1342d07281c44e6
idAttempted,0,0,0,1,baseline_S_000,4ba023851eec31b4dc4a9ac118c1ec1c3a0086fb009deb94f1342d07281c44e6
idAccepted,0,0,0,1,baseline_S_000,4ba023851eec31b4dc4a9ac118c1ec1c3a0086fb009deb94f1342d07281c44e6
controlAccepted,0,0,0,1,baseline_S_000,4ba023851eec31b4dc4a9ac118c1ec1c3a0086fb009deb94f1342d07281c44e6
fit.theta,1e-10,1e-10,0,1,baseline_S_000,4ba023851eec31b4dc4a9ac118c1ec1c3a0086fb009deb94f1342d07281c44e6
fit.beta,1e-10,1e-10,0,1,baseline_S_000,4ba023851eec31b4dc4a9ac118c1ec1c3a0086fb009deb94f1342d07281c44e6
fit.covariance,1e-10,1e-10,0,1,baseline_S_000,4ba023851eec31b4dc4a9ac118c1ec1c3a0086fb009deb94f1342d07281c44e6
x,1e-07,1e-07,0,1,baseline_S_000,4ba023851eec31b4dc4a9ac118c1ec1c3a0086fb009deb94f1342d07281c44e6
y,1e-07,1e-07,0,1,baseline_S_000,4ba023851eec31b4dc4a9ac118c1ec1c3a0086fb009deb94f1342d07281c44e6
u,1e-07,1e-07,0,1,baseline_S_000,4ba023851eec31b4dc4a9ac118c1ec1c3a0086fb009deb94f1342d07281c44e6
theta,1e-07,1e-07,0,1,baseline_S_000,4ba023851eec31b4dc4a9ac118c1ec1c3a0086fb009deb94f1342d07281c44e6
prediction,1e-07,1e-07,0,1,baseline_S_000,4ba023851eec31b4dc4a9ac118c1ec1c3a0086fb009deb94f1342d07281c44e6
whole.trackingRMS,1e-08,1e-07,0,1,baseline_S_000,4ba023851eec31b4dc4a9ac118c1ec1c3a0086fb009deb94f1342d07281c44e6
whole.inputRMS,1e-08,1e-07,0,1,baseline_S_000,4ba023851eec31b4dc4a9ac118c1ec1c3a0086fb009deb94f1342d07281c44e6
whole.meanAbsoluteIncrement,1e-08,1e-07,0,1,baseline_S_000,4ba023851eec31b4dc4a9ac118c1ec1c3a0086fb009deb94f1342d07281c44e6
initialization.predictionRMS,1e-10,1e-10,0,1,baseline_S_000,4ba023851eec31b4dc4a9ac118c1ec1c3a0086fb009deb94f1342d07281c44e6
completed,0,0,0,1,baseline_S_001,6347152c959e9686780371a0e3932e05c467a47eb8ec60b232e5b220b1b39223
nSteps,0,0,0,1,baseline_S_001,6347152c959e9686780371a0e3932e05c467a47eb8ec60b232e5b220b1b39223
idAttempted,0,0,0,1,baseline_S_001,6347152c959e9686780371a0e3932e05c467a47eb8ec60b232e5b220b1b39223
idAccepted,0,0,0,1,baseline_S_001,6347152c959e9686780371a0e3932e05c467a47eb8ec60b232e5b220b1b39223
controlAccepted,0,0,0,1,baseline_S_001,6347152c959e9686780371a0e3932e05c467a47eb8ec60b232e5b220b1b39223
fit.theta,1e-10,1e-10,0,1,baseline_S_001,6347152c959e9686780371a0e3932e05c467a47eb8ec60b232e5b220b1b39223
fit.beta,1e-10,1e-10,0,1,baseline_S_001,6347152c959e9686780371a0e3932e05c467a47eb8ec60b232e5b220b1b39223
fit.covariance,1e-10,1e-10,0,1,baseline_S_001,6347152c959e9686780371a0e3932e05c467a47eb8ec60b232e5b220b1b39223
x,1e-07,1e-07,0,1,baseline_S_001,6347152c959e9686780371a0e3932e05c467a47eb8ec60b232e5b220b1b39223
y,1e-07,1e-07,0,1,baseline_S_001,6347152c959e9686780371a0e3932e05c467a47eb8ec60b232e5b220b1b39223
u,1e-07,1e-07,0,1,baseline_S_001,6347152c959e9686780371a0e3932e05c467a47eb8ec60b232e5b220b1b39223
theta,1e-07,1e-07,0,1,baseline_S_001,6347152c959e9686780371a0e3932e05c467a47eb8ec60b232e5b220b1b39223
prediction,1e-07,1e-07,0,1,baseline_S_001,6347152c959e9686780371a0e3932e05c467a47eb8ec60b232e5b220b1b39223
whole.trackingRMS,1e-08,1e-07,0,1,baseline_S_001,6347152c959e9686780371a0e3932e05c467a47eb8ec60b232e5b220b1b39223
whole.inputRMS,1e-08,1e-07,0,1,baseline_S_001,6347152c959e9686780371a0e3932e05c467a47eb8ec60b232e5b220b1b39223
whole.meanAbsoluteIncrement,1e-08,1e-07,0,1,baseline_S_001,6347152c959e9686780371a0e3932e05c467a47eb8ec60b232e5b220b1b39223
initialization.predictionRMS,1e-10,1e-10,0,1,baseline_S_001,6347152c959e9686780371a0e3932e05c467a47eb8ec60b232e5b220b1b39223
completed,0,0,0,1,baseline_W_000,595d49623cd39fae8dc1ba2bcf18f861aec158bd207d10327c527cf04987c73f
nSteps,0,0,0,1,baseline_W_000,595d49623cd39fae8dc1ba2bcf18f861aec158bd207d10327c527cf04987c73f
idAttempted,0,0,0,1,baseline_W_000,595d49623cd39fae8dc1ba2bcf18f861aec158bd207d10327c527cf04987c73f
idAccepted,0,0,0,1,baseline_W_000,595d49623cd39fae8dc1ba2bcf18f861aec158bd207d10327c527cf04987c73f
controlAccepted,0,0,0,1,baseline_W_000,595d49623cd39fae8dc1ba2bcf18f861aec158bd207d10327c527cf04987c73f
fit.theta,1e-10,1e-10,0,1,baseline_W_000,595d49623cd39fae8dc1ba2bcf18f861aec158bd207d10327c527cf04987c73f
fit.beta,1e-10,1e-10,0,1,baseline_W_000,595d49623cd39fae8dc1ba2bcf18f861aec158bd207d10327c527cf04987c73f
fit.covariance,1e-10,1e-10,0,1,baseline_W_000,595d49623cd39fae8dc1ba2bcf18f861aec158bd207d10327c527cf04987c73f
x,1e-07,1e-07,0,1,baseline_W_000,595d49623cd39fae8dc1ba2bcf18f861aec158bd207d10327c527cf04987c73f
y,1e-07,1e-07,0,1,baseline_W_000,595d49623cd39fae8dc1ba2bcf18f861aec158bd207d10327c527cf04987c73f
u,1e-07,1e-07,0,1,baseline_W_000,595d49623cd39fae8dc1ba2bcf18f861aec158bd207d10327c527cf04987c73f
theta,1e-07,1e-07,0,1,baseline_W_000,595d49623cd39fae8dc1ba2bcf18f861aec158bd207d10327c527cf04987c73f
prediction,1e-07,1e-07,0,1,baseline_W_000,595d49623cd39fae8dc1ba2bcf18f861aec158bd207d10327c527cf04987c73f
whole.trackingRMS,1e-08,1e-07,0,1,baseline_W_000,595d49623cd39fae8dc1ba2bcf18f861aec158bd207d10327c527cf04987c73f
whole.inputRMS,1e-08,1e-07,0,1,baseline_W_000,595d49623cd39fae8dc1ba2bcf18f861aec158bd207d10327c527cf04987c73f
whole.meanAbsoluteIncrement,1e-08,1e-07,0,1,baseline_W_000,595d49623cd39fae8dc1ba2bcf18f861aec158bd207d10327c527cf04987c73f
initialization.predictionRMS,1e-10,1e-10,0,1,baseline_W_000,595d49623cd39fae8dc1ba2bcf18f861aec158bd207d10327c527cf04987c73f
completed,0,0,0,1,baseline_W_001,8376df84fe95386dcc033f24f4ad2a9a97c82e0dfc3f463ebb2baf64b7cca185
nSteps,0,0,0,1,baseline_W_001,8376df84fe95386dcc033f24f4ad2a9a97c82e0dfc3f463ebb2baf64b7cca185
idAttempted,0,0,0,1,baseline_W_001,8376df84fe95386dcc033f24f4ad2a9a97c82e0dfc3f463ebb2baf64b7cca185
idAccepted,0,0,0,1,baseline_W_001,8376df84fe95386dcc033f24f4ad2a9a97c82e0dfc3f463ebb2baf64b7cca185
controlAccepted,0,0,0,1,baseline_W_001,8376df84fe95386dcc033f24f4ad2a9a97c82e0dfc3f463ebb2baf64b7cca185
fit.theta,1e-10,1e-10,0,1,baseline_W_001,8376df84fe95386dcc033f24f4ad2a9a97c82e0dfc3f463ebb2baf64b7cca185
fit.beta,1e-10,1e-10,0,1,baseline_W_001,8376df84fe95386dcc033f24f4ad2a9a97c82e0dfc3f463ebb2baf64b7cca185
fit.covariance,1e-10,1e-10,0,1,baseline_W_001,8376df84fe95386dcc033f24f4ad2a9a97c82e0dfc3f463ebb2baf64b7cca185
x,1e-07,1e-07,0,1,baseline_W_001,8376df84fe95386dcc033f24f4ad2a9a97c82e0dfc3f463ebb2baf64b7cca185
y,1e-07,1e-07,0,1,baseline_W_001,8376df84fe95386dcc033f24f4ad2a9a97c82e0dfc3f463ebb2baf64b7cca185
u,1e-07,1e-07,0,1,baseline_W_001,8376df84fe95386dcc033f24f4ad2a9a97c82e0dfc3f463ebb2baf64b7cca185
theta,1e-07,1e-07,0,1,baseline_W_001,8376df84fe95386dcc033f24f4ad2a9a97c82e0dfc3f463ebb2baf64b7cca185
prediction,1e-07,1e-07,0,1,baseline_W_001,8376df84fe95386dcc033f24f4ad2a9a97c82e0dfc3f463ebb2baf64b7cca185
whole.trackingRMS,1e-08,1e-07,0,1,baseline_W_001,8376df84fe95386dcc033f24f4ad2a9a97c82e0dfc3f463ebb2baf64b7cca185
whole.inputRMS,1e-08,1e-07,0,1,baseline_W_001,8376df84fe95386dcc033f24f4ad2a9a97c82e0dfc3f463ebb2baf64b7cca185
whole.meanAbsoluteIncrement,1e-08,1e-07,0,1,baseline_W_001,8376df84fe95386dcc033f24f4ad2a9a97c82e0dfc3f463ebb2baf64b7cca185
initialization.predictionRMS,1e-10,1e-10,0,1,baseline_W_001,8376df84fe95386dcc033f24f4ad2a9a97c82e0dfc3f463ebb2baf64b7cca185
completed,0,0,0,1,baseline_R_000,0fae5510701d701b483193109ff23229056ae67e2deb0450a2112bc3f25b6a4d
nSteps,0,0,0,1,baseline_R_000,0fae5510701d701b483193109ff23229056ae67e2deb0450a2112bc3f25b6a4d
idAttempted,0,0,0,1,baseline_R_000,0fae5510701d701b483193109ff23229056ae67e2deb0450a2112bc3f25b6a4d
idAccepted,0,0,0,1,baseline_R_000,0fae5510701d701b483193109ff23229056ae67e2deb0450a2112bc3f25b6a4d
controlAccepted,0,0,0,1,baseline_R_000,0fae5510701d701b483193109ff23229056ae67e2deb0450a2112bc3f25b6a4d
fit.theta,1e-10,1e-10,0,1,baseline_R_000,0fae5510701d701b483193109ff23229056ae67e2deb0450a2112bc3f25b6a4d
fit.beta,1e-10,1e-10,0,1,baseline_R_000,0fae5510701d701b483193109ff23229056ae67e2deb0450a2112bc3f25b6a4d
fit.covariance,1e-10,1e-10,0,1,baseline_R_000,0fae5510701d701b483193109ff23229056ae67e2deb0450a2112bc3f25b6a4d
x,1e-07,1e-07,0,1,baseline_R_000,0fae5510701d701b483193109ff23229056ae67e2deb0450a2112bc3f25b6a4d
y,1e-07,1e-07,0,1,baseline_R_000,0fae5510701d701b483193109ff23229056ae67e2deb0450a2112bc3f25b6a4d
u,1e-07,1e-07,0,1,baseline_R_000,0fae5510701d701b483193109ff23229056ae67e2deb0450a2112bc3f25b6a4d
theta,1e-07,1e-07,0,1,baseline_R_000,0fae5510701d701b483193109ff23229056ae67e2deb0450a2112bc3f25b6a4d
prediction,1e-07,1e-07,0,1,baseline_R_000,0fae5510701d701b483193109ff23229056ae67e2deb0450a2112bc3f25b6a4d
whole.trackingRMS,1e-08,1e-07,0,1,baseline_R_000,0fae5510701d701b483193109ff23229056ae67e2deb0450a2112bc3f25b6a4d
whole.inputRMS,1e-08,1e-07,0,1,baseline_R_000,0fae5510701d701b483193109ff23229056ae67e2deb0450a2112bc3f25b6a4d
whole.meanAbsoluteIncrement,1e-08,1e-07,0,1,baseline_R_000,0fae5510701d701b483193109ff23229056ae67e2deb0450a2112bc3f25b6a4d
initialization.predictionRMS,1e-10,1e-10,0,1,baseline_R_000,0fae5510701d701b483193109ff23229056ae67e2deb0450a2112bc3f25b6a4d
completed,0,0,0,1,baseline_R_001,2341623ccdbf76f528dba463e97f1d3398cdd55dd9f4a25e1991b4f118c359b3
nSteps,0,0,0,1,baseline_R_001,2341623ccdbf76f528dba463e97f1d3398cdd55dd9f4a25e1991b4f118c359b3
idAttempted,0,0,0,1,baseline_R_001,2341623ccdbf76f528dba463e97f1d3398cdd55dd9f4a25e1991b4f118c359b3
idAccepted,0,0,0,1,baseline_R_001,2341623ccdbf76f528dba463e97f1d3398cdd55dd9f4a25e1991b4f118c359b3
controlAccepted,0,0,0,1,baseline_R_001,2341623ccdbf76f528dba463e97f1d3398cdd55dd9f4a25e1991b4f118c359b3
fit.theta,1e-10,1e-10,0,1,baseline_R_001,2341623ccdbf76f528dba463e97f1d3398cdd55dd9f4a25e1991b4f118c359b3
fit.beta,1e-10,1e-10,0,1,baseline_R_001,2341623ccdbf76f528dba463e97f1d3398cdd55dd9f4a25e1991b4f118c359b3
fit.covariance,1e-10,1e-10,0,1,baseline_R_001,2341623ccdbf76f528dba463e97f1d3398cdd55dd9f4a25e1991b4f118c359b3
x,1e-07,1e-07,0,1,baseline_R_001,2341623ccdbf76f528dba463e97f1d3398cdd55dd9f4a25e1991b4f118c359b3
y,1e-07,1e-07,0,1,baseline_R_001,2341623ccdbf76f528dba463e97f1d3398cdd55dd9f4a25e1991b4f118c359b3
u,1e-07,1e-07,0,1,baseline_R_001,2341623ccdbf76f528dba463e97f1d3398cdd55dd9f4a25e1991b4f118c359b3
theta,1e-07,1e-07,0,1,baseline_R_001,2341623ccdbf76f528dba463e97f1d3398cdd55dd9f4a25e1991b4f118c359b3
prediction,1e-07,1e-07,0,1,baseline_R_001,2341623ccdbf76f528dba463e97f1d3398cdd55dd9f4a25e1991b4f118c359b3
whole.trackingRMS,1e-08,1e-07,0,1,baseline_R_001,2341623ccdbf76f528dba463e97f1d3398cdd55dd9f4a25e1991b4f118c359b3
whole.inputRMS,1e-08,1e-07,0,1,baseline_R_001,2341623ccdbf76f528dba463e97f1d3398cdd55dd9f4a25e1991b4f118c359b3
whole.meanAbsoluteIncrement,1e-08,1e-07,0,1,baseline_R_001,2341623ccdbf76f528dba463e97f1d3398cdd55dd9f4a25e1991b4f118c359b3
initialization.predictionRMS,1e-10,1e-10,0,1,baseline_R_001,2341623ccdbf76f528dba463e97f1d3398cdd55dd9f4a25e1991b4f118c359b3
completed,0,0,0,1,baseline_P2_000,c740d01f7175dcbeebb44bd8c3ae5615d73b29350476fec11f391b3c352267da
nSteps,0,0,0,1,baseline_P2_000,c740d01f7175dcbeebb44bd8c3ae5615d73b29350476fec11f391b3c352267da
idAttempted,0,0,0,1,baseline_P2_000,c740d01f7175dcbeebb44bd8c3ae5615d73b29350476fec11f391b3c352267da
idAccepted,0,0,0,1,baseline_P2_000,c740d01f7175dcbeebb44bd8c3ae5615d73b29350476fec11f391b3c352267da
controlAccepted,0,0,0,1,baseline_P2_000,c740d01f7175dcbeebb44bd8c3ae5615d73b29350476fec11f391b3c352267da
fit.theta,1e-10,1e-10,0,1,baseline_P2_000,c740d01f7175dcbeebb44bd8c3ae5615d73b29350476fec11f391b3c352267da
fit.beta,1e-10,1e-10,0,1,baseline_P2_000,c740d01f7175dcbeebb44bd8c3ae5615d73b29350476fec11f391b3c352267da
fit.covariance,1e-10,1e-10,0,1,baseline_P2_000,c740d01f7175dcbeebb44bd8c3ae5615d73b29350476fec11f391b3c352267da
x,1e-07,1e-07,0,1,baseline_P2_000,c740d01f7175dcbeebb44bd8c3ae5615d73b29350476fec11f391b3c352267da
y,1e-07,1e-07,0,1,baseline_P2_000,c740d01f7175dcbeebb44bd8c3ae5615d73b29350476fec11f391b3c352267da
u,1e-07,1e-07,0,1,baseline_P2_000,c740d01f7175dcbeebb44bd8c3ae5615d73b29350476fec11f391b3c352267da
theta,1e-07,1e-07,0,1,baseline_P2_000,c740d01f7175dcbeebb44bd8c3ae5615d73b29350476fec11f391b3c352267da
prediction,1e-07,1e-07,0,1,baseline_P2_000,c740d01f7175dcbeebb44bd8c3ae5615d73b29350476fec11f391b3c352267da
whole.trackingRMS,1e-08,1e-07,0,1,baseline_P2_000,c740d01f7175dcbeebb44bd8c3ae5615d73b29350476fec11f391b3c352267da
whole.inputRMS,1e-08,1e-07,0,1,baseline_P2_000,c740d01f7175dcbeebb44bd8c3ae5615d73b29350476fec11f391b3c352267da
whole.meanAbsoluteIncrement,1e-08,1e-07,0,1,baseline_P2_000,c740d01f7175dcbeebb44bd8c3ae5615d73b29350476fec11f391b3c352267da
initialization.predictionRMS,1e-10,1e-10,0,1,baseline_P2_000,c740d01f7175dcbeebb44bd8c3ae5615d73b29350476fec11f391b3c352267da
completed,0,0,0,1,baseline_P2_001,f9d9a8b61c7968cda46cfbc67593be69ab4bc23c8081121248c477b015543319
nSteps,0,0,0,1,baseline_P2_001,f9d9a8b61c7968cda46cfbc67593be69ab4bc23c8081121248c477b015543319
idAttempted,0,0,0,1,baseline_P2_001,f9d9a8b61c7968cda46cfbc67593be69ab4bc23c8081121248c477b015543319
idAccepted,0,0,0,1,baseline_P2_001,f9d9a8b61c7968cda46cfbc67593be69ab4bc23c8081121248c477b015543319
controlAccepted,0,0,0,1,baseline_P2_001,f9d9a8b61c7968cda46cfbc67593be69ab4bc23c8081121248c477b015543319
fit.theta,1e-10,1e-10,0,1,baseline_P2_001,f9d9a8b61c7968cda46cfbc67593be69ab4bc23c8081121248c477b015543319
fit.beta,1e-10,1e-10,0,1,baseline_P2_001,f9d9a8b61c7968cda46cfbc67593be69ab4bc23c8081121248c477b015543319
fit.covariance,1e-10,1e-10,0,1,baseline_P2_001,f9d9a8b61c7968cda46cfbc67593be69ab4bc23c8081121248c477b015543319
x,1e-07,1e-07,0,1,baseline_P2_001,f9d9a8b61c7968cda46cfbc67593be69ab4bc23c8081121248c477b015543319
y,1e-07,1e-07,0,1,baseline_P2_001,f9d9a8b61c7968cda46cfbc67593be69ab4bc23c8081121248c477b015543319
u,1e-07,1e-07,0,1,baseline_P2_001,f9d9a8b61c7968cda46cfbc67593be69ab4bc23c8081121248c477b015543319
theta,1e-07,1e-07,0,1,baseline_P2_001,f9d9a8b61c7968cda46cfbc67593be69ab4bc23c8081121248c477b015543319
prediction,1e-07,1e-07,0,1,baseline_P2_001,f9d9a8b61c7968cda46cfbc67593be69ab4bc23c8081121248c477b015543319
whole.trackingRMS,1e-08,1e-07,0,1,baseline_P2_001,f9d9a8b61c7968cda46cfbc67593be69ab4bc23c8081121248c477b015543319
whole.inputRMS,1e-08,1e-07,0,1,baseline_P2_001,f9d9a8b61c7968cda46cfbc67593be69ab4bc23c8081121248c477b015543319
whole.meanAbsoluteIncrement,1e-08,1e-07,0,1,baseline_P2_001,f9d9a8b61c7968cda46cfbc67593be69ab4bc23c8081121248c477b015543319
initialization.predictionRMS,1e-10,1e-10,0,1,baseline_P2_001,f9d9a8b61c7968cda46cfbc67593be69ab4bc23c8081121248c477b015543319
completed,0,0,0,1,baseline_K_000,5f74ded1cb265837438194545f4838df934b9e5d9363bb3f24a63033e65cdff3
nSteps,0,0,0,1,baseline_K_000,5f74ded1cb265837438194545f4838df934b9e5d9363bb3f24a63033e65cdff3
idAttempted,0,0,0,1,baseline_K_000,5f74ded1cb265837438194545f4838df934b9e5d9363bb3f24a63033e65cdff3
idAccepted,0,0,0,1,baseline_K_000,5f74ded1cb265837438194545f4838df934b9e5d9363bb3f24a63033e65cdff3
controlAccepted,0,0,0,1,baseline_K_000,5f74ded1cb265837438194545f4838df934b9e5d9363bb3f24a63033e65cdff3
fit.theta,1e-10,1e-10,0,1,baseline_K_000,5f74ded1cb265837438194545f4838df934b9e5d9363bb3f24a63033e65cdff3
fit.beta,1e-10,1e-10,0,1,baseline_K_000,5f74ded1cb265837438194545f4838df934b9e5d9363bb3f24a63033e65cdff3
fit.covariance,1e-10,1e-10,0,1,baseline_K_000,5f74ded1cb265837438194545f4838df934b9e5d9363bb3f24a63033e65cdff3
x,1e-07,1e-07,0,1,baseline_K_000,5f74ded1cb265837438194545f4838df934b9e5d9363bb3f24a63033e65cdff3
y,1e-07,1e-07,0,1,baseline_K_000,5f74ded1cb265837438194545f4838df934b9e5d9363bb3f24a63033e65cdff3
u,1e-07,1e-07,0,1,baseline_K_000,5f74ded1cb265837438194545f4838df934b9e5d9363bb3f24a63033e65cdff3
theta,1e-07,1e-07,0,1,baseline_K_000,5f74ded1cb265837438194545f4838df934b9e5d9363bb3f24a63033e65cdff3
prediction,1e-07,1e-07,0,1,baseline_K_000,5f74ded1cb265837438194545f4838df934b9e5d9363bb3f24a63033e65cdff3
whole.trackingRMS,1e-08,1e-07,0,1,baseline_K_000,5f74ded1cb265837438194545f4838df934b9e5d9363bb3f24a63033e65cdff3
whole.inputRMS,1e-08,1e-07,0,1,baseline_K_000,5f74ded1cb265837438194545f4838df934b9e5d9363bb3f24a63033e65cdff3
whole.meanAbsoluteIncrement,1e-08,1e-07,0,1,baseline_K_000,5f74ded1cb265837438194545f4838df934b9e5d9363bb3f24a63033e65cdff3
initialization.predictionRMS,1e-10,1e-10,0,1,baseline_K_000,5f74ded1cb265837438194545f4838df934b9e5d9363bb3f24a63033e65cdff3
completed,0,0,0,1,baseline_K_001,402607716c040361312636a993a2c616596c4608f92dc14af00bc1fbab8123ea
nSteps,0,0,0,1,baseline_K_001,402607716c040361312636a993a2c616596c4608f92dc14af00bc1fbab8123ea
idAttempted,0,0,0,1,baseline_K_001,402607716c040361312636a993a2c616596c4608f92dc14af00bc1fbab8123ea
idAccepted,0,0,0,1,baseline_K_001,402607716c040361312636a993a2c616596c4608f92dc14af00bc1fbab8123ea
controlAccepted,0,0,0,1,baseline_K_001,402607716c040361312636a993a2c616596c4608f92dc14af00bc1fbab8123ea
fit.theta,1e-10,1e-10,0,1,baseline_K_001,402607716c040361312636a993a2c616596c4608f92dc14af00bc1fbab8123ea
fit.beta,1e-10,1e-10,0,1,baseline_K_001,402607716c040361312636a993a2c616596c4608f92dc14af00bc1fbab8123ea
fit.covariance,1e-10,1e-10,0,1,baseline_K_001,402607716c040361312636a993a2c616596c4608f92dc14af00bc1fbab8123ea
x,1e-07,1e-07,0,1,baseline_K_001,402607716c040361312636a993a2c616596c4608f92dc14af00bc1fbab8123ea
y,1e-07,1e-07,0,1,baseline_K_001,402607716c040361312636a993a2c616596c4608f92dc14af00bc1fbab8123ea
u,1e-07,1e-07,0,1,baseline_K_001,402607716c040361312636a993a2c616596c4608f92dc14af00bc1fbab8123ea
theta,1e-07,1e-07,0,1,baseline_K_001,402607716c040361312636a993a2c616596c4608f92dc14af00bc1fbab8123ea
prediction,1e-07,1e-07,0,1,baseline_K_001,402607716c040361312636a993a2c616596c4608f92dc14af00bc1fbab8123ea
whole.trackingRMS,1e-08,1e-07,0,1,baseline_K_001,402607716c040361312636a993a2c616596c4608f92dc14af00bc1fbab8123ea
whole.inputRMS,1e-08,1e-07,0,1,baseline_K_001,402607716c040361312636a993a2c616596c4608f92dc14af00bc1fbab8123ea
whole.meanAbsoluteIncrement,1e-08,1e-07,0,1,baseline_K_001,402607716c040361312636a993a2c616596c4608f92dc14af00bc1fbab8123ea
initialization.predictionRMS,1e-10,1e-10,0,1,baseline_K_001,402607716c040361312636a993a2c616596c4608f92dc14af00bc1fbab8123ea
