model,modelId,originIndex,originTime,nextSampleTime,firstPredictedOutput,predictedUpperSlack,predictedLowerSlack,actualNextOutput,actualUpperViolation,actualLowerViolation,actualOutputViolation,controlAccepted
Affine,A,0,0,0.1,0.93544478336893,0.085444783369012,5.02389699033292e-07,0.94,0.09,0,0.09,1
Affine,A,1,0.1,0.2,0.669638464927101,5.53748278365216e-07,5.53748278365216e-07,0.676303541106727,0,0,0,1
Affine,A,2,0.2,0.3,0.586427092871432,5.17807420334591e-07,5.17807420334591e-07,0.602378729097392,0,0,0,1
Affine,A,3,0.3,0.4,0.595166978900312,6.23846994328338e-07,6.23846994328338e-07,0.613505471718746,0,0,0,1
Affine,A,4,0.4,0.5,0.609545632096952,6.1687658736598e-07,6.1687658736598e-07,0.627802290076764,0,0,0,1
Affine,A,5,0.5,0.6,0.614631928752525,6.11514338753431e-07,6.11514338753431e-07,0.632769279874825,0,0,0,1
Affine,A,6,0.6,0.7,0.615127499490061,6.10395286963745e-07,6.10395286963745e-07,0.633095305521618,0,0,0,1
Affine,A,7,0.7,0.8,0.614643841170019,6.10495309444563e-07,6.10495309444563e-07,0.632441126442187,0,0,0,1
Affine,A,8,0.8,0.9,0.614276149380447,6.10684880196691e-07,6.10684880196691e-07,0.631910946179149,0,0,0,1
Affine,A,9,0.9,1,0.614083721815728,6.107702993239e-07,6.107702993239e-07,0.631560761234839,0,0,0,1
Affine,A,10,1,1.1,0.613958408534058,6.10796119539483e-07,6.10796119539483e-07,0.631280651667556,0,0,0,1
Affine,A,11,1.1,1.2,0.613843598489284,6.10807448543358e-07,6.10807448543358e-07,0.63101366448216,0,0,0,1
Affine,A,12,1.2,1.3,0.613726777865923,6.10819456071305e-07,6.10819456071305e-07,0.630747306262503,0,0,0,1
Affine,A,13,1.3,1.4,0.613609170905326,6.10833470171111e-07,6.10833470171111e-07,0.630482804558326,0,0,0,1
Affine,A,14,1.4,1.5,0.613492835116618,6.10848228507008e-07,6.10848228507008e-07,0.630222167252185,0,0,0,1
Affine,A,15,1.5,1.6,0.613378518711153,6.10862992699382e-07,6.10862992699382e-07,0.629966073184392,0,0,0,1
Affine,A,16,1.6,1.7,0.613266273003928,6.1087758229812e-07,6.1087758229812e-07,0.629714504046537,0,0,0,1
Affine,A,17,1.7,1.8,0.613155994884962,6.10892006557673e-07,6.10892006557673e-07,0.629467291154772,0,0,0,1
Affine,A,18,1.8,1.9,0.61304759812422,6.10906292364049e-07,6.10906292364049e-07,0.629224286072171,0,0,0,1
Affine,A,19,1.9,2,0.6129410243575,6.10920451252972e-07,6.10920451252972e-07,0.62898537066309,0,0,0,1
Affine,A,20,2,2.1,0.612836226899325,6.10934485630551e-07,6.10934485630551e-07,0.628750440513456,0,0,0,1
Affine,A,21,2.1,2.2,0.612733161980515,6.10948395678908e-07,6.10948395678908e-07,0.628519396053212,0,0,0,1
Affine,A,22,2.2,2.3,0.612631786719961,6.10962181728199e-07,6.10962181728199e-07,0.628292140470854,0,0,0,1
Affine,A,23,2.3,2.4,0.612532059243293,6.10975844479027e-07,6.10975844479027e-07,0.628068579767784,0,0,0,1
Affine,A,24,2.4,2.5,0.61243393894713,6.10989384807002e-07,6.10989384807002e-07,0.627848622950233,0,0,0,1
Affine,A,25,2.5,2.6,0.612337386566007,6.11002803643714e-07,6.11002803643714e-07,0.627632182023714,0,0,0,1
Affine,A,26,2.6,2.7,0.612242364133544,6.1101610194426e-07,6.1101610194426e-07,0.627419171885055,0,0,0,1
Affine,A,27,2.7,2.8,0.612148834921819,6.11029280684937e-07,6.11029280684937e-07,0.627209510196453,0,0,0,1
Affine,A,28,2.8,2.9,0.612056763385646,6.11042340864149e-07,6.11042340864149e-07,0.627003117267825,0,0,0,1
Affine,A,29,2.9,3,0.611966115113387,6.11055283501109e-07,6.11055283501109e-07,0.626799915948756,0,0,0,1
Affine,A,30,3,3.1,0.611876856781634,6.11068109633402e-07,6.11068109633402e-07,0.626599831527145,0,0,0,1
Affine,A,31,3.1,3.2,0.611788956112279,6.1108082031433e-07,6.1108082031433e-07,0.626402791632901,0,0,0,1
Affine,A,32,3.2,3.3,0.611702381831518,6.11093416610525e-07,6.11093416610525e-07,0.626208726146115,0,0,0,1
Affine,A,33,3.3,3.4,0.611617103630731,6.11105899599761e-07,6.11105899599761e-07,0.626017567109486,0,0,0,1
Affine,A,34,3.4,3.5,0.611533092129168,6.11118270368977e-07,6.11118270368977e-07,0.625829248644814,0,0,0,1
Affine,A,35,3.5,3.6,0.611450318838369,6.11130530012466e-07,6.11130530012466e-07,0.625643706873371,0,0,0,1
Affine,A,36,3.6,3.7,0.61136875612822,6.11142679630218e-07,6.11142679630218e-07,0.62546087983992,0,0,0,1
Affine,A,37,3.7,3.8,0.611288377194561,6.11154720326306e-07,6.11154720326306e-07,0.625280707440208,0,0,0,1
Affine,A,38,3.8,3.9,0.611209156028264,6.11166653207576e-07,6.11166653207576e-07,0.625103131351736,0,0,0,1
Affine,A,39,3.9,4,0.611131067385697,6.11178479382263e-07,6.11178479382263e-07,0.624928094967634,0,0,0,1
Affine,A,40,4,4.1,0.611054086760505,6.11190199958831e-07,6.11190199958831e-07,0.624755543333481,0,0,0,1
Affine,A,41,4.1,4.2,0.610978190356644,6.11201816044882e-07,6.11201816044882e-07,0.624585423086915,0,0,0,1
Affine,A,42,4.2,4.3,0.610903355062593,6.11213328746139e-07,6.11213328746139e-07,0.624417682399895,0,0,0,1
Affine,A,43,4.3,4.4,0.610829558426691,6.11224739165542e-07,6.11224739165542e-07,0.624252270923469,0,0,0,1
Affine,A,44,4.4,4.5,0.610756778633544,6.11236048402392e-07,6.11236048402392e-07,0.624089139734933,0,0,0,1
Affine,A,45,4.5,4.6,0.610684994481444,6.11247257551626e-07,6.11247257551626e-07,0.62392824128725,0,0,0,1
Affine,A,46,4.6,4.7,0.61061418536074,6.11258367703044e-07,6.11258367703044e-07,0.623769529360627,0,0,0,1
Affine,A,47,4.7,4.8,0.610544331233144,6.11269379940753e-07,6.11269379940753e-07,0.623612959016131,0,0,0,1
Affine,A,48,4.8,4.9,0.610475412611881,6.11280295342561e-07,6.11280295342561e-07,0.623458486551255,0,0,0,1
Affine,A,49,4.9,5,0.610407410542689,6.11291114979404e-07,6.11291114979404e-07,0.623306069457328,0,0,0,1
Affine,A,50,5,5.1,0.610340306585589,6.11301839914976e-07,6.11301839914976e-07,0.623155666378694,0,0,0,1
Affine,A,51,5.1,5.2,0.610274082797409,6.11312471205199e-07,6.11312471205199e-07,0.623007237073551,0,0,0,1
Affine,A,52,5.2,5.3,0.610208721715026,6.11323009897909e-07,6.11323009897909e-07,0.622860742376405,0,0,0,1
Affine,A,53,5.3,5.4,0.610144206339278,6.11333457032457e-07,6.11333457032457e-07,0.622716144162026,0,0,0,1
Affine,A,54,5.4,5.5,0.610080520119528,6.11343813639447e-07,6.11343813639447e-07,0.622573405310861,0,0,0,1
Affine,A,55,5.5,5.6,0.610017646938844,6.11354080740438e-07,6.11354080740438e-07,0.622432489675824,0,0,0,1
Affine,A,56,5.6,5.7,0.609955571099769,6.11364259347712e-07,6.11364259347712e-07,0.622293362050405,0,0,0,1
Affine,A,57,5.7,5.8,0.60989427731064,6.11374350464036e-07,6.11374350464036e-07,0.622155988138027,0,0,0,1
Affine,A,58,5.8,5.9,0.609833750672465,6.11384355082521e-07,6.11384355082521e-07,0.622020334522609,0,0,0,1
Affine,A,59,5.9,6,0.609773976666281,6.11394274186405e-07,6.11394274186405e-07,0.621886368640268,0,0,0,1
Affine,A,60,6,6.1,0.609714941141026,6.11404108748967e-07,6.11404108748967e-07,0.621754058752108,0,0,0,1
Affine,A,61,6.1,6.2,0.609656630301859,6.11413859733357e-07,6.11413859733357e-07,0.621623373918064,0,0,0,1
Affine,A,62,6.2,6.3,0.609599030698935,6.11423528092566e-07,6.11423528092566e-07,0.621494283971723,0,0,0,1
Affine,A,63,6.3,6.4,0.609542129216597,6.11433114769264e-07,6.11433114769264e-07,0.621366759496116,0,0,0,1
Affine,A,64,6.4,6.5,0.609485913062978,6.11442620695825e-07,6.11442620695825e-07,0.621240771800405,0,0,0,1
Affine,A,65,6.5,6.6,0.609430369759995,6.11452046794194e-07,6.11452046794194e-07,0.621116292897449,0,0,0,1
Affine,A,66,6.6,6.7,0.609375487133708,6.11461393975926e-07,6.11461393975926e-07,0.620993295482194,0,0,0,1
Affine,A,67,6.7,6.8,0.609321253305033,6.11470663142134e-07,6.11470663142134e-07,0.620871752910866,0,0,0,1
Affine,A,68,6.8,6.9,0.609267656680809,6.11479855183481e-07,6.11479855183481e-07,0.620751639180926,0,0,0,1
Affine,A,69,6.9,7,0.609214685945169,6.11488970980178e-07,6.11488970980178e-07,0.620632928911745,0,0,0,1
Affine,A,70,7,7.1,0.609162330051246,6.11498011402033e-07,6.11498011402033e-07,0.620515597325988,0,0,0,1
Affine,A,71,7.1,7.2,0.609110578213154,6.11506977308423e-07,6.11506977308423e-07,0.620399620231665,0,0,0,1
Affine,A,72,7.2,7.3,0.609059419898279,6.11515869548377e-07,6.11515869548377e-07,0.620284974004814,0,0,0,1
Affine,A,73,7.3,7.4,0.609008844819823,6.11524688960583e-07,6.11524688960583e-07,0.620171635572813,0,0,0,1
Affine,A,74,7.4,7.5,0.608958842929626,6.11533436373432e-07,6.11533436373432e-07,0.620059582398269,0,0,0,1
Affine,A,75,7.5,7.6,0.60890940441123,6.11542112605117e-07,6.11542112605117e-07,0.619948792463473,0,0,0,1
Affine,A,76,7.6,7.7,0.608860519673193,6.11550718463619e-07,6.11550718463619e-07,0.619839244255406,0,0,0,1
Affine,A,77,7.7,7.8,0.608812179342625,6.11559254746867e-07,6.11559254746867e-07,0.619730916751255,0,0,0,1
Affine,A,78,7.8,7.9,0.60876437425896,6.11567722242703e-07,6.11567722242703e-07,0.619623789404426,0,0,0,1
Affine,A,79,7.9,8,0.608717095467927,6.11576121729055e-07,6.11576121729055e-07,0.61951784213105,0,0,0,1
Affine,A,80,8,8.1,0.608670334215735,6.11584453973938e-07,6.11584453973938e-07,0.619413055296928,0,0,0,1
Affine,A,81,8.1,8.2,0.608624081943455,6.11592719735581e-07,6.11592719735581e-07,0.619309409704937,0,0,0,1
Affine,A,82,8.2,8.3,0.608578330281585,6.11600919762523e-07,6.11600919762523e-07,0.619206886582844,0,0,0,1
Affine,A,83,8.3,8.4,0.608533071044804,6.11609054793642e-07,6.11609054793642e-07,0.61910546757154,0,0,0,1
Affine,A,84,8.4,8.5,0.608488296226895,6.11617125558322e-07,6.11617125558322e-07,0.619005134713655,0,0,0,1
Affine,A,85,8.5,8.6,0.608443997995839,6.11625132776493e-07,6.11625132776493e-07,0.618905870442557,0,0,0,1
Affine,A,86,8.6,8.7,0.608400168689069,6.11633077158746e-07,6.11633077158746e-07,0.618807657571708,0,0,0,1
Affine,A,87,8.7,8.8,0.60835680080888,6.11640959406429e-07,6.11640959406429e-07,0.618710479284367,0,0,0,1
Affine,A,88,8.8,8.9,0.608313887017988,6.11648780211754e-07,6.11648780211754e-07,0.618614319123638,0,0,0,1
Affine,A,89,8.9,9,0.608271420135233,6.11656540257878e-07,6.11656540257878e-07,0.618519160982821,0,0,0,1
Affine,A,90,9,9.1,0.608229393131417,6.11664240219017e-07,6.11664240219017e-07,0.618424989096094,0,0,0,1
Affine,A,91,9.1,9.2,0.608187799125281,6.11671880760559e-07,6.11671880760559e-07,0.618331788029476,0,0,0,1
Affine,A,92,9.2,9.3,0.608146631379605,6.11679462539152e-07,6.11679462539152e-07,0.618239542672088,0,0,0,1
Affine,A,93,9.3,9.4,0.608105883297434,6.11686986202801e-07,6.11686986202801e-07,0.618148238227682,0,0,0,1
Affine,A,94,9.4,9.5,0.608065548418421,6.11694452391e-07,6.11694452391e-07,0.618057860206447,0,0,0,1
Affine,A,95,9.5,9.6,0.608025620415286,6.11701861734801e-07,6.11701861734801e-07,0.617968394417061,0,0,0,1
Affine,A,96,9.6,9.7,0.607986093090384,6.11709214856954e-07,6.11709214856954e-07,0.617879826958994,0,0,0,1
Affine,A,97,9.7,9.8,0.607946960372378,6.11716512371965e-07,6.11716512371965e-07,0.617792144215054,0,0,0,1
Affine,A,98,9.8,9.9,0.607908216313021,6.11723754886273e-07,6.11723754886273e-07,0.617705332844153,0,0,0,1
Affine,A,99,9.9,10,0.607869855084027,6.11730942998284e-07,6.11730942998284e-07,0.6176193797743,0,0,0,1
Odd cubic,O3,0,0,0.1,0.939932877830945,0.089932877831188,8.98456775810197e-07,0.94,0.09,0,0.09,1
Odd cubic,O3,1,0.1,0.2,0.66165568896879,5.61190971420876e-07,5.61190971420876e-07,0.661775510504827,0,0,0,1
Odd cubic,O3,2,0.2,0.3,0.578770813695692,5.9092263067219e-07,5.9092263067219e-07,0.579111739160268,0,0,0,1
Odd cubic,O3,3,0.3,0.4,0.583191376961579,6.14624027028406e-07,6.14624027028406e-07,0.583461729030071,0,0,0,1
Odd cubic,O3,4,0.4,0.5,0.595220681827777,6.16286661554838e-07,6.16286661554838e-07,0.595458473205668,0,0,0,1
Odd cubic,O3,5,0.5,0.6,0.599990200833598,6.09782254416277e-07,6.09782254416277e-07,0.600234836112647,0,0,0,1
Odd cubic,O3,6,0.6,0.7,0.600686857491291,6.07174881175472e-07,6.07174881175472e-07,0.600935623153017,0,0,0,1
Odd cubic,O3,7,0.7,0.8,0.600438472603513,6.06757361083477e-07,6.06757361083477e-07,0.600685831544644,0,0,0,1
Odd cubic,O3,8,0.8,0.9,0.600247036693466,6.06867130830098e-07,6.06867130830098e-07,0.600490980174135,0,0,0,1
Odd cubic,O3,9,0.9,1,0.600190065344321,6.06963089975429e-07,6.06963089975429e-07,0.600430392418241,0,0,0,1
Odd cubic,O3,10,1,1.1,0.600185423926702,6.06991825284774e-07,6.06991825284774e-07,0.600422339737311,0,0,0,1
Odd cubic,O3,11,1.1,1.2,0.600188157280757,6.06992687559277e-07,6.06992687559277e-07,0.600421835290381,0,0,0,1
Odd cubic,O3,12,1.2,1.3,0.600188103282644,6.06989163596844e-07,6.06989163596844e-07,0.600418653493415,0,0,0,1
Odd cubic,O3,13,1.3,1.4,0.600186022775674,6.06986965382375e-07,6.06986965382375e-07,0.600413528781706,0,0,0,1
Odd cubic,O3,14,1.4,1.5,0.600183425129763,6.06985869052271e-07,6.06985869052271e-07,0.600407964144212,0,0,0,1
Odd cubic,O3,15,1.5,1.6,0.600180881122765,6.06985113929288e-07,6.06985113929288e-07,0.600402528565373,0,0,0,1
Odd cubic,O3,16,1.6,1.7,0.600178463887947,6.0698439248179e-07,6.0698439248179e-07,0.600397293179362,0,0,0,1
Odd cubic,O3,17,1.7,1.8,0.600176137582809,6.06983657851791e-07,6.06983657851791e-07,0.600392219621142,0,0,0,1
Odd cubic,O3,18,1.8,1.9,0.600173876434912,6.06982924798348e-07,6.06982924798348e-07,0.600387279482138,0,0,0,1
Odd cubic,O3,19,1.9,2,0.600171671796476,6.06982204851577e-07,6.06982204851577e-07,0.600382461575546,0,0,0,1
Odd cubic,O3,20,2,2.1,0.600169521425787,6.06981500998767e-07,6.06981500998767e-07,0.600377761257343,0,0,0,1
Odd cubic,O3,21,2.1,2.2,0.600167423971658,6.06980812875614e-07,6.06980812875614e-07,0.600373174898861,0,0,0,1
Odd cubic,O3,22,2.2,2.3,0.600165377796966,6.06980139654707e-07,6.06980139654707e-07,0.60036869869602,0,0,0,1
Odd cubic,O3,23,2.3,2.4,0.600163381099001,6.06979480707553e-07,6.06979480707553e-07,0.600364328780625,0,0,0,1
Odd cubic,O3,24,2.4,2.5,0.600161432094829,6.06978835558983e-07,6.06978835558983e-07,0.60036006139952,0,0,0,1
Odd cubic,O3,25,2.5,2.6,0.600159529085019,6.06978203789716e-07,6.06978203789716e-07,0.600355892973016,0,0,0,1
Odd cubic,O3,26,2.6,2.7,0.600157670456815,6.06977584998501e-07,6.06977584998501e-07,0.600351820093095,0,0,0,1
Odd cubic,O3,27,2.7,2.8,0.600155854675138,6.0697697879622e-07,6.0697697879622e-07,0.600347839509675,0,0,0,1
Odd cubic,O3,28,2.8,2.9,0.600154080275461,6.06976384807227e-07,6.06976384807227e-07,0.600343948119064,0,0,0,1
Odd cubic,O3,29,2.9,3,0.600152345859132,6.06975802670144e-07,6.06975802670144e-07,0.600340142955122,0,0,0,1
Odd cubic,O3,30,3,3.1,0.600150650089698,6.06975232037514e-07,6.06975232037514e-07,0.600336421181713,0,0,0,1
Odd cubic,O3,31,3.1,3.2,0.600148991689569,6.0697467257525e-07,6.0697467257525e-07,0.600332780085735,0,0,0,1
Odd cubic,O3,32,3.2,3.3,0.600147369436841,6.06974123961874e-07,6.06974123961874e-07,0.600329217070555,0,0,0,1
Odd cubic,O3,33,3.3,3.4,0.600145782162306,6.06973585888025e-07,6.06973585888025e-07,0.600325729649827,0,0,0,1
Odd cubic,O3,34,3.4,3.5,0.600144228746641,6.06973058055811e-07,6.06973058055811e-07,0.600322315441698,0,0,0,1
Odd cubic,O3,35,3.5,3.6,0.60014270811777,6.06972540178339e-07,6.06972540178339e-07,0.600318972163371,0,0,0,1
Odd cubic,O3,36,3.6,3.7,0.600141219248403,6.0697203197919e-07,6.0697203197919e-07,0.60031569762601,0,0,0,1
Odd cubic,O3,37,3.7,3.8,0.600139761153717,6.06971533192e-07,6.06971533192e-07,0.600312489729951,0,0,0,1
Odd cubic,O3,38,3.8,3.9,0.600138332889189,6.06971043559953e-07,6.06971043559953e-07,0.600309346460207,0,0,0,1
Odd cubic,O3,39,3.9,4,0.600136933548552,6.06970562835412e-07,6.06970562835412e-07,0.60030626588224,0,0,0,1
Odd cubic,O3,40,4,4.1,0.60013556226188,6.06970090779489e-07,6.06970090779489e-07,0.600303246137987,0,0,0,1
Odd cubic,O3,41,4.1,4.2,0.600134218193784,6.0696962716168e-07,6.0696962716168e-07,0.600300285442117,0,0,0,1
Odd cubic,O3,42,4.2,4.3,0.600132900541714,6.06969171759492e-07,6.06969171759492e-07,0.600297382078501,0,0,0,1
Odd cubic,O3,43,4.3,4.4,0.600131608534364,6.06968724358135e-07,6.06968724358135e-07,0.600294534396898,0,0,0,1
Odd cubic,O3,44,4.4,4.5,0.600130341430166,6.06968284750147e-07,6.06968284750147e-07,0.600291740809816,0,0,0,1
Odd cubic,O3,45,4.5,4.6,0.600129098515867,6.06967852735129e-07,6.06967852735129e-07,0.600288999789563,0,0,0,1
Odd cubic,O3,46,4.6,4.7,0.600127879105196,6.06967428119421e-07,6.06967428119421e-07,0.600286309865449,0,0,0,1
Odd cubic,O3,47,4.7,4.8,0.600126682537594,6.06967010715847e-07,6.06967010715847e-07,0.60028366962116,0,0,0,1
Odd cubic,O3,48,4.8,4.9,0.600125508177027,6.06966600343444e-07,6.06966600343444e-07,0.60028107769226,0,0,0,1
Odd cubic,O3,49,4.9,5,0.600124355410856,6.06966196827186e-07,6.06966196827186e-07,0.600278532763844,0,0,0,1
Odd cubic,O3,50,5,5.1,0.60012322364877,6.06965799997771e-07,6.06965799997771e-07,0.600276033568301,0,0,0,1
Odd cubic,O3,51,5.1,5.2,0.60012211232178,6.0696540969139e-07,6.0696540969139e-07,0.600273578883216,0,0,0,1
Odd cubic,O3,52,5.2,5.3,0.600121020881264,6.06965025749488e-07,6.06965025749488e-07,0.600271167529366,0,0,0,1
Odd cubic,O3,53,5.3,5.4,0.600119948798064,6.06964648018584e-07,6.06964648018584e-07,0.600268798368833,0,0,0,1
Odd cubic,O3,54,5.4,5.5,0.600118895561631,6.06964276350054e-07,6.06964276350054e-07,0.600266470303207,0,0,0,1
Odd cubic,O3,55,5.5,5.6,0.600117860679214,6.06963910599924e-07,6.06963910599924e-07,0.600264182271889,0,0,0,1
Odd cubic,O3,56,5.6,5.7,0.600116843675091,6.06963550628754e-07,6.06963550628754e-07,0.600261933250476,0,0,0,1
Odd cubic,O3,57,5.7,5.8,0.600115844089839,6.0696319630137e-07,6.0696319630137e-07,0.60025972224923,0,0,0,1
Odd cubic,O3,58,5.8,5.9,0.600114861479643,6.06962847486792e-07,6.06962847486792e-07,0.600257548311623,0,0,0,1
Odd cubic,O3,59,5.9,6,0.60011389541564,6.06962504058029e-07,6.06962504058029e-07,0.600255410512958,0,0,0,1
Odd cubic,O3,60,6,6.1,0.600112945483289,6.06962165891933e-07,6.06962165891933e-07,0.600253307959052,0,0,0,1
Odd cubic,O3,61,6.1,6.2,0.600112011281788,6.06961832869038e-07,6.06961832869038e-07,0.600251239784988,0,0,0,1
Odd cubic,O3,62,6.2,6.3,0.6001110924235,6.06961504873482e-07,6.06961504873482e-07,0.600249205153932,0,0,0,1
Odd cubic,O3,63,6.3,6.4,0.600110188533422,6.06961181792827e-07,6.06961181792827e-07,0.600247203255994,0,0,0,1
Odd cubic,O3,64,6.4,6.5,0.600109299248672,6.06960863517916e-07,6.06960863517916e-07,0.600245233307159,0,0,0,1
Odd cubic,O3,65,6.5,6.6,0.600108424218005,6.06960549942823e-07,6.06960549942823e-07,0.600243294548258,0,0,0,1
Odd cubic,O3,66,6.6,6.7,0.600107563101351,6.06960240964666e-07,6.06960240964666e-07,0.600241386243993,0,0,0,1
Odd cubic,O3,67,6.7,6.8,0.600106715569371,6.06959936483532e-07,6.06959936483532e-07,0.600239507682004,0,0,0,1
Odd cubic,O3,68,6.8,6.9,0.60010588130304,6.06959636402392e-07,6.06959636402392e-07,0.600237658171984,0,0,0,1
Odd cubic,O3,69,6.9,7,0.600105059993244,6.06959340626939e-07,6.06959340626939e-07,0.600235837044831,0,0,0,1
Odd cubic,O3,70,7,7.1,0.600104251340401,6.06959049065558e-07,6.06959049065558e-07,0.600234043651836,0,0,0,1
Odd cubic,O3,71,7.1,7.2,0.600103455054094,6.06958761629191e-07,6.06958761629191e-07,0.600232277363919,0,0,0,1
Odd cubic,O3,72,7.2,7.3,0.600102670852722,6.0695847823124e-07,6.0695847823124e-07,0.600230537570885,0,0,0,1
Odd cubic,O3,73,7.3,7.4,0.600101898463174,6.0695819878754e-07,6.0695819878754e-07,0.600228823680726,0,0,0,1
Odd cubic,O3,74,7.4,7.5,0.600101137620503,6.06957923216208e-07,6.06957923216208e-07,0.600227135118945,0,0,0,1
Odd cubic,O3,75,7.5,7.6,0.600100388067631,6.06957651437615e-07,6.06957651437615e-07,0.600225471327914,0,0,0,1
Odd cubic,O3,76,7.6,7.7,0.600099649555054,6.0695738337428e-07,6.0695738337428e-07,0.600223831766259,0,0,0,1
Odd cubic,O3,77,7.7,7.8,0.600098921840568,6.06957118950814e-07,6.06957118950814e-07,0.600222215908274,0,0,0,1
Odd cubic,O3,78,7.8,7.9,0.600098204689001,6.0695685809383e-07,6.0695685809383e-07,0.600220623243353,0,0,0,1
Odd cubic,O3,79,7.9,8,0.600097497871962,6.06956600731915e-07,6.06956600731915e-07,0.600219053275458,0,0,0,1
Odd cubic,O3,80,8,8.1,0.600096801167597,6.06956346795541e-07,6.06956346795541e-07,0.6002175055226,0,0,0,1
Odd cubic,O3,81,8.1,8.2,0.600096114360361,6.06956096216988e-07,6.06956096216988e-07,0.600215979516344,0,0,0,1
Odd cubic,O3,82,8.2,8.3,0.600095437240787,6.06955848930314e-07,6.06955848930314e-07,0.600214474801336,0,0,0,1
Odd cubic,O3,83,8.3,8.4,0.60009476960528,6.0695560487127e-07,6.0695560487127e-07,0.600212990934853,0,0,0,1
Odd cubic,O3,84,8.4,8.5,0.600094111255912,6.06955363977291e-07,6.06955363977291e-07,0.600211527486363,0,0,0,1
Odd cubic,O3,85,8.5,8.6,0.600093462000223,6.06955126187389e-07,6.06955126187389e-07,0.600210084037112,0,0,0,1
Odd cubic,O3,86,8.6,8.7,0.600092821651038,6.06954891442126e-07,6.06954891442126e-07,0.600208660179722,0,0,0,1
Odd cubic,O3,87,8.7,8.8,0.60009219002628,6.06954659683588e-07,6.06954659683588e-07,0.600207255517807,0,0,0,1
Odd cubic,O3,88,8.8,8.9,0.600091566948806,6.06954430855289e-07,6.06954430855289e-07,0.600205869665606,0,0,0,1
Odd cubic,O3,89,8.9,9,0.600090952246235,6.06954204902174e-07,6.06954204902174e-07,0.600204502247628,0,0,0,1
Odd cubic,O3,90,9,9.1,0.600090345750791,6.06953981770545e-07,6.06953981770545e-07,0.600203152898314,0,0,0,1
Odd cubic,O3,91,9.1,9.2,0.600089747299149,6.06953761408026e-07,6.06953761408026e-07,0.600201821261709,0,0,0,1
Odd cubic,O3,92,9.2,9.3,0.600089156732293,6.06953543763529e-07,6.06953543763529e-07,0.60020050699115,0,0,0,1
Odd cubic,O3,93,9.3,9.4,0.600088573895367,6.06953328787208e-07,6.06953328787208e-07,0.600199209748964,0,0,0,1
Odd cubic,O3,94,9.4,9.5,0.600087998637546,6.06953116430443e-07,6.06953116430443e-07,0.600197929206177,0,0,0,1
Odd cubic,O3,95,9.5,9.6,0.600087430811906,6.06952906645746e-07,6.06952906645746e-07,0.600196665042238,0,0,0,1
Odd cubic,O3,96,9.6,9.7,0.600086870275293,6.06952699386801e-07,6.06952699386801e-07,0.600195416944753,0,0,0,1
Odd cubic,O3,97,9.7,9.8,0.600086316888209,6.06952494608377e-07,6.06952494608377e-07,0.60019418460922,0,0,0,1
Odd cubic,O3,98,9.8,9.9,0.600085770514691,6.06952292266328e-07,6.06952292266328e-07,0.600192967738787,0,0,0,1
Odd cubic,O3,99,9.9,10,0.600085231022204,6.06952092317514e-07,6.06952092317514e-07,0.600191766044013,0,0,0,1
Exact sine,E,0,0,0.1,0.939942062364374,0.0899420623646208,9.0574056473744e-07,0.94,0.09,0,0.09,1
Exact sine,E,1,0.1,0.2,0.66144391587527,6.10605720230398e-07,6.10605720230398e-07,0.661479795932854,0,0,0,1
Exact sine,E,2,0.2,0.3,0.578612661607769,5.90753136762821e-07,5.90753136762821e-07,0.578636780021783,0,0,0,1
Exact sine,E,3,0.3,0.4,0.582868936298105,6.15777658496256e-07,6.15777658496256e-07,0.582889548252854,0,0,0,1
Exact sine,E,4,0.4,0.5,0.594953301758494,6.17871748624124e-07,6.17871748624124e-07,0.59497384368595,0,0,0,1
Exact sine,E,5,0.5,0.6,0.599794900177407,6.11232352378436e-07,6.11232352378436e-07,0.599815709923144,0,0,0,1
Exact sine,E,6,0.6,0.7,0.600510414436869,6.08507810244933e-07,6.08507810244933e-07,0.600531228608139,0,0,0,1
Exact sine,E,7,0.7,0.8,0.600259241189576,6.08060274170347e-07,6.08060274170347e-07,0.600279905424323,0,0,0,1
Exact sine,E,8,0.8,0.9,0.600065216054889,6.08173212844481e-07,6.08173212844481e-07,0.600085695355684,0,0,0,1
Exact sine,E,9,0.9,1,0.600009338745476,6.08275258988437e-07,6.08275258988437e-07,0.600029637715741,0,0,0,1
Exact sine,E,10,1,1.1,0.600007428822033,6.0830685362634e-07,6.0830685362634e-07,0.600027555505927,0,0,0,1
Exact sine,E,11,1.1,1.2,0.600013039994622,6.08308733339046e-07,6.08308733339046e-07,0.600032999286166,0,0,0,1
Exact sine,E,12,1.2,1.3,0.600015635862293,6.08305826422105e-07,6.08305826422105e-07,0.600035430826105,0,0,0,1
Exact sine,E,13,1.3,1.4,0.600016028629437,6.08304298813127e-07,6.08304298813127e-07,0.600035661849642,0,0,0,1
Exact sine,E,14,1.4,1.5,0.600015808595803,6.08303937681819e-07,6.08303937681819e-07,0.60003528261513,0,0,0,1
Exact sine,E,15,1.5,1.6,0.600015578902773,6.08303927696533e-07,6.08303927696533e-07,0.600034896259279,0,0,0,1
Exact sine,E,16,1.6,1.7,0.6000154181394,6.08303935769663e-07,6.08303935769663e-07,0.600034581332741,0,0,0,1
Exact sine,E,17,1.7,1.8,0.600015290157495,6.08303911100675e-07,6.08303911100675e-07,0.600034301631152,0,0,0,1
Exact sine,E,18,1.8,1.9,0.600015169849739,6.08303870374771e-07,6.08303870374771e-07,0.6000340319884,0,0,0,1
Exact sine,E,19,1.9,2,0.600015050392207,6.08303826856879e-07,6.08303826856879e-07,0.600033765523901,0,0,0,1
Exact sine,E,20,2,2.1,0.600014931697197,6.08303784408544e-07,6.08303784408544e-07,0.600033502095685,0,0,0,1
Exact sine,E,21,2.1,2.2,0.600014814494974,6.08303743163166e-07,6.08303743163166e-07,0.600033242381659,0,0,0,1
Exact sine,E,22,2.2,2.3,0.600014699087162,6.08303702718482e-07,6.08303702718482e-07,0.600032986632722,0,0,0,1
Exact sine,E,23,2.3,2.4,0.600014585492303,6.08303662873762e-07,6.08303662873762e-07,0.600032734818206,0,0,0,1
Exact sine,E,24,2.4,2.5,0.600014473655701,6.08303623579743e-07,6.08303623579743e-07,0.600032486835675,0,0,0,1
Exact sine,E,25,2.5,2.6,0.600014363524481,6.08303584830313e-07,6.08303584830313e-07,0.600032242585931,0,0,0,1
Exact sine,E,26,2.6,2.7,0.600014255055947,6.08303546620761e-07,6.08303546620761e-07,0.600032001981326,0,0,0,1
Exact sine,E,27,2.7,2.8,0.600014148212434,6.08303508942185e-07,6.08303508942185e-07,0.600031764940561,0,0,0,1
Exact sine,E,28,2.8,2.9,0.60001404295804,6.08303471783864e-07,6.08303471783864e-07,0.60003153138537,0,0,0,1
Exact sine,E,29,2.9,3,0.600013939257761,6.08303435134969e-07,6.08303435134969e-07,0.600031301239617,0,0,0,1
Exact sine,E,30,3,3.1,0.600013837077479,6.08303398985044e-07,6.08303398985044e-07,0.600031074429224,0,0,0,1
Exact sine,E,31,3.1,3.2,0.60001373638402,6.08303363323986e-07,6.08303363323986e-07,0.600030850882203,0,0,0,1
Exact sine,E,32,3.2,3.3,0.600013637145168,6.08303328141991e-07,6.08303328141991e-07,0.600030630528619,0,0,0,1
Exact sine,E,33,3.3,3.4,0.600013539329633,6.0830329342949e-07,6.0830329342949e-07,0.600030413300525,0,0,0,1
Exact sine,E,34,3.4,3.5,0.600013442907017,6.08303259177205e-07,6.08303259177205e-07,0.60003019913189,0,0,0,1
Exact sine,E,35,3.5,3.6,0.600013347847785,6.08303225376063e-07,6.08303225376063e-07,0.600029987958531,0,0,0,1
Exact sine,E,36,3.6,3.7,0.600013254123228,6.08303192017247e-07,6.08303192017247e-07,0.600029779718047,0,0,0,1
Exact sine,E,37,3.7,3.8,0.600013161705438,6.08303159092166e-07,6.08303159092166e-07,0.600029574349758,0,0,0,1
Exact sine,E,38,3.8,3.9,0.600013070567281,6.08303126592435e-07,6.08303126592435e-07,0.600029371794649,0,0,0,1
Exact sine,E,39,3.9,4,0.600012980682366,6.0830309450991e-07,6.0830309450991e-07,0.600029171995307,0,0,0,1
Exact sine,E,40,4,4.1,0.600012892025025,6.08303062836619e-07,6.08303062836619e-07,0.600028974895874,0,0,0,1
Exact sine,E,41,4.1,4.2,0.600012804570285,6.0830303156481e-07,6.0830303156481e-07,0.60002878044199,0,0,0,1
Exact sine,E,42,4.2,4.3,0.600012718293847,6.08303000686924e-07,6.08303000686924e-07,0.600028588580745,0,0,0,1
Exact sine,E,43,4.3,4.4,0.60001263317206,6.08302970195602e-07,6.08302970195602e-07,0.600028399260629,0,0,0,1
Exact sine,E,44,4.4,4.5,0.600012549181905,6.08302940083632e-07,6.08302940083632e-07,0.600028212431491,0,0,0,1
Exact sine,E,45,4.5,4.6,0.600012466300965,6.08302910344014e-07,6.08302910344014e-07,0.600028028044488,0,0,0,1
Exact sine,E,46,4.6,4.7,0.600012384507418,6.08302880969898e-07,6.08302880969898e-07,0.600027846052047,0,0,0,1
Exact sine,E,47,4.7,4.8,0.600012303780005,6.0830285195462e-07,6.0830285195462e-07,0.600027666407823,0,0,0,1
Exact sine,E,48,4.8,4.9,0.60001222409802,6.08302823291654e-07,6.08302823291654e-07,0.600027489066657,0,0,0,1
Exact sine,E,49,4.9,5,0.600012145441291,6.08302794974632e-07,6.08302794974632e-07,0.600027313984544,0,0,0,1
Exact sine,E,50,5,5.1,0.600012067790159,6.08302766997374e-07,6.08302766997374e-07,0.60002714111859,0,0,0,1
Exact sine,E,51,5.1,5.2,0.600011991125465,6.08302739353791e-07,6.08302739353791e-07,0.600026970426983,0,0,0,1
Exact sine,E,52,5.2,5.3,0.600011915428534,6.08302712037978e-07,6.08302712037978e-07,0.600026801868953,0,0,0,1
Exact sine,E,53,5.3,5.4,0.600011840681159,6.08302685044158e-07,6.08302685044158e-07,0.600026635404746,0,0,0,1
Exact sine,E,54,5.4,5.5,0.600011766865588,6.08302658366681e-07,6.08302658366681e-07,0.600026470995587,0,0,0,1
Exact sine,E,55,5.5,5.6,0.600011693964507,6.08302632000046e-07,6.08302632000046e-07,0.600026308603655,0,0,0,1
Exact sine,E,56,5.6,5.7,0.600011621961029,6.08302605938852e-07,6.08302605938852e-07,0.600026148192049,0,0,0,1
Exact sine,E,57,5.7,5.8,0.60001155083868,6.08302580177836e-07,6.08302580177836e-07,0.600025989724765,0,0,0,1
Exact sine,E,58,5.8,5.9,0.600011480581387,6.08302554711869e-07,6.08302554711869e-07,0.600025833166664,0,0,0,1
Exact sine,E,59,5.9,6,0.600011411173465,6.08302529535908e-07,6.08302529535908e-07,0.600025678483451,0,0,0,1
Exact sine,E,60,6,6.1,0.600011342599607,6.08302504645048e-07,6.08302504645048e-07,0.600025525641646,0,0,0,1
Exact sine,E,61,6.1,6.2,0.60001127484487,6.08302480034485e-07,6.08302480034485e-07,0.600025374608561,0,0,0,1
Exact sine,E,62,6.2,6.3,0.600011207894667,6.0830245569952e-07,6.0830245569952e-07,0.60002522535228,0,0,0,1
Exact sine,E,63,6.3,6.4,0.600011141734753,6.08302431635563e-07,6.08302431635563e-07,0.60002507784163,0,0,0,1
Exact sine,E,64,6.4,6.5,0.600011076351221,6.08302407838121e-07,6.08302407838121e-07,0.600024932046165,0,0,0,1
Exact sine,E,65,6.5,6.6,0.600011011730486,6.08302384302803e-07,6.08302384302803e-07,0.600024787936143,0,0,0,1
Exact sine,E,66,6.6,6.7,0.600010947859279,6.08302361025314e-07,6.08302361025314e-07,0.600024645482505,0,0,0,1
Exact sine,E,67,6.7,6.8,0.600010884724635,6.08302338001441e-07,6.08302338001441e-07,0.600024504656856,0,0,0,1
Exact sine,E,68,6.8,6.9,0.600010822313888,6.08302315227082e-07,6.08302315227082e-07,0.600024365431447,0,0,0,1
Exact sine,E,69,6.9,7,0.600010760614661,6.08302292698205e-07,6.08302292698205e-07,0.600024227779156,0,0,0,1
Exact sine,E,70,7,7.1,0.600010699614855,6.08302270410874e-07,6.08302270410874e-07,0.60002409167347,0,0,0,1
Exact sine,E,71,7.1,7.2,0.600010639302649,6.08302248361236e-07,6.08302248361236e-07,0.600023957088468,0,0,0,1
Exact sine,E,72,7.2,7.3,0.600010579666481,6.08302226545513e-07,6.08302226545513e-07,0.600023823998808,0,0,0,1
Exact sine,E,73,7.3,7.4,0.600010520695049,6.08302204960016e-07,6.08302204960016e-07,0.600023692379704,0,0,0,1
Exact sine,E,74,7.4,7.5,0.600010462377303,6.08302183601113e-07,6.08302183601113e-07,0.600023562206917,0,0,0,1
Exact sine,E,75,7.5,7.6,0.600010404702436,6.0830216246528e-07,6.0830216246528e-07,0.600023433456738,0,0,0,1
Exact sine,E,76,7.6,7.7,0.600010347659875,6.08302141549035e-07,6.08302141549035e-07,0.600023306105972,0,0,0,1
Exact sine,E,77,7.7,7.8,0.600010291239281,6.08302120848988e-07,6.08302120848988e-07,0.600023180131927,0,0,0,1
Exact sine,E,78,7.8,7.9,0.600010235430537,6.083021003618e-07,6.083021003618e-07,0.600023055512397,0,0,0,1
Exact sine,E,79,7.9,8,0.600010180223747,6.08302080084221e-07,6.08302080084221e-07,0.600022932225654,0,0,0,1
Exact sine,E,80,8,8.1,0.600010125609223,6.08302060013067e-07,6.08302060013067e-07,0.600022810250429,0,0,0,1
Exact sine,E,81,8.1,8.2,0.600010071577487,6.08302040145186e-07,6.08302040145186e-07,0.600022689565906,0,0,0,1
Exact sine,E,82,8.2,8.3,0.600010018119262,6.08302020477515e-07,6.08302020477515e-07,0.600022570151705,0,0,0,1
Exact sine,E,83,8.3,8.4,0.600009965225465,6.08302001007066e-07,6.08302001007066e-07,0.600022451987874,0,0,0,1
Exact sine,E,84,8.4,8.5,0.600009912887205,6.08301981730878e-07,6.08301981730878e-07,0.600022335054877,0,0,0,1
Exact sine,E,85,8.5,8.6,0.600009861095777,6.08301962646063e-07,6.08301962646063e-07,0.600022219333581,0,0,0,1
Exact sine,E,86,8.6,8.7,0.600009809842656,6.083019437498e-07,6.083019437498e-07,0.600022104805251,0,0,0,1
Exact sine,E,87,8.7,8.8,0.600009759119495,6.08301925039307e-07,6.08301925039307e-07,0.600021991451531,0,0,0,1
Exact sine,E,88,8.8,8.9,0.600009708918116,6.08301906511867e-07,6.08301906511867e-07,0.600021879254445,0,0,0,1
Exact sine,E,89,8.9,9,0.60000965923051,6.083018881648e-07,6.083018881648e-07,0.600021768196379,0,0,0,1
Exact sine,E,90,9,9.1,0.600009610048831,6.08301869995505e-07,6.08301869995505e-07,0.600021658260076,0,0,0,1
Exact sine,E,91,9.1,9.2,0.600009561365392,6.08301852001404e-07,6.08301852001404e-07,0.600021549428624,0,0,0,1
Exact sine,E,92,9.2,9.3,0.600009513172661,6.08301834179983e-07,6.08301834179983e-07,0.600021441685452,0,0,0,1
Exact sine,E,93,9.3,9.4,0.600009465463256,6.08301816528774e-07,6.08301816528774e-07,0.600021335014316,0,0,0,1
Exact sine,E,94,9.4,9.5,0.600009418229943,6.08301799045354e-07,6.08301799045354e-07,0.600021229399296,0,0,0,1
Exact sine,E,95,9.5,9.6,0.600009371465633,6.0830178172734e-07,6.0830178172734e-07,0.600021124824785,0,0,0,1
Exact sine,E,96,9.6,9.7,0.600009325163375,6.08301764572412e-07,6.08301764572412e-07,0.600021021275481,0,0,0,1
Exact sine,E,97,9.7,9.8,0.600009279316355,6.08301747578265e-07,6.08301747578265e-07,0.600020918736383,0,0,0,1
Exact sine,E,98,9.8,9.9,0.600009233917893,6.0830173074267e-07,6.0830173074267e-07,0.600020817192776,0,0,0,1
Exact sine,E,99,9.9,10,0.600009188961439,6.08301714063406e-07,6.08301714063406e-07,0.600020716630237,0,0,0,1
Known-model reference,K,0,0,0.1,0.94,0.0900000000002475,9.07806004452374e-07,0.94,0.09,0,0.09,1
Known-model reference,K,1,0.1,0.2,0.661433483560977,6.10444758841802e-07,6.10444758841802e-07,0.661433483560977,0,0,0,1
Known-model reference,K,2,0.2,0.3,0.578562391109743,5.90684754064647e-07,5.90684754064647e-07,0.578562391109743,0,0,0,1
Known-model reference,K,3,0.3,0.4,0.582835700731436,6.15786377536252e-07,6.15786377536252e-07,0.582835700731436,0,0,0,1
Known-model reference,K,4,0.4,0.5,0.594933801439574,6.17872216141759e-07,6.17872216141759e-07,0.594933801439573,0,0,0,1
Known-model reference,K,5,0.5,0.6,0.599779103998534,6.1122368133566e-07,6.1122368133566e-07,0.599779103998534,0,0,0,1
Known-model reference,K,6,0.6,0.7,0.600494461862132,6.08497131285097e-07,6.08497131285097e-07,0.600494461862132,0,0,0,1
Known-model reference,K,7,0.7,0.8,0.600242816729112,6.08049810092805e-07,6.08049810092805e-07,0.600242816729112,0,0,0,1
Known-model reference,K,8,0.8,0.9,0.600048702871006,6.0816314507072e-07,6.0816314507072e-07,0.600048702871006,0,0,0,1
Known-model reference,K,9,0.9,1,0.599992947551928,6.08265374977971e-07,6.08265374977971e-07,0.599992947551928,0,0,0,1
Known-model reference,K,10,1,1.1,0.599991200189264,6.08297031914703e-07,6.08297031914703e-07,0.599991200189264,0,0,0,1
Known-model reference,K,11,1.1,1.2,0.599996962203084,6.0829894751763e-07,6.0829894751763e-07,0.599996962203084,0,0,0,1
Known-model reference,K,12,1.2,1.3,0.599999696653488,6.08296080391494e-07,6.08296080391494e-07,0.599999696653488,0,0,0,1
Known-model reference,K,13,1.3,1.4,0.600000222494033,6.08294597351791e-07,6.08294597351791e-07,0.600000222494033,0,0,0,1
Known-model reference,K,14,1.4,1.5,0.600000133164611,6.08294281955465e-07,6.08294281955465e-07,0.600000133164611,0,0,0,1
Known-model reference,K,15,1.5,1.6,0.600000032369112,6.08294317139546e-07,6.08294317139546e-07,0.600000032369112,0,0,0,1
Known-model reference,K,16,1.6,1.7,0.599999998575062,6.08294369519659e-07,6.08294369519659e-07,0.599999998575062,0,0,0,1
Known-model reference,K,17,1.7,1.8,0.599999995540767,6.08294388397239e-07,6.08294388397239e-07,0.599999995540767,0,0,0,1
Known-model reference,K,18,1.8,1.9,0.5999999981658,6.08294390551818e-07,6.08294390551818e-07,0.5999999981658,0,0,0,1
Known-model reference,K,19,1.9,2,0.599999999673637,6.0829438928724e-07,6.0829438928724e-07,0.599999999673637,0,0,0,1
Known-model reference,K,20,2,2.1,0.600000000028267,6.08294388479729e-07,6.08294388479729e-07,0.600000000028267,0,0,0,1
Known-model reference,K,21,2.1,2.2,0.600000000007402,6.08294388273269e-07,6.08294388273269e-07,0.600000000007402,0,0,0,1
Known-model reference,K,22,2.2,2.3,0.599999999956714,6.08294388277188e-07,6.08294388277188e-07,0.599999999956714,0,0,0,1
Known-model reference,K,23,2.3,2.4,0.599999999936903,6.08294388303075e-07,6.08294388303075e-07,0.599999999936903,0,0,0,1
Known-model reference,K,24,2.4,2.5,0.59999999993414,6.0829438831399e-07,6.0829438831399e-07,0.59999999993414,0,0,0,1
Known-model reference,K,25,2.5,2.6,0.599999999935247,6.08294388315746e-07,6.08294388315746e-07,0.599999999935247,0,0,0,1
Known-model reference,K,26,2.6,2.7,0.599999999936057,6.08294388315238e-07,6.08294388315238e-07,0.599999999936057,0,0,0,1
Known-model reference,K,27,2.7,2.8,0.599999999936282,6.08294388314809e-07,6.08294388314809e-07,0.599999999936282,0,0,0,1
Known-model reference,K,28,2.8,2.9,0.599999999936287,6.08294388314683e-07,6.08294388314683e-07,0.599999999936287,0,0,0,1
Known-model reference,K,29,2.9,3,0.599999999936262,6.0829438831468e-07,6.0829438831468e-07,0.599999999936262,0,0,0,1
Known-model reference,K,30,3,3.1,0.599999999936251,6.08294388314684e-07,6.08294388314684e-07,0.599999999936251,0,0,0,1
Known-model reference,K,31,3.1,3.2,0.599999999936249,6.08294388314699e-07,6.08294388314699e-07,0.599999999936249,0,0,0,1
Known-model reference,K,32,3.2,3.3,0.599999999936249,6.08294388314695e-07,6.08294388314695e-07,0.599999999936249,0,0,0,1
Known-model reference,K,33,3.3,3.4,0.59999999993625,6.08294388314701e-07,6.08294388314701e-07,0.59999999993625,0,0,0,1
Known-model reference,K,34,3.4,3.5,0.59999999993625,6.08294388314696e-07,6.08294388314696e-07,0.59999999993625,0,0,0,1
Known-model reference,K,35,3.5,3.6,0.59999999993625,6.08294388314696e-07,6.08294388314696e-07,0.59999999993625,0,0,0,1
Known-model reference,K,36,3.6,3.7,0.59999999993625,6.08294388314696e-07,6.08294388314696e-07,0.59999999993625,0,0,0,1
Known-model reference,K,37,3.7,3.8,0.59999999993625,6.08294388314693e-07,6.08294388314693e-07,0.59999999993625,0,0,0,1
Known-model reference,K,38,3.8,3.9,0.59999999993625,6.08294388314696e-07,6.08294388314696e-07,0.59999999993625,0,0,0,1
Known-model reference,K,39,3.9,4,0.59999999993625,6.08294388314691e-07,6.08294388314691e-07,0.59999999993625,0,0,0,1
Known-model reference,K,40,4,4.1,0.59999999993625,6.08294388314693e-07,6.08294388314693e-07,0.59999999993625,0,0,0,1
Known-model reference,K,41,4.1,4.2,0.59999999993625,6.08294388314695e-07,6.08294388314695e-07,0.59999999993625,0,0,0,1
Known-model reference,K,42,4.2,4.3,0.59999999993625,6.08294388314699e-07,6.08294388314699e-07,0.59999999993625,0,0,0,1
Known-model reference,K,43,4.3,4.4,0.59999999993625,6.08294388314697e-07,6.08294388314697e-07,0.59999999993625,0,0,0,1
Known-model reference,K,44,4.4,4.5,0.59999999993625,6.08294388314696e-07,6.08294388314696e-07,0.59999999993625,0,0,0,1
Known-model reference,K,45,4.5,4.6,0.59999999993625,6.08294388314696e-07,6.08294388314696e-07,0.59999999993625,0,0,0,1
Known-model reference,K,46,4.6,4.7,0.59999999993625,6.08294388314696e-07,6.08294388314696e-07,0.59999999993625,0,0,0,1
Known-model reference,K,47,4.7,4.8,0.59999999993625,6.08294388314693e-07,6.08294388314693e-07,0.59999999993625,0,0,0,1
Known-model reference,K,48,4.8,4.9,0.59999999993625,6.08294388314696e-07,6.08294388314696e-07,0.59999999993625,0,0,0,1
Known-model reference,K,49,4.9,5,0.59999999993625,6.08294388314691e-07,6.08294388314691e-07,0.59999999993625,0,0,0,1
Known-model reference,K,50,5,5.1,0.59999999993625,6.08294388314693e-07,6.08294388314693e-07,0.59999999993625,0,0,0,1
Known-model reference,K,51,5.1,5.2,0.59999999993625,6.08294388314695e-07,6.08294388314695e-07,0.59999999993625,0,0,0,1
Known-model reference,K,52,5.2,5.3,0.59999999993625,6.08294388314699e-07,6.08294388314699e-07,0.59999999993625,0,0,0,1
Known-model reference,K,53,5.3,5.4,0.59999999993625,6.08294388314697e-07,6.08294388314697e-07,0.59999999993625,0,0,0,1
Known-model reference,K,54,5.4,5.5,0.59999999993625,6.08294388314696e-07,6.08294388314696e-07,0.59999999993625,0,0,0,1
Known-model reference,K,55,5.5,5.6,0.59999999993625,6.08294388314696e-07,6.08294388314696e-07,0.59999999993625,0,0,0,1
Known-model reference,K,56,5.6,5.7,0.59999999993625,6.08294388314696e-07,6.08294388314696e-07,0.59999999993625,0,0,0,1
Known-model reference,K,57,5.7,5.8,0.59999999993625,6.08294388314693e-07,6.08294388314693e-07,0.59999999993625,0,0,0,1
Known-model reference,K,58,5.8,5.9,0.59999999993625,6.08294388314696e-07,6.08294388314696e-07,0.59999999993625,0,0,0,1
Known-model reference,K,59,5.9,6,0.59999999993625,6.08294388314691e-07,6.08294388314691e-07,0.59999999993625,0,0,0,1
Known-model reference,K,60,6,6.1,0.59999999993625,6.08294388314693e-07,6.08294388314693e-07,0.59999999993625,0,0,0,1
Known-model reference,K,61,6.1,6.2,0.59999999993625,6.08294388314695e-07,6.08294388314695e-07,0.59999999993625,0,0,0,1
Known-model reference,K,62,6.2,6.3,0.59999999993625,6.08294388314699e-07,6.08294388314699e-07,0.59999999993625,0,0,0,1
Known-model reference,K,63,6.3,6.4,0.59999999993625,6.08294388314697e-07,6.08294388314697e-07,0.59999999993625,0,0,0,1
Known-model reference,K,64,6.4,6.5,0.59999999993625,6.08294388314696e-07,6.08294388314696e-07,0.59999999993625,0,0,0,1
Known-model reference,K,65,6.5,6.6,0.59999999993625,6.08294388314696e-07,6.08294388314696e-07,0.59999999993625,0,0,0,1
Known-model reference,K,66,6.6,6.7,0.59999999993625,6.08294388314696e-07,6.08294388314696e-07,0.59999999993625,0,0,0,1
Known-model reference,K,67,6.7,6.8,0.59999999993625,6.08294388314693e-07,6.08294388314693e-07,0.59999999993625,0,0,0,1
Known-model reference,K,68,6.8,6.9,0.59999999993625,6.08294388314696e-07,6.08294388314696e-07,0.59999999993625,0,0,0,1
Known-model reference,K,69,6.9,7,0.59999999993625,6.08294388314691e-07,6.08294388314691e-07,0.59999999993625,0,0,0,1
Known-model reference,K,70,7,7.1,0.59999999993625,6.08294388314693e-07,6.08294388314693e-07,0.59999999993625,0,0,0,1
Known-model reference,K,71,7.1,7.2,0.59999999993625,6.08294388314695e-07,6.08294388314695e-07,0.59999999993625,0,0,0,1
Known-model reference,K,72,7.2,7.3,0.59999999993625,6.08294388314699e-07,6.08294388314699e-07,0.59999999993625,0,0,0,1
Known-model reference,K,73,7.3,7.4,0.59999999993625,6.08294388314697e-07,6.08294388314697e-07,0.59999999993625,0,0,0,1
Known-model reference,K,74,7.4,7.5,0.59999999993625,6.08294388314696e-07,6.08294388314696e-07,0.59999999993625,0,0,0,1
Known-model reference,K,75,7.5,7.6,0.59999999993625,6.08294388314696e-07,6.08294388314696e-07,0.59999999993625,0,0,0,1
Known-model reference,K,76,7.6,7.7,0.59999999993625,6.08294388314696e-07,6.08294388314696e-07,0.59999999993625,0,0,0,1
Known-model reference,K,77,7.7,7.8,0.59999999993625,6.08294388314693e-07,6.08294388314693e-07,0.59999999993625,0,0,0,1
Known-model reference,K,78,7.8,7.9,0.59999999993625,6.08294388314696e-07,6.08294388314696e-07,0.59999999993625,0,0,0,1
Known-model reference,K,79,7.9,8,0.59999999993625,6.08294388314691e-07,6.08294388314691e-07,0.59999999993625,0,0,0,1
Known-model reference,K,80,8,8.1,0.59999999993625,6.08294388314693e-07,6.08294388314693e-07,0.59999999993625,0,0,0,1
Known-model reference,K,81,8.1,8.2,0.59999999993625,6.08294388314695e-07,6.08294388314695e-07,0.59999999993625,0,0,0,1
Known-model reference,K,82,8.2,8.3,0.59999999993625,6.08294388314699e-07,6.08294388314699e-07,0.59999999993625,0,0,0,1
Known-model reference,K,83,8.3,8.4,0.59999999993625,6.08294388314697e-07,6.08294388314697e-07,0.59999999993625,0,0,0,1
Known-model reference,K,84,8.4,8.5,0.59999999993625,6.08294388314696e-07,6.08294388314696e-07,0.59999999993625,0,0,0,1
Known-model reference,K,85,8.5,8.6,0.59999999993625,6.08294388314696e-07,6.08294388314696e-07,0.59999999993625,0,0,0,1
Known-model reference,K,86,8.6,8.7,0.59999999993625,6.08294388314696e-07,6.08294388314696e-07,0.59999999993625,0,0,0,1
Known-model reference,K,87,8.7,8.8,0.59999999993625,6.08294388314693e-07,6.08294388314693e-07,0.59999999993625,0,0,0,1
Known-model reference,K,88,8.8,8.9,0.59999999993625,6.08294388314696e-07,6.08294388314696e-07,0.59999999993625,0,0,0,1
Known-model reference,K,89,8.9,9,0.59999999993625,6.08294388314691e-07,6.08294388314691e-07,0.59999999993625,0,0,0,1
Known-model reference,K,90,9,9.1,0.59999999993625,6.08294388314693e-07,6.08294388314693e-07,0.59999999993625,0,0,0,1
Known-model reference,K,91,9.1,9.2,0.59999999993625,6.08294388314695e-07,6.08294388314695e-07,0.59999999993625,0,0,0,1
Known-model reference,K,92,9.2,9.3,0.59999999993625,6.08294388314699e-07,6.08294388314699e-07,0.59999999993625,0,0,0,1
Known-model reference,K,93,9.3,9.4,0.59999999993625,6.08294388314697e-07,6.08294388314697e-07,0.59999999993625,0,0,0,1
Known-model reference,K,94,9.4,9.5,0.59999999993625,6.08294388314696e-07,6.08294388314696e-07,0.59999999993625,0,0,0,1
Known-model reference,K,95,9.5,9.6,0.59999999993625,6.08294388314696e-07,6.08294388314696e-07,0.59999999993625,0,0,0,1
Known-model reference,K,96,9.6,9.7,0.59999999993625,6.08294388314696e-07,6.08294388314696e-07,0.59999999993625,0,0,0,1
Known-model reference,K,97,9.7,9.8,0.59999999993625,6.08294388314693e-07,6.08294388314693e-07,0.59999999993625,0,0,0,1
Known-model reference,K,98,9.8,9.9,0.59999999993625,6.08294388314696e-07,6.08294388314696e-07,0.59999999993625,0,0,0,1
Known-model reference,K,99,9.9,10,0.59999999993625,6.08294388314691e-07,6.08294388314691e-07,0.59999999993625,0,0,0,1
