runId,configuration,modelId,model,nTheta,trial,noisy,R,alphaP,fittingTransitions,identificationApplicable,Ts,durationSeconds,controlInstants,trackingWindow,incrementIndices,initialInputSeed,evaluationInputSeed,initialNoiseSeed,controlNoiseSeed,recordFile,recordSHA256,recordCampaignLabel,scientificStatus,baselineFile,baselineGate,dependency,executionStatus,completed,predictionCompleted,nSteps,predictionRMS,trackingRMS,inputRMS,meanAbsoluteIncrement,identificationRejected,initializationRejected,controlRejected,outputViolationPeak,inputViolationPeak,incrementViolationPeak,failureMessage
baseline_A_000,baseline,A,Affine,3,0,0,0.05,1,200,1,0.1,120,1200,"[0,120)",k=1:1199,2101,2102,NaN,NaN,C:\Users\tamwi\OneDrive - Kyoto University\research\projects\tam-control-toolbox\results\study1_candidate_20260917\data\records_confirmation.mat,31b1914e7fe30ea87e0183c586747ea1733a408829145158c41bc55c633635f9,confirmation,paired P06 sensitivity; not independent confirmation,C:\Users\tamwi\OneDrive - Kyoto University\research\projects\tam-control-toolbox\results\study1_candidate_20260917\data\confirmation_A_000.mat,1,all 12 baseline-gate cases must pass before non-gate runs,COMPLETED,1,1,1200,0.0178395800973106,0.0558234167158101,0.381649356680145,0.0073396108612427,0,0,0,0,0,0,
baseline_S_000,baseline,S,Shared,3,0,0,0.05,1,200,1,0.1,120,1200,"[0,120)",k=1:1199,2101,2102,NaN,NaN,C:\Users\tamwi\OneDrive - Kyoto University\research\projects\tam-control-toolbox\results\study1_candidate_20260917\data\records_confirmation.mat,31b1914e7fe30ea87e0183c586747ea1733a408829145158c41bc55c633635f9,confirmation,paired P06 sensitivity; not independent confirmation,C:\Users\tamwi\OneDrive - Kyoto University\research\projects\tam-control-toolbox\results\study1_candidate_20260917\data\confirmation_S_000.mat,1,all 12 baseline-gate cases must pass before non-gate runs,COMPLETED,1,1,1200,2.77377266364392e-05,0.0489914669223513,0.38597187334346,0.00690725429166009,0,0,0,0,0,0,
baseline_W_000,baseline,W,Incorrectly shared,3,0,0,0.05,1,200,1,0.1,120,1200,"[0,120)",k=1:1199,2101,2102,NaN,NaN,C:\Users\tamwi\OneDrive - Kyoto University\research\projects\tam-control-toolbox\results\study1_candidate_20260917\data\records_confirmation.mat,31b1914e7fe30ea87e0183c586747ea1733a408829145158c41bc55c633635f9,confirmation,paired P06 sensitivity; not independent confirmation,C:\Users\tamwi\OneDrive - Kyoto University\research\projects\tam-control-toolbox\results\study1_candidate_20260917\data\confirmation_W_000.mat,1,all 12 baseline-gate cases must pass before non-gate runs,COMPLETED,1,1,1200,0.0361700450061818,0.076344808831034,0.377462615695762,0.00810573845395841,0,0,0,0,0,0,
baseline_R_000,baseline,R,Relaxed,4,0,0,0.05,1,200,1,0.1,120,1200,"[0,120)",k=1:1199,2101,2102,NaN,NaN,C:\Users\tamwi\OneDrive - Kyoto University\research\projects\tam-control-toolbox\results\study1_candidate_20260917\data\records_confirmation.mat,31b1914e7fe30ea87e0183c586747ea1733a408829145158c41bc55c633635f9,confirmation,paired P06 sensitivity; not independent confirmation,C:\Users\tamwi\OneDrive - Kyoto University\research\projects\tam-control-toolbox\results\study1_candidate_20260917\data\confirmation_R_000.mat,1,all 12 baseline-gate cases must pass before non-gate runs,COMPLETED,1,1,1200,3.95359431695412e-05,0.0489909696105851,0.385976527448214,0.00690767396434743,0,0,0,0,0,0,
baseline_P2_000,baseline,P2,Complete quadratic,6,0,0,0.05,1,200,1,0.1,120,1200,"[0,120)",k=1:1199,2101,2102,NaN,NaN,C:\Users\tamwi\OneDrive - Kyoto University\research\projects\tam-control-toolbox\results\study1_candidate_20260917\data\records_confirmation.mat,31b1914e7fe30ea87e0183c586747ea1733a408829145158c41bc55c633635f9,confirmation,paired P06 sensitivity; not independent confirmation,C:\Users\tamwi\OneDrive - Kyoto University\research\projects\tam-control-toolbox\results\study1_candidate_20260917\data\confirmation_P2_000.mat,1,all 12 baseline-gate cases must pass before non-gate runs,COMPLETED,1,1,1200,0.000123839225217951,0.048982968589267,0.385992977657736,0.00690915809838489,0,0,0,0,0,0,
baseline_K_000,baseline,K,Known-model reference,0,0,0,0.05,NaN,NaN,0,0.1,120,1200,"[0,120)",k=1:1199,2101,2102,NaN,NaN,C:\Users\tamwi\OneDrive - Kyoto University\research\projects\tam-control-toolbox\results\study1_candidate_20260917\data\records_confirmation.mat,31b1914e7fe30ea87e0183c586747ea1733a408829145158c41bc55c633635f9,confirmation,paired P06 sensitivity; not independent confirmation,C:\Users\tamwi\OneDrive - Kyoto University\research\projects\tam-control-toolbox\results\study1_candidate_20260917\data\confirmation_K_000.mat,1,all 12 baseline-gate cases must pass before non-gate runs,COMPLETED,1,1,1200,2.82499065610041e-17,0.0489910781924341,0.385958982348048,0.00690659164799854,0,0,0,0,0,0,
R_half_A_000,R_half,A,Affine,3,0,0,0.025,1,200,1,0.1,120,1200,"[0,120)",k=1:1199,2101,2102,NaN,NaN,C:\Users\tamwi\OneDrive - Kyoto University\research\projects\tam-control-toolbox\results\study1_candidate_20260917\data\records_confirmation.mat,31b1914e7fe30ea87e0183c586747ea1733a408829145158c41bc55c633635f9,confirmation,paired P06 sensitivity; not independent confirmation,C:\Users\tamwi\OneDrive - Kyoto University\research\projects\tam-control-toolbox\results\study1_candidate_20260917\data\confirmation_A_000.mat,0,all 12 baseline-gate cases must pass before non-gate runs,COMPLETED,1,1,1200,0.0178395800973106,0.055501188375503,0.381815044057756,0.00760334773335767,0,0,0,0,0,0,
R_half_S_000,R_half,S,Shared,3,0,0,0.025,1,200,1,0.1,120,1200,"[0,120)",k=1:1199,2101,2102,NaN,NaN,C:\Users\tamwi\OneDrive - Kyoto University\research\projects\tam-control-toolbox\results\study1_candidate_20260917\data\records_confirmation.mat,31b1914e7fe30ea87e0183c586747ea1733a408829145158c41bc55c633635f9,confirmation,paired P06 sensitivity; not independent confirmation,C:\Users\tamwi\OneDrive - Kyoto University\research\projects\tam-control-toolbox\results\study1_candidate_20260917\data\confirmation_S_000.mat,0,all 12 baseline-gate cases must pass before non-gate runs,COMPLETED,1,1,1200,2.77377266364392e-05,0.0489671844676544,0.386071758020056,0.00722317663773952,0,0,0,0,0,0,
R_half_W_000,R_half,W,Incorrectly shared,3,0,0,0.025,1,200,1,0.1,120,1200,"[0,120)",k=1:1199,2101,2102,NaN,NaN,C:\Users\tamwi\OneDrive - Kyoto University\research\projects\tam-control-toolbox\results\study1_candidate_20260917\data\records_confirmation.mat,31b1914e7fe30ea87e0183c586747ea1733a408829145158c41bc55c633635f9,confirmation,paired P06 sensitivity; not independent confirmation,C:\Users\tamwi\OneDrive - Kyoto University\research\projects\tam-control-toolbox\results\study1_candidate_20260917\data\confirmation_W_000.mat,0,all 12 baseline-gate cases must pass before non-gate runs,COMPLETED,1,1,1200,0.0361700450061818,0.075370024673194,0.377755386749664,0.00849880147870164,0,0,0,0,0,0,
R_half_R_000,R_half,R,Relaxed,4,0,0,0.025,1,200,1,0.1,120,1200,"[0,120)",k=1:1199,2101,2102,NaN,NaN,C:\Users\tamwi\OneDrive - Kyoto University\research\projects\tam-control-toolbox\results\study1_candidate_20260917\data\records_confirmation.mat,31b1914e7fe30ea87e0183c586747ea1733a408829145158c41bc55c633635f9,confirmation,paired P06 sensitivity; not independent confirmation,C:\Users\tamwi\OneDrive - Kyoto University\research\projects\tam-control-toolbox\results\study1_candidate_20260917\data\confirmation_R_000.mat,0,all 12 baseline-gate cases must pass before non-gate runs,COMPLETED,1,1,1200,3.95359431695412e-05,0.0489666682186185,0.386076285043314,0.0072236120783508,0,0,0,0,0,0,
R_half_P2_000,R_half,P2,Complete quadratic,6,0,0,0.025,1,200,1,0.1,120,1200,"[0,120)",k=1:1199,2101,2102,NaN,NaN,C:\Users\tamwi\OneDrive - Kyoto University\research\projects\tam-control-toolbox\results\study1_candidate_20260917\data\records_confirmation.mat,31b1914e7fe30ea87e0183c586747ea1733a408829145158c41bc55c633635f9,confirmation,paired P06 sensitivity; not independent confirmation,C:\Users\tamwi\OneDrive - Kyoto University\research\projects\tam-control-toolbox\results\study1_candidate_20260917\data\confirmation_P2_000.mat,0,all 12 baseline-gate cases must pass before non-gate runs,COMPLETED,1,1,1200,0.000123839225217951,0.0489585482296953,0.386091880232005,0.00722523818130014,0,0,0,0,0,0,
R_half_K_000,R_half,K,Known-model reference,0,0,0,0.025,NaN,NaN,0,0.1,120,1200,"[0,120)",k=1:1199,2101,2102,NaN,NaN,C:\Users\tamwi\OneDrive - Kyoto University\research\projects\tam-control-toolbox\results\study1_candidate_20260917\data\records_confirmation.mat,31b1914e7fe30ea87e0183c586747ea1733a408829145158c41bc55c633635f9,confirmation,paired P06 sensitivity; not independent confirmation,C:\Users\tamwi\OneDrive - Kyoto University\research\projects\tam-control-toolbox\results\study1_candidate_20260917\data\confirmation_K_000.mat,0,all 12 baseline-gate cases must pass before non-gate runs,COMPLETED,1,1,1200,2.82499065610041e-17,0.0489667522261704,0.386059033180997,0.00722228899994102,0,0,0,0,0,0,
R_double_A_000,R_double,A,Affine,3,0,0,0.1,1,200,1,0.1,120,1200,"[0,120)",k=1:1199,2101,2102,NaN,NaN,C:\Users\tamwi\OneDrive - Kyoto University\research\projects\tam-control-toolbox\results\study1_candidate_20260917\data\records_confirmation.mat,31b1914e7fe30ea87e0183c586747ea1733a408829145158c41bc55c633635f9,confirmation,paired P06 sensitivity; not independent confirmation,C:\Users\tamwi\OneDrive - Kyoto University\research\projects\tam-control-toolbox\results\study1_candidate_20260917\data\confirmation_A_000.mat,0,all 12 baseline-gate cases must pass before non-gate runs,COMPLETED,1,1,1200,0.0178395800973106,0.056290215295693,0.381409457123746,0.00698073572213976,0,0,0,0,0,0,
R_double_S_000,R_double,S,Shared,3,0,0,0.1,1,200,1,0.1,120,1200,"[0,120)",k=1:1199,2101,2102,NaN,NaN,C:\Users\tamwi\OneDrive - Kyoto University\research\projects\tam-control-toolbox\results\study1_candidate_20260917\data\records_confirmation.mat,31b1914e7fe30ea87e0183c586747ea1733a408829145158c41bc55c633635f9,confirmation,paired P06 sensitivity; not independent confirmation,C:\Users\tamwi\OneDrive - Kyoto University\research\projects\tam-control-toolbox\results\study1_candidate_20260917\data\confirmation_S_000.mat,0,all 12 baseline-gate cases must pass before non-gate runs,COMPLETED,1,1,1200,2.77377266364392e-05,0.0490494976888957,0.385837559990996,0.00647015822732017,0,0,0,0,0,0,
R_double_W_000,R_double,W,Incorrectly shared,3,0,0,0.1,1,200,1,0.1,120,1200,"[0,120)",k=1:1199,2101,2102,NaN,NaN,C:\Users\tamwi\OneDrive - Kyoto University\research\projects\tam-control-toolbox\results\study1_candidate_20260917\data\records_confirmation.mat,31b1914e7fe30ea87e0183c586747ea1733a408829145158c41bc55c633635f9,confirmation,paired P06 sensitivity; not independent confirmation,C:\Users\tamwi\OneDrive - Kyoto University\research\projects\tam-control-toolbox\results\study1_candidate_20260917\data\confirmation_W_000.mat,0,all 12 baseline-gate cases must pass before non-gate runs,COMPLETED,1,1,1200,0.0361700450061818,0.077537949608054,0.377002721454828,0.00768776765809217,0,0,0,0,0,0,
R_double_R_000,R_double,R,Relaxed,4,0,0,0.1,1,200,1,0.1,120,1200,"[0,120)",k=1:1199,2101,2102,NaN,NaN,C:\Users\tamwi\OneDrive - Kyoto University\research\projects\tam-control-toolbox\results\study1_candidate_20260917\data\records_confirmation.mat,31b1914e7fe30ea87e0183c586747ea1733a408829145158c41bc55c633635f9,confirmation,paired P06 sensitivity; not independent confirmation,C:\Users\tamwi\OneDrive - Kyoto University\research\projects\tam-control-toolbox\results\study1_candidate_20260917\data\confirmation_R_000.mat,0,all 12 baseline-gate cases must pass before non-gate runs,COMPLETED,1,1,1200,3.95359431695412e-05,0.0490490213554347,0.385842340622181,0.00647052382649163,0,0,0,0,0,0,
R_double_P2_000,R_double,P2,Complete quadratic,6,0,0,0.1,1,200,1,0.1,120,1200,"[0,120)",k=1:1199,2101,2102,NaN,NaN,C:\Users\tamwi\OneDrive - Kyoto University\research\projects\tam-control-toolbox\results\study1_candidate_20260917\data\records_confirmation.mat,31b1914e7fe30ea87e0183c586747ea1733a408829145158c41bc55c633635f9,confirmation,paired P06 sensitivity; not independent confirmation,C:\Users\tamwi\OneDrive - Kyoto University\research\projects\tam-control-toolbox\results\study1_candidate_20260917\data\confirmation_P2_000.mat,0,all 12 baseline-gate cases must pass before non-gate runs,COMPLETED,1,1,1200,0.000123839225217951,0.0490413588291526,0.385858847738319,0.00647260049945804,0,0,0,0,0,0,
R_double_K_000,R_double,K,Known-model reference,0,0,0,0.1,NaN,NaN,0,0.1,120,1200,"[0,120)",k=1:1199,2101,2102,NaN,NaN,C:\Users\tamwi\OneDrive - Kyoto University\research\projects\tam-control-toolbox\results\study1_candidate_20260917\data\records_confirmation.mat,31b1914e7fe30ea87e0183c586747ea1733a408829145158c41bc55c633635f9,confirmation,paired P06 sensitivity; not independent confirmation,C:\Users\tamwi\OneDrive - Kyoto University\research\projects\tam-control-toolbox\results\study1_candidate_20260917\data\confirmation_K_000.mat,0,all 12 baseline-gate cases must pass before non-gate runs,COMPLETED,1,1,1200,2.82499065610041e-17,0.0490491562608578,0.385824407698093,0.00646963173280044,0,0,0,0,0,0,
prior_tenth_A_000,prior_tenth,A,Affine,3,0,0,0.05,0.1,200,1,0.1,120,1200,"[0,120)",k=1:1199,2101,2102,NaN,NaN,C:\Users\tamwi\OneDrive - Kyoto University\research\projects\tam-control-toolbox\results\study1_candidate_20260917\data\records_confirmation.mat,31b1914e7fe30ea87e0183c586747ea1733a408829145158c41bc55c633635f9,confirmation,paired P06 sensitivity; not independent confirmation,C:\Users\tamwi\OneDrive - Kyoto University\research\projects\tam-control-toolbox\results\study1_candidate_20260917\data\confirmation_A_000.mat,0,all 12 baseline-gate cases must pass before non-gate runs,COMPLETED,1,1,1200,0.0178120002055702,0.0558201097153483,0.381762185357262,0.00734375577441292,0,0,0,0,0,0,
prior_tenth_S_000,prior_tenth,S,Shared,3,0,0,0.05,0.1,200,1,0.1,120,1200,"[0,120)",k=1:1199,2101,2102,NaN,NaN,C:\Users\tamwi\OneDrive - Kyoto University\research\projects\tam-control-toolbox\results\study1_candidate_20260917\data\records_confirmation.mat,31b1914e7fe30ea87e0183c586747ea1733a408829145158c41bc55c633635f9,confirmation,paired P06 sensitivity; not independent confirmation,C:\Users\tamwi\OneDrive - Kyoto University\research\projects\tam-control-toolbox\results\study1_candidate_20260917\data\confirmation_S_000.mat,0,all 12 baseline-gate cases must pass before non-gate runs,COMPLETED,1,1,1200,0.000276708654158152,0.0489952798310995,0.386087851478769,0.00691320839168099,0,0,0,0,0,0,
prior_tenth_W_000,prior_tenth,W,Incorrectly shared,3,0,0,0.05,0.1,200,1,0.1,120,1200,"[0,120)",k=1:1199,2101,2102,NaN,NaN,C:\Users\tamwi\OneDrive - Kyoto University\research\projects\tam-control-toolbox\results\study1_candidate_20260917\data\records_confirmation.mat,31b1914e7fe30ea87e0183c586747ea1733a408829145158c41bc55c633635f9,confirmation,paired P06 sensitivity; not independent confirmation,C:\Users\tamwi\OneDrive - Kyoto University\research\projects\tam-control-toolbox\results\study1_candidate_20260917\data\confirmation_W_000.mat,0,all 12 baseline-gate cases must pass before non-gate runs,COMPLETED,1,1,1200,0.0361390955027363,0.0763677748061115,0.377596706916254,0.008108157755373,0,0,0,0,0,0,
prior_tenth_R_000,prior_tenth,R,Relaxed,4,0,0,0.05,0.1,200,1,0.1,120,1200,"[0,120)",k=1:1199,2101,2102,NaN,NaN,C:\Users\tamwi\OneDrive - Kyoto University\research\projects\tam-control-toolbox\results\study1_candidate_20260917\data\records_confirmation.mat,31b1914e7fe30ea87e0183c586747ea1733a408829145158c41bc55c633635f9,confirmation,paired P06 sensitivity; not independent confirmation,C:\Users\tamwi\OneDrive - Kyoto University\research\projects\tam-control-toolbox\results\study1_candidate_20260917\data\confirmation_R_000.mat,0,all 12 baseline-gate cases must pass before non-gate runs,COMPLETED,1,1,1200,0.000393240849236161,0.0489906569054665,0.386134268262498,0.00691736984052799,0,0,0,0,0,0,
prior_tenth_P2_000,prior_tenth,P2,Complete quadratic,6,0,0,0.05,0.1,200,1,0.1,120,1200,"[0,120)",k=1:1199,2101,2102,NaN,NaN,C:\Users\tamwi\OneDrive - Kyoto University\research\projects\tam-control-toolbox\results\study1_candidate_20260917\data\records_confirmation.mat,31b1914e7fe30ea87e0183c586747ea1733a408829145158c41bc55c633635f9,confirmation,paired P06 sensitivity; not independent confirmation,C:\Users\tamwi\OneDrive - Kyoto University\research\projects\tam-control-toolbox\results\study1_candidate_20260917\data\confirmation_P2_000.mat,0,all 12 baseline-gate cases must pass before non-gate runs,COMPLETED,1,1,1200,0.00100863661225574,0.0489287476870989,0.386287623342262,0.00692894879784206,0,0,0,0,0,0,
prior_tenfold_A_000,prior_tenfold,A,Affine,3,0,0,0.05,10,200,1,0.1,120,1200,"[0,120)",k=1:1199,2101,2102,NaN,NaN,C:\Users\tamwi\OneDrive - Kyoto University\research\projects\tam-control-toolbox\results\study1_candidate_20260917\data\records_confirmation.mat,31b1914e7fe30ea87e0183c586747ea1733a408829145158c41bc55c633635f9,confirmation,paired P06 sensitivity; not independent confirmation,C:\Users\tamwi\OneDrive - Kyoto University\research\projects\tam-control-toolbox\results\study1_candidate_20260917\data\confirmation_A_000.mat,0,all 12 baseline-gate cases must pass before non-gate runs,COMPLETED,1,1,1200,0.0178425831820709,0.0558237872535384,0.38163806793486,0.00733919266879998,0,0,0,0,0,0,
prior_tenfold_S_000,prior_tenfold,S,Shared,3,0,0,0.05,10,200,1,0.1,120,1200,"[0,120)",k=1:1199,2101,2102,NaN,NaN,C:\Users\tamwi\OneDrive - Kyoto University\research\projects\tam-control-toolbox\results\study1_candidate_20260917\data\records_confirmation.mat,31b1914e7fe30ea87e0183c586747ea1733a408829145158c41bc55c633635f9,confirmation,paired P06 sensitivity; not independent confirmation,C:\Users\tamwi\OneDrive - Kyoto University\research\projects\tam-control-toolbox\results\study1_candidate_20260917\data\confirmation_S_000.mat,0,all 12 baseline-gate cases must pass before non-gate runs,COMPLETED,1,1,1200,2.7744437400041e-06,0.0489911167412794,0.385960271469179,0.0069066578225959,0,0,0,0,0,0,
prior_tenfold_W_000,prior_tenfold,W,Incorrectly shared,3,0,0,0.05,10,200,1,0.1,120,1200,"[0,120)",k=1:1199,2101,2102,NaN,NaN,C:\Users\tamwi\OneDrive - Kyoto University\research\projects\tam-control-toolbox\results\study1_candidate_20260917\data\records_confirmation.mat,31b1914e7fe30ea87e0183c586747ea1733a408829145158c41bc55c633635f9,confirmation,paired P06 sensitivity; not independent confirmation,C:\Users\tamwi\OneDrive - Kyoto University\research\projects\tam-control-toolbox\results\study1_candidate_20260917\data\confirmation_W_000.mat,0,all 12 baseline-gate cases must pass before non-gate runs,COMPLETED,1,1,1200,0.036173301190874,0.0763425450017683,0.377449181705678,0.00810549518951368,0,0,0,0,0,0,
prior_tenfold_R_000,prior_tenfold,R,Relaxed,4,0,0,0.05,10,200,1,0.1,120,1200,"[0,120)",k=1:1199,2101,2102,NaN,NaN,C:\Users\tamwi\OneDrive - Kyoto University\research\projects\tam-control-toolbox\results\study1_candidate_20260917\data\records_confirmation.mat,31b1914e7fe30ea87e0183c586747ea1733a408829145158c41bc55c633635f9,confirmation,paired P06 sensitivity; not independent confirmation,C:\Users\tamwi\OneDrive - Kyoto University\research\projects\tam-control-toolbox\results\study1_candidate_20260917\data\confirmation_R_000.mat,0,all 12 baseline-gate cases must pass before non-gate runs,COMPLETED,1,1,1200,3.95575246870183e-06,0.0489910666672047,0.385960737022566,0.006906698846623,0,0,0,0,0,0,
prior_tenfold_P2_000,prior_tenfold,P2,Complete quadratic,6,0,0,0.05,10,200,1,0.1,120,1200,"[0,120)",k=1:1199,2101,2102,NaN,NaN,C:\Users\tamwi\OneDrive - Kyoto University\research\projects\tam-control-toolbox\results\study1_candidate_20260917\data\records_confirmation.mat,31b1914e7fe30ea87e0183c586747ea1733a408829145158c41bc55c633635f9,confirmation,paired P06 sensitivity; not independent confirmation,C:\Users\tamwi\OneDrive - Kyoto University\research\projects\tam-control-toolbox\results\study1_candidate_20260917\data\confirmation_P2_000.mat,0,all 12 baseline-gate cases must pass before non-gate runs,COMPLETED,1,1,1200,1.27379178819113e-05,0.0489902407955732,0.38596239525449,0.00690685566179353,0,0,0,0,0,0,
fit_50_A_000,fit_50,A,Affine,3,0,0,0.05,1,50,1,0.1,120,1200,"[0,120)",k=1:1199,2101,2102,NaN,NaN,C:\Users\tamwi\OneDrive - Kyoto University\research\projects\tam-control-toolbox\results\study1_candidate_20260917\data\records_confirmation.mat,31b1914e7fe30ea87e0183c586747ea1733a408829145158c41bc55c633635f9,confirmation,paired P06 sensitivity; not independent confirmation,C:\Users\tamwi\OneDrive - Kyoto University\research\projects\tam-control-toolbox\results\study1_candidate_20260917\data\confirmation_A_000.mat,0,all 12 baseline-gate cases must pass before non-gate runs,COMPLETED,1,1,1200,0.0231383348257943,0.0559689952634894,0.385906169142711,0.00742345010044232,0,0,0,0,0,0,
fit_50_S_000,fit_50,S,Shared,3,0,0,0.05,1,50,1,0.1,120,1200,"[0,120)",k=1:1199,2101,2102,NaN,NaN,C:\Users\tamwi\OneDrive - Kyoto University\research\projects\tam-control-toolbox\results\study1_candidate_20260917\data\records_confirmation.mat,31b1914e7fe30ea87e0183c586747ea1733a408829145158c41bc55c633635f9,confirmation,paired P06 sensitivity; not independent confirmation,C:\Users\tamwi\OneDrive - Kyoto University\research\projects\tam-control-toolbox\results\study1_candidate_20260917\data\confirmation_S_000.mat,0,all 12 baseline-gate cases must pass before non-gate runs,COMPLETED,1,1,1200,0.000214571540812363,0.0489916282221456,0.38598433657622,0.00690853324713489,0,0,0,0,0,0,
fit_50_W_000,fit_50,W,Incorrectly shared,3,0,0,0.05,1,50,1,0.1,120,1200,"[0,120)",k=1:1199,2101,2102,NaN,NaN,C:\Users\tamwi\OneDrive - Kyoto University\research\projects\tam-control-toolbox\results\study1_candidate_20260917\data\records_confirmation.mat,31b1914e7fe30ea87e0183c586747ea1733a408829145158c41bc55c633635f9,confirmation,paired P06 sensitivity; not independent confirmation,C:\Users\tamwi\OneDrive - Kyoto University\research\projects\tam-control-toolbox\results\study1_candidate_20260917\data\confirmation_W_000.mat,0,all 12 baseline-gate cases must pass before non-gate runs,COMPLETED,1,1,1200,0.0488266386424126,0.0759697131195442,0.382232482454944,0.00802026890036335,0,0,0,0,0,0,
fit_50_R_000,fit_50,R,Relaxed,4,0,0,0.05,1,50,1,0.1,120,1200,"[0,120)",k=1:1199,2101,2102,NaN,NaN,C:\Users\tamwi\OneDrive - Kyoto University\research\projects\tam-control-toolbox\results\study1_candidate_20260917\data\records_confirmation.mat,31b1914e7fe30ea87e0183c586747ea1733a408829145158c41bc55c633635f9,confirmation,paired P06 sensitivity; not independent confirmation,C:\Users\tamwi\OneDrive - Kyoto University\research\projects\tam-control-toolbox\results\study1_candidate_20260917\data\confirmation_R_000.mat,0,all 12 baseline-gate cases must pass before non-gate runs,COMPLETED,1,1,1200,0.000512596944911756,0.0489905070190939,0.385997424764184,0.006914350090038,0,0,0,0,0,0,
fit_50_P2_000,fit_50,P2,Complete quadratic,6,0,0,0.05,1,50,1,0.1,120,1200,"[0,120)",k=1:1199,2101,2102,NaN,NaN,C:\Users\tamwi\OneDrive - Kyoto University\research\projects\tam-control-toolbox\results\study1_candidate_20260917\data\records_confirmation.mat,31b1914e7fe30ea87e0183c586747ea1733a408829145158c41bc55c633635f9,confirmation,paired P06 sensitivity; not independent confirmation,C:\Users\tamwi\OneDrive - Kyoto University\research\projects\tam-control-toolbox\results\study1_candidate_20260917\data\confirmation_P2_000.mat,0,all 12 baseline-gate cases must pass before non-gate runs,COMPLETED,1,1,1200,0.00123834267292974,0.0489678975013995,0.386035859858854,0.00692197167003685,0,0,0,0,0,0,
fit_100_A_000,fit_100,A,Affine,3,0,0,0.05,1,100,1,0.1,120,1200,"[0,120)",k=1:1199,2101,2102,NaN,NaN,C:\Users\tamwi\OneDrive - Kyoto University\research\projects\tam-control-toolbox\results\study1_candidate_20260917\data\records_confirmation.mat,31b1914e7fe30ea87e0183c586747ea1733a408829145158c41bc55c633635f9,confirmation,paired P06 sensitivity; not independent confirmation,C:\Users\tamwi\OneDrive - Kyoto University\research\projects\tam-control-toolbox\results\study1_candidate_20260917\data\confirmation_A_000.mat,0,all 12 baseline-gate cases must pass before non-gate runs,COMPLETED,1,1,1200,0.0209368039461877,0.0559083255165249,0.38317641611945,0.00739450871884295,0,0,0,0,0,0,
fit_100_S_000,fit_100,S,Shared,3,0,0,0.05,1,100,1,0.1,120,1200,"[0,120)",k=1:1199,2101,2102,NaN,NaN,C:\Users\tamwi\OneDrive - Kyoto University\research\projects\tam-control-toolbox\results\study1_candidate_20260917\data\records_confirmation.mat,31b1914e7fe30ea87e0183c586747ea1733a408829145158c41bc55c633635f9,confirmation,paired P06 sensitivity; not independent confirmation,C:\Users\tamwi\OneDrive - Kyoto University\research\projects\tam-control-toolbox\results\study1_candidate_20260917\data\confirmation_S_000.mat,0,all 12 baseline-gate cases must pass before non-gate runs,COMPLETED,1,1,1200,6.49909197604394e-05,0.048991591765756,0.385976570810066,0.00690766136414913,0,0,0,0,0,0,
fit_100_W_000,fit_100,W,Incorrectly shared,3,0,0,0.05,1,100,1,0.1,120,1200,"[0,120)",k=1:1199,2101,2102,NaN,NaN,C:\Users\tamwi\OneDrive - Kyoto University\research\projects\tam-control-toolbox\results\study1_candidate_20260917\data\records_confirmation.mat,31b1914e7fe30ea87e0183c586747ea1733a408829145158c41bc55c633635f9,confirmation,paired P06 sensitivity; not independent confirmation,C:\Users\tamwi\OneDrive - Kyoto University\research\projects\tam-control-toolbox\results\study1_candidate_20260917\data\confirmation_W_000.mat,0,all 12 baseline-gate cases must pass before non-gate runs,COMPLETED,1,1,1200,0.0427999482130867,0.0758336206546415,0.378220469405731,0.00803942615335895,0,0,0,0,0,0,
fit_100_R_000,fit_100,R,Relaxed,4,0,0,0.05,1,100,1,0.1,120,1200,"[0,120)",k=1:1199,2101,2102,NaN,NaN,C:\Users\tamwi\OneDrive - Kyoto University\research\projects\tam-control-toolbox\results\study1_candidate_20260917\data\records_confirmation.mat,31b1914e7fe30ea87e0183c586747ea1733a408829145158c41bc55c633635f9,confirmation,paired P06 sensitivity; not independent confirmation,C:\Users\tamwi\OneDrive - Kyoto University\research\projects\tam-control-toolbox\results\study1_candidate_20260917\data\confirmation_R_000.mat,0,all 12 baseline-gate cases must pass before non-gate runs,COMPLETED,1,1,1200,0.000151518362793065,0.0489909769800747,0.38598623568191,0.00690923984627114,0,0,0,0,0,0,
fit_100_P2_000,fit_100,P2,Complete quadratic,6,0,0,0.05,1,100,1,0.1,120,1200,"[0,120)",k=1:1199,2101,2102,NaN,NaN,C:\Users\tamwi\OneDrive - Kyoto University\research\projects\tam-control-toolbox\results\study1_candidate_20260917\data\records_confirmation.mat,31b1914e7fe30ea87e0183c586747ea1733a408829145158c41bc55c633635f9,confirmation,paired P06 sensitivity; not independent confirmation,C:\Users\tamwi\OneDrive - Kyoto University\research\projects\tam-control-toolbox\results\study1_candidate_20260917\data\confirmation_P2_000.mat,0,all 12 baseline-gate cases must pass before non-gate runs,COMPLETED,1,1,1200,0.00036943193467853,0.0489743792135224,0.386012717239104,0.00691145327283655,0,0,0,0,0,0,
