configuration,modelId,model,metric,attempted,completedControl,terminatedOrFailed,eligibleScores,finiteScores,median,q1,q3,iqr,conditioning
baseline,A,Affine,predictionRMS,40,40,0,40,40,0.0178562954254175,0.0178049505033727,0.0178755282075892,7.05777042164651e-05,completed control runs; prediction separately requires all 600 queries finite
baseline,A,Affine,trackingRMS,40,40,0,40,40,0.0559650960485981,0.0559100694919532,0.0560566717062482,0.000146602214295022,completed control runs; prediction separately requires all 600 queries finite
baseline,A,Affine,inputRMS,40,40,0,40,40,0.381918770417722,0.38179923519205,0.382045179998937,0.000245944806887111,completed control runs; prediction separately requires all 600 queries finite
baseline,A,Affine,meanAbsoluteIncrement,40,40,0,40,40,0.0156725592644713,0.0154364412191521,0.0157818720144133,0.000345430795261151,completed control runs; prediction separately requires all 600 queries finite
baseline,S,Shared,predictionRMS,40,40,0,40,40,0.0005304830285155,0.00034126080137631,0.000698540149191686,0.000357279347815376,completed control runs; prediction separately requires all 600 queries finite
baseline,S,Shared,trackingRMS,40,40,0,40,40,0.0490648153746087,0.0490468894424325,0.0490953186513161,4.84292088835589e-05,completed control runs; prediction separately requires all 600 queries finite
baseline,S,Shared,inputRMS,40,40,0,40,40,0.386264241529362,0.386090958966054,0.386382096012395,0.000291137046341705,completed control runs; prediction separately requires all 600 queries finite
baseline,S,Shared,meanAbsoluteIncrement,40,40,0,40,40,0.0148597211549657,0.0146672732265005,0.0149699112500034,0.000302638023502961,completed control runs; prediction separately requires all 600 queries finite
baseline,W,Incorrectly shared,predictionRMS,40,40,0,40,40,0.0361797508462824,0.0361391574918723,0.0362048165142712,6.56590223988562e-05,completed control runs; prediction separately requires all 600 queries finite
baseline,W,Incorrectly shared,trackingRMS,40,40,0,40,40,0.0765074150058122,0.0763916053821918,0.0766263654366357,0.000234760054443978,completed control runs; prediction separately requires all 600 queries finite
baseline,W,Incorrectly shared,inputRMS,40,40,0,40,40,0.377781191675631,0.377664888251983,0.377888573302003,0.000223685050019573,completed control runs; prediction separately requires all 600 queries finite
baseline,W,Incorrectly shared,meanAbsoluteIncrement,40,40,0,40,40,0.0183100517569643,0.0180205996127389,0.0185174665031668,0.000496866890427886,completed control runs; prediction separately requires all 600 queries finite
baseline,R,Relaxed,predictionRMS,40,40,0,40,40,0.000663311411440807,0.000447743957109388,0.000801467024936262,0.000353723067826874,completed control runs; prediction separately requires all 600 queries finite
baseline,R,Relaxed,trackingRMS,40,40,0,40,40,0.0490529186199338,0.0490190478164806,0.0490741409533763,5.50931368956745e-05,completed control runs; prediction separately requires all 600 queries finite
baseline,R,Relaxed,inputRMS,40,40,0,40,40,0.386227215975175,0.386016420597823,0.386373569784372,0.000357149186549777,completed control runs; prediction separately requires all 600 queries finite
baseline,R,Relaxed,meanAbsoluteIncrement,40,40,0,40,40,0.0148973218072292,0.0147036407564108,0.0150133012782651,0.000309660521854318,completed control runs; prediction separately requires all 600 queries finite
baseline,P2,Complete quadratic,predictionRMS,40,40,0,40,40,0.0009504936954087,0.000753697524943616,0.00110407628574918,0.000350378760805568,completed control runs; prediction separately requires all 600 queries finite
baseline,P2,Complete quadratic,trackingRMS,40,40,0,40,40,0.0490285388470761,0.0489580586189016,0.0490791202381436,0.000121061619241976,completed control runs; prediction separately requires all 600 queries finite
baseline,P2,Complete quadratic,inputRMS,40,40,0,40,40,0.386183370925356,0.386009323399024,0.386372942488794,0.000363619089770062,completed control runs; prediction separately requires all 600 queries finite
baseline,P2,Complete quadratic,meanAbsoluteIncrement,40,40,0,40,40,0.0149238548824226,0.0147343712357305,0.0150491780533095,0.000314806817578995,completed control runs; prediction separately requires all 600 queries finite
baseline,K,Known-model reference,predictionRMS,40,40,0,40,40,2.82499065610041e-17,2.82499065610041e-17,2.82499065610041e-17,0,completed control runs; prediction separately requires all 600 queries finite
baseline,K,Known-model reference,trackingRMS,40,40,0,40,40,0.0490925116554275,0.0490683606299502,0.0491162113598974,4.78507299472089e-05,completed control runs; prediction separately requires all 600 queries finite
baseline,K,Known-model reference,inputRMS,40,40,0,40,40,0.386048470903827,0.385999561880419,0.386090297482143,9.0735601724623e-05,completed control runs; prediction separately requires all 600 queries finite
baseline,K,Known-model reference,meanAbsoluteIncrement,40,40,0,40,40,0.0148175171807728,0.0146310515342664,0.0149664750064091,0.000335423472142722,completed control runs; prediction separately requires all 600 queries finite
R_half,A,Affine,predictionRMS,40,40,0,40,40,0.0178562954254175,0.0178049505033727,0.0178755282075892,7.05777042164651e-05,completed control runs; prediction separately requires all 600 queries finite
R_half,A,Affine,trackingRMS,40,40,0,40,40,0.0556694802039027,0.0556132634288038,0.0557671242019949,0.000153860773191086,completed control runs; prediction separately requires all 600 queries finite
R_half,A,Affine,inputRMS,40,40,0,40,40,0.382102952893839,0.381988295146596,0.382230898426196,0.000242603279599851,completed control runs; prediction separately requires all 600 queries finite
R_half,A,Affine,meanAbsoluteIncrement,40,40,0,40,40,0.0179462909703951,0.0176877435083202,0.0180787923479928,0.000391048839672573,completed control runs; prediction separately requires all 600 queries finite
R_half,S,Shared,predictionRMS,40,40,0,40,40,0.0005304830285155,0.00034126080137631,0.000698540149191686,0.000357279347815376,completed control runs; prediction separately requires all 600 queries finite
R_half,S,Shared,trackingRMS,40,40,0,40,40,0.0490638061362645,0.049041782711443,0.0490941539261138,5.23712146708322e-05,completed control runs; prediction separately requires all 600 queries finite
R_half,S,Shared,inputRMS,40,40,0,40,40,0.386380182347191,0.38621924704344,0.3864961714423,0.000276924398860845,completed control runs; prediction separately requires all 600 queries finite
R_half,S,Shared,meanAbsoluteIncrement,40,40,0,40,40,0.0169643481924707,0.0167088183355249,0.0171181791797934,0.000409360844268524,completed control runs; prediction separately requires all 600 queries finite
R_half,W,Incorrectly shared,predictionRMS,40,40,0,40,40,0.0361797508462824,0.0361391574918723,0.0362048165142712,6.56590223988562e-05,completed control runs; prediction separately requires all 600 queries finite
R_half,W,Incorrectly shared,trackingRMS,40,40,0,40,40,0.0755764584840286,0.0754528540978804,0.0756997874268464,0.000246933328966026,completed control runs; prediction separately requires all 600 queries finite
R_half,W,Incorrectly shared,inputRMS,40,40,0,40,40,0.378125895291264,0.378014164840372,0.378224685536271,0.000210520695899108,completed control runs; prediction separately requires all 600 queries finite
R_half,W,Incorrectly shared,meanAbsoluteIncrement,40,40,0,40,40,0.0214801016915087,0.0210884076630432,0.0217097057084563,0.000621298045413114,completed control runs; prediction separately requires all 600 queries finite
R_half,R,Relaxed,predictionRMS,40,40,0,40,40,0.000663311411440807,0.000447743957109388,0.000801467024936262,0.000353723067826874,completed control runs; prediction separately requires all 600 queries finite
R_half,R,Relaxed,trackingRMS,40,40,0,40,40,0.0490502063767385,0.0490131450212788,0.0490714952842269,5.8350262948148e-05,completed control runs; prediction separately requires all 600 queries finite
R_half,R,Relaxed,inputRMS,40,40,0,40,40,0.386338655067513,0.3861457210382,0.386490235038694,0.000344514000493734,completed control runs; prediction separately requires all 600 queries finite
R_half,R,Relaxed,meanAbsoluteIncrement,40,40,0,40,40,0.0170163330270061,0.016757988588586,0.0171741505186437,0.000416161930057727,completed control runs; prediction separately requires all 600 queries finite
R_half,P2,Complete quadratic,predictionRMS,40,40,0,40,40,0.0009504936954087,0.000753697524943616,0.00110407628574918,0.000350378760805568,completed control runs; prediction separately requires all 600 queries finite
R_half,P2,Complete quadratic,trackingRMS,40,40,0,40,40,0.0490240490486053,0.0489490998387528,0.0490787784514868,0.000129678612733948,completed control runs; prediction separately requires all 600 queries finite
R_half,P2,Complete quadratic,inputRMS,40,40,0,40,40,0.386303363512106,0.386133676618112,0.3864873279066,0.000353651288487578,completed control runs; prediction separately requires all 600 queries finite
R_half,P2,Complete quadratic,meanAbsoluteIncrement,40,40,0,40,40,0.0170553114502903,0.0167954526499597,0.017209524313426,0.000414071663466312,completed control runs; prediction separately requires all 600 queries finite
R_half,K,Known-model reference,predictionRMS,40,40,0,40,40,2.82499065610041e-17,2.82499065610041e-17,2.82499065610041e-17,0,completed control runs; prediction separately requires all 600 queries finite
R_half,K,Known-model reference,trackingRMS,40,40,0,40,40,0.0490932787312887,0.0490698413414334,0.0491157430933096,4.59017518761942e-05,completed control runs; prediction separately requires all 600 queries finite
R_half,K,Known-model reference,inputRMS,40,40,0,40,40,0.38617398978583,0.386121126631478,0.386216926725671,9.5800094193077e-05,completed control runs; prediction separately requires all 600 queries finite
R_half,K,Known-model reference,meanAbsoluteIncrement,40,40,0,40,40,0.0169484462179825,0.0167145932612539,0.0171773648370338,0.000462771575779841,completed control runs; prediction separately requires all 600 queries finite
R_double,A,Affine,predictionRMS,40,40,0,40,40,0.0178562954254175,0.0178049505033727,0.0178755282075892,7.05777042164651e-05,completed control runs; prediction separately requires all 600 queries finite
R_double,A,Affine,trackingRMS,40,40,0,40,40,0.05640400773085,0.0563519000821786,0.0564910234367665,0.000139123354587913,completed control runs; prediction separately requires all 600 queries finite
R_double,A,Affine,inputRMS,40,40,0,40,40,0.38166669904188,0.381553063379992,0.381798245375898,0.000245181995905175,completed control runs; prediction separately requires all 600 queries finite
R_double,A,Affine,meanAbsoluteIncrement,40,40,0,40,40,0.0133082996978236,0.0131287686959788,0.0133791988865576,0.00025043019057887,completed control runs; prediction separately requires all 600 queries finite
R_double,S,Shared,predictionRMS,40,40,0,40,40,0.0005304830285155,0.00034126080137631,0.000698540149191686,0.000357279347815376,completed control runs; prediction separately requires all 600 queries finite
R_double,S,Shared,trackingRMS,40,40,0,40,40,0.0491005331342423,0.0490841558854736,0.0491289476256858,4.47917402122272e-05,completed control runs; prediction separately requires all 600 queries finite
R_double,S,Shared,inputRMS,40,40,0,40,40,0.386126397851579,0.385942058758966,0.386240475300272,0.000298416541305524,completed control runs; prediction separately requires all 600 queries finite
R_double,S,Shared,meanAbsoluteIncrement,40,40,0,40,40,0.0125602056533756,0.0124521703400353,0.0126595126550889,0.00020734231505355,completed control runs; prediction separately requires all 600 queries finite
R_double,W,Incorrectly shared,predictionRMS,40,40,0,40,40,0.0361797508462824,0.0361391574918723,0.0362048165142712,6.56590223988562e-05,completed control runs; prediction separately requires all 600 queries finite
R_double,W,Incorrectly shared,trackingRMS,40,40,0,40,40,0.0776587891365524,0.0775400287160472,0.07777867284554,0.000238644129492815,completed control runs; prediction separately requires all 600 queries finite
R_double,W,Incorrectly shared,inputRMS,40,40,0,40,40,0.377298062154855,0.377182931887634,0.377394037472753,0.000211105585118943,completed control runs; prediction separately requires all 600 queries finite
R_double,W,Incorrectly shared,meanAbsoluteIncrement,40,40,0,40,40,0.0152628722960618,0.0150617658602941,0.0154117308077734,0.000349964947479306,completed control runs; prediction separately requires all 600 queries finite
R_double,R,Relaxed,predictionRMS,40,40,0,40,40,0.000663311411440807,0.000447743957109388,0.000801467024936262,0.000353723067826874,completed control runs; prediction separately requires all 600 queries finite
R_double,R,Relaxed,trackingRMS,40,40,0,40,40,0.0490842882243337,0.0490508287011309,0.0491060682960209,5.52395948899345e-05,completed control runs; prediction separately requires all 600 queries finite
R_double,R,Relaxed,inputRMS,40,40,0,40,40,0.386075961861283,0.385855307788003,0.386224282791939,0.000368975003936511,completed control runs; prediction separately requires all 600 queries finite
R_double,R,Relaxed,meanAbsoluteIncrement,40,40,0,40,40,0.0125901100462301,0.0124869253232572,0.0126949812966536,0.000208055973396458,completed control runs; prediction separately requires all 600 queries finite
R_double,P2,Complete quadratic,predictionRMS,40,40,0,40,40,0.0009504936954087,0.000753697524943616,0.00110407628574918,0.000350378760805568,completed control runs; prediction separately requires all 600 queries finite
R_double,P2,Complete quadratic,trackingRMS,40,40,0,40,40,0.0490523243973996,0.0489985570929986,0.0491075444934346,0.000108987400436009,completed control runs; prediction separately requires all 600 queries finite
R_double,P2,Complete quadratic,inputRMS,40,40,0,40,40,0.386038422854721,0.385872852576988,0.38623373543133,0.000360882854341438,completed control runs; prediction separately requires all 600 queries finite
R_double,P2,Complete quadratic,meanAbsoluteIncrement,40,40,0,40,40,0.0126345410064699,0.0125113573192644,0.0127215751658545,0.000210217846590097,completed control runs; prediction separately requires all 600 queries finite
R_double,K,Known-model reference,predictionRMS,40,40,0,40,40,2.82499065610041e-17,2.82499065610041e-17,2.82499065610041e-17,0,completed control runs; prediction separately requires all 600 queries finite
R_double,K,Known-model reference,trackingRMS,40,40,0,40,40,0.0491234025297967,0.0490995520426186,0.0491462782121684,4.67261695497045e-05,completed control runs; prediction separately requires all 600 queries finite
R_double,K,Known-model reference,inputRMS,40,40,0,40,40,0.385888118733917,0.385846475415753,0.385927445842567,8.09704268142641e-05,completed control runs; prediction separately requires all 600 queries finite
R_double,K,Known-model reference,meanAbsoluteIncrement,40,40,0,40,40,0.0125248483414947,0.0123908002028518,0.0126529776176362,0.000262177414784329,completed control runs; prediction separately requires all 600 queries finite
prior_tenth,A,Affine,predictionRMS,40,40,0,40,40,0.0178275269520635,0.0177825734448973,0.0178503072046731,6.77337597757392e-05,completed control runs; prediction separately requires all 600 queries finite
prior_tenth,A,Affine,trackingRMS,40,40,0,40,40,0.0559630601002792,0.0559074653831502,0.056053353955671,0.000145888572520889,completed control runs; prediction separately requires all 600 queries finite
prior_tenth,A,Affine,inputRMS,40,40,0,40,40,0.382030208317642,0.381912026161872,0.382156759967542,0.000244733805670694,completed control runs; prediction separately requires all 600 queries finite
prior_tenth,A,Affine,meanAbsoluteIncrement,40,40,0,40,40,0.015682052581283,0.0154463726009809,0.0157934144761032,0.000347041875122264,completed control runs; prediction separately requires all 600 queries finite
prior_tenth,S,Shared,predictionRMS,40,40,0,40,40,0.00062399611306554,0.000476069421129961,0.000801395728764785,0.000325326307634825,completed control runs; prediction separately requires all 600 queries finite
prior_tenth,S,Shared,trackingRMS,40,40,0,40,40,0.0490686069486268,0.0490514672719262,0.0490997145990182,4.82473270919867e-05,completed control runs; prediction separately requires all 600 queries finite
prior_tenth,S,Shared,inputRMS,40,40,0,40,40,0.386378302097928,0.386207382205313,0.386497399137181,0.000290016931868697,completed control runs; prediction separately requires all 600 queries finite
prior_tenth,S,Shared,meanAbsoluteIncrement,40,40,0,40,40,0.0148695884080242,0.0146777005832621,0.0149792057973955,0.000301505214133364,completed control runs; prediction separately requires all 600 queries finite
prior_tenth,W,Incorrectly shared,predictionRMS,40,40,0,40,40,0.0361502635103303,0.0361111689296304,0.0361734522664195,6.22833367891207e-05,completed control runs; prediction separately requires all 600 queries finite
prior_tenth,W,Incorrectly shared,trackingRMS,40,40,0,40,40,0.0765298514419286,0.0764142463245309,0.0766520874476078,0.000237841123076968,completed control runs; prediction separately requires all 600 queries finite
prior_tenth,W,Incorrectly shared,inputRMS,40,40,0,40,40,0.377914958126006,0.377798423038661,0.378021275008065,0.000222851969404192,completed control runs; prediction separately requires all 600 queries finite
prior_tenth,W,Incorrectly shared,meanAbsoluteIncrement,40,40,0,40,40,0.0183102995374418,0.0180201180285248,0.0185171682649958,0.000497050236471022,completed control runs; prediction separately requires all 600 queries finite
prior_tenth,R,Relaxed,predictionRMS,40,40,0,40,40,0.000744963295242263,0.000596904823782728,0.000899752426347775,0.000302847602565047,completed control runs; prediction separately requires all 600 queries finite
prior_tenth,R,Relaxed,trackingRMS,40,40,0,40,40,0.0490549045350733,0.0490202070535782,0.0490760681446616,5.58610910834159e-05,completed control runs; prediction separately requires all 600 queries finite
prior_tenth,R,Relaxed,inputRMS,40,40,0,40,40,0.386384959755084,0.386175492235624,0.386530692907019,0.000355200671394496,completed control runs; prediction separately requires all 600 queries finite
prior_tenth,R,Relaxed,meanAbsoluteIncrement,40,40,0,40,40,0.0149122969579838,0.0147192634197297,0.0150278081113865,0.0003085446916568,completed control runs; prediction separately requires all 600 queries finite
prior_tenth,P2,Complete quadratic,predictionRMS,40,40,0,40,40,0.00137670895452342,0.00117027958496467,0.0014757012415482,0.000305421656583529,completed control runs; prediction separately requires all 600 queries finite
prior_tenth,P2,Complete quadratic,trackingRMS,40,40,0,40,40,0.0489710907923248,0.0489240964149665,0.049042295867872,0.00011819945290556,completed control runs; prediction separately requires all 600 queries finite
prior_tenth,P2,Complete quadratic,inputRMS,40,40,0,40,40,0.386480450683015,0.386310374183351,0.386665670742808,0.000355296559457263,completed control runs; prediction separately requires all 600 queries finite
prior_tenth,P2,Complete quadratic,meanAbsoluteIncrement,40,40,0,40,40,0.0149600035998961,0.0147734522638674,0.0150846338390522,0.00031118157518471,completed control runs; prediction separately requires all 600 queries finite
prior_tenfold,A,Affine,predictionRMS,40,40,0,40,40,0.0178594193597721,0.0178076503676654,0.017878705167542,7.1054799876541e-05,completed control runs; prediction separately requires all 600 queries finite
prior_tenfold,A,Affine,trackingRMS,40,40,0,40,40,0.0559652967329784,0.0559103700413206,0.0560570221579443,0.000146652116623763,completed control runs; prediction separately requires all 600 queries finite
prior_tenfold,A,Affine,inputRMS,40,40,0,40,40,0.38190762241267,0.381787949958275,0.382033994450779,0.00024604449250426,completed control runs; prediction separately requires all 600 queries finite
prior_tenfold,A,Affine,meanAbsoluteIncrement,40,40,0,40,40,0.0156715989513236,0.0154354367245507,0.0157807020858108,0.000345265361260165,completed control runs; prediction separately requires all 600 queries finite
prior_tenfold,S,Shared,predictionRMS,40,40,0,40,40,0.000520284570316503,0.000322522761578291,0.000704238475357286,0.000381715713778996,completed control runs; prediction separately requires all 600 queries finite
prior_tenfold,S,Shared,trackingRMS,40,40,0,40,40,0.0490644675298717,0.0490464624104112,0.0490949011117257,4.8438701314546e-05,completed control runs; prediction separately requires all 600 queries finite
prior_tenfold,S,Shared,inputRMS,40,40,0,40,40,0.386252835981989,0.38607931188585,0.386370561389194,0.000291249503344138,completed control runs; prediction separately requires all 600 queries finite
prior_tenfold,S,Shared,meanAbsoluteIncrement,40,40,0,40,40,0.0148587237907892,0.0146662193787875,0.0149689684113787,0.000302749032591264,completed control runs; prediction separately requires all 600 queries finite
prior_tenfold,W,Incorrectly shared,predictionRMS,40,40,0,40,40,0.0361828624867277,0.036142123563042,0.0362081177398881,6.59941768460723e-05,completed control runs; prediction separately requires all 600 queries finite
prior_tenfold,W,Incorrectly shared,trackingRMS,40,40,0,40,40,0.0765052038966908,0.0763893196516158,0.0766238258773227,0.000234506225706893,completed control runs; prediction separately requires all 600 queries finite
prior_tenfold,W,Incorrectly shared,inputRMS,40,40,0,40,40,0.377767790866573,0.37765151059268,0.377875279597347,0.000223769004667251,completed control runs; prediction separately requires all 600 queries finite
prior_tenfold,W,Incorrectly shared,meanAbsoluteIncrement,40,40,0,40,40,0.0183100260206765,0.0180206467361575,0.0185174954458253,0.000496848709667794,completed control runs; prediction separately requires all 600 queries finite
prior_tenfold,R,Relaxed,predictionRMS,40,40,0,40,40,0.000672966728900946,0.000432270891755944,0.000799570522984726,0.000367299631228782,completed control runs; prediction separately requires all 600 queries finite
prior_tenfold,R,Relaxed,trackingRMS,40,40,0,40,40,0.0490526461362103,0.0490189965274125,0.0490739974585892,5.50009311766839e-05,completed control runs; prediction separately requires all 600 queries finite
prior_tenfold,R,Relaxed,inputRMS,40,40,0,40,40,0.386211424420882,0.386000494219161,0.386357841154038,0.000357346934877545,completed control runs; prediction separately requires all 600 queries finite
prior_tenfold,R,Relaxed,meanAbsoluteIncrement,40,40,0,40,40,0.0148958025631147,0.0147020547431952,0.0150118287867702,0.000309774043574927,completed control runs; prediction separately requires all 600 queries finite
prior_tenfold,P2,Complete quadratic,predictionRMS,40,40,0,40,40,0.000949243641134184,0.000782905946282665,0.00112825216752758,0.000345346221244911,completed control runs; prediction separately requires all 600 queries finite
prior_tenfold,P2,Complete quadratic,trackingRMS,40,40,0,40,40,0.0490354259643656,0.0489630558656641,0.0490833578838021,0.000120302018137973,completed control runs; prediction separately requires all 600 queries finite
prior_tenfold,P2,Complete quadratic,inputRMS,40,40,0,40,40,0.386151785947901,0.385978194553658,0.386342485708983,0.000364291155324326,completed control runs; prediction separately requires all 600 queries finite
prior_tenfold,P2,Complete quadratic,meanAbsoluteIncrement,40,40,0,40,40,0.0149197499247622,0.0147300694656634,0.0150453137216955,0.000315244256032077,completed control runs; prediction separately requires all 600 queries finite
fit_50,A,Affine,predictionRMS,40,40,0,40,40,0.0230082598253631,0.022491208389138,0.023784009043419,0.00129280065428099,completed control runs; prediction separately requires all 600 queries finite
fit_50,A,Affine,trackingRMS,40,40,0,40,40,0.0561454595226313,0.056069873849515,0.0562287501025475,0.00015887625303259,completed control runs; prediction separately requires all 600 queries finite
fit_50,A,Affine,inputRMS,40,40,0,40,40,0.386223545631721,0.386104086543776,0.386394811466434,0.000290724922657914,completed control runs; prediction separately requires all 600 queries finite
fit_50,A,Affine,meanAbsoluteIncrement,40,40,0,40,40,0.0157941584416869,0.0155888274175035,0.0158842386373098,0.000295411219806231,completed control runs; prediction separately requires all 600 queries finite
fit_50,S,Shared,predictionRMS,40,40,0,40,40,0.00143922796822821,0.0010102998494854,0.0017189958350145,0.000708695985529097,completed control runs; prediction separately requires all 600 queries finite
fit_50,S,Shared,trackingRMS,40,40,0,40,40,0.049061430539628,0.0490286404109815,0.0490893034252519,6.06630142703998e-05,completed control runs; prediction separately requires all 600 queries finite
fit_50,S,Shared,inputRMS,40,40,0,40,40,0.386289350618903,0.386137874890831,0.386420910517343,0.000283035626512274,completed control runs; prediction separately requires all 600 queries finite
fit_50,S,Shared,meanAbsoluteIncrement,40,40,0,40,40,0.0148753352128943,0.0147435832525785,0.0150076025984498,0.000264019345871216,completed control runs; prediction separately requires all 600 queries finite
fit_50,W,Incorrectly shared,predictionRMS,40,40,0,40,40,0.0487371165751728,0.0482106166313822,0.0494210930645857,0.00121047643320353,completed control runs; prediction separately requires all 600 queries finite
fit_50,W,Incorrectly shared,trackingRMS,40,40,0,40,40,0.0761762249833119,0.0760951387959436,0.0763200067701569,0.000224867974213325,completed control runs; prediction separately requires all 600 queries finite
fit_50,W,Incorrectly shared,inputRMS,40,40,0,40,40,0.382612010072753,0.382479182811377,0.382811722512898,0.000332539701520418,completed control runs; prediction separately requires all 600 queries finite
fit_50,W,Incorrectly shared,meanAbsoluteIncrement,40,40,0,40,40,0.0184294856521831,0.0180984004037554,0.0185862001873425,0.000487799783587109,completed control runs; prediction separately requires all 600 queries finite
fit_50,R,Relaxed,predictionRMS,40,40,0,40,40,0.00203856369304537,0.00126449207558808,0.00282025856743983,0.00155576649185176,completed control runs; prediction separately requires all 600 queries finite
fit_50,R,Relaxed,trackingRMS,40,40,0,40,40,0.0490113424502485,0.0489661294356462,0.0490796027801184,0.00011347334447219,completed control runs; prediction separately requires all 600 queries finite
fit_50,R,Relaxed,inputRMS,40,40,0,40,40,0.386277508812967,0.386109577258395,0.386420413591038,0.000310836332643727,completed control runs; prediction separately requires all 600 queries finite
fit_50,R,Relaxed,meanAbsoluteIncrement,40,40,0,40,40,0.0149360356191263,0.0147939188525872,0.0151005382182117,0.000306619365624516,completed control runs; prediction separately requires all 600 queries finite
fit_50,P2,Complete quadratic,predictionRMS,40,40,0,40,40,0.00254842986987669,0.00195539230677008,0.00338056395976351,0.00142517165299343,completed control runs; prediction separately requires all 600 queries finite
fit_50,P2,Complete quadratic,trackingRMS,40,40,0,40,40,0.0489376006453999,0.0488310415513124,0.0490640680585621,0.000233026507249726,completed control runs; prediction separately requires all 600 queries finite
fit_50,P2,Complete quadratic,inputRMS,40,40,0,40,40,0.386290093003413,0.386070673063795,0.386429928911595,0.0003592558478,completed control runs; prediction separately requires all 600 queries finite
fit_50,P2,Complete quadratic,meanAbsoluteIncrement,40,40,0,40,40,0.0150255229209609,0.0148586927015368,0.0151859840049157,0.000327291303378989,completed control runs; prediction separately requires all 600 queries finite
fit_100,A,Affine,predictionRMS,40,40,0,40,40,0.0208345430994836,0.0207630945148195,0.0210225534971352,0.00025945898231574,completed control runs; prediction separately requires all 600 queries finite
fit_100,A,Affine,trackingRMS,40,40,0,40,40,0.0560662955476157,0.0560084048901937,0.0561449819606046,0.000136577070410829,completed control runs; prediction separately requires all 600 queries finite
fit_100,A,Affine,inputRMS,40,40,0,40,40,0.383479692433402,0.383357470586076,0.383588500770945,0.000231030184869085,completed control runs; prediction separately requires all 600 queries finite
fit_100,A,Affine,meanAbsoluteIncrement,40,40,0,40,40,0.0157650709389574,0.015501629262824,0.0158297883029223,0.000328159040098211,completed control runs; prediction separately requires all 600 queries finite
fit_100,S,Shared,predictionRMS,40,40,0,40,40,0.000686699370782286,0.000476585292523606,0.00106884368188744,0.000592258389363829,completed control runs; prediction separately requires all 600 queries finite
fit_100,S,Shared,trackingRMS,40,40,0,40,40,0.0490646089947988,0.049041870048236,0.0490913063740695,4.94363258334851e-05,completed control runs; prediction separately requires all 600 queries finite
fit_100,S,Shared,inputRMS,40,40,0,40,40,0.38627636725211,0.386141222485183,0.386380890822529,0.000239668337346399,completed control runs; prediction separately requires all 600 queries finite
fit_100,S,Shared,meanAbsoluteIncrement,40,40,0,40,40,0.014887645890818,0.0147075618881527,0.0149830512496833,0.000275489361530601,completed control runs; prediction separately requires all 600 queries finite
fit_100,W,Incorrectly shared,predictionRMS,40,40,0,40,40,0.0426856201171939,0.0425904038117368,0.0428694680483376,0.000279064236600825,completed control runs; prediction separately requires all 600 queries finite
fit_100,W,Incorrectly shared,trackingRMS,40,40,0,40,40,0.0760229033886343,0.0759226200678619,0.0761463735801019,0.000223753512240008,completed control runs; prediction separately requires all 600 queries finite
fit_100,W,Incorrectly shared,inputRMS,40,40,0,40,40,0.37860167044907,0.378467744818886,0.37871392951859,0.000246184699704277,completed control runs; prediction separately requires all 600 queries finite
fit_100,W,Incorrectly shared,meanAbsoluteIncrement,40,40,0,40,40,0.0184723840910625,0.0181035611335848,0.0186379247618109,0.000534363628226054,completed control runs; prediction separately requires all 600 queries finite
fit_100,R,Relaxed,predictionRMS,40,40,0,40,40,0.00105975924670866,0.000728128894111244,0.00135977804611496,0.000631649152003716,completed control runs; prediction separately requires all 600 queries finite
fit_100,R,Relaxed,trackingRMS,40,40,0,40,40,0.0490249662891238,0.0489840227388779,0.0490610392861756,7.70165472977064e-05,completed control runs; prediction separately requires all 600 queries finite
fit_100,R,Relaxed,inputRMS,40,40,0,40,40,0.386191561013852,0.386069927113743,0.38636009028556,0.000290163171816571,completed control runs; prediction separately requires all 600 queries finite
fit_100,R,Relaxed,meanAbsoluteIncrement,40,40,0,40,40,0.0149463024940862,0.0147427390404108,0.0150511681336215,0.000308429093210764,completed control runs; prediction separately requires all 600 queries finite
fit_100,P2,Complete quadratic,predictionRMS,40,40,0,40,40,0.00135258083352049,0.00109392367054806,0.0017909675024837,0.000697043831935641,completed control runs; prediction separately requires all 600 queries finite
fit_100,P2,Complete quadratic,trackingRMS,40,40,0,40,40,0.0489687263828731,0.0488855371266463,0.049046073831472,0.000160536704825749,completed control runs; prediction separately requires all 600 queries finite
fit_100,P2,Complete quadratic,inputRMS,40,40,0,40,40,0.386238821005596,0.386055305517831,0.386414575810225,0.000359270292393798,completed control runs; prediction separately requires all 600 queries finite
fit_100,P2,Complete quadratic,meanAbsoluteIncrement,40,40,0,40,40,0.0149633121632938,0.0148014499901392,0.0150756776338113,0.000274227643672064,completed control runs; prediction separately requires all 600 queries finite
