kind,left,right,metric,signConvention,units,intervalScope,attemptedPairs,completePairs,finitePairs,medianDifference,lower95,upper95,bootstrapResamples
withinConfiguration,baseline:S,baseline:A,predictionRMS,left minus right,dimensionless state,95% contrast-specific percentile interval; not simultaneous,40,40,40,-0.0173002899320596,-0.0174555202323246,-0.0172122098636953,2000
withinConfiguration,baseline:S,baseline:A,trackingRMS,left minus right,dimensionless state,95% contrast-specific percentile interval; not simultaneous,40,40,40,-0.00689668606241468,-0.00695880654454253,-0.006854479645045,2000
withinConfiguration,baseline:S,baseline:W,predictionRMS,left minus right,dimensionless state,95% contrast-specific percentile interval; not simultaneous,40,40,40,-0.0356267435900436,-0.0357795504906602,-0.035532768599388,2000
withinConfiguration,baseline:S,baseline:W,trackingRMS,left minus right,dimensionless state,95% contrast-specific percentile interval; not simultaneous,40,40,40,-0.0274321969695934,-0.0275297493742558,-0.0273689790880234,2000
withinConfiguration,baseline:S,baseline:R,predictionRMS,left minus right,dimensionless state,95% contrast-specific percentile interval; not simultaneous,40,40,40,-6.1367567808564e-05,-0.00012584372347093,-3.1880390283234e-05,2000
withinConfiguration,baseline:S,baseline:R,trackingRMS,left minus right,dimensionless state,95% contrast-specific percentile interval; not simultaneous,40,40,40,1.93650489314912e-05,7.67865456200237e-06,3.06186987465672e-05,2000
withinConfiguration,baseline:R,baseline:P2,predictionRMS,left minus right,dimensionless state,95% contrast-specific percentile interval; not simultaneous,40,40,40,-0.000267953379934932,-0.00036801136293247,-0.000145984747528377,2000
withinConfiguration,baseline:R,baseline:P2,trackingRMS,left minus right,dimensionless state,95% contrast-specific percentile interval; not simultaneous,40,40,40,2.15187181206097e-05,-1.1491238376786e-05,5.1362848643606e-05,2000
withinConfiguration,R_half:S,R_half:A,predictionRMS,left minus right,dimensionless state,95% contrast-specific percentile interval; not simultaneous,40,40,40,-0.0173002899320596,-0.0174555202323246,-0.0172219117449217,2000
withinConfiguration,R_half:S,R_half:A,trackingRMS,left minus right,dimensionless state,95% contrast-specific percentile interval; not simultaneous,40,40,40,-0.00660961416376525,-0.00666798739657392,-0.00656319242545158,2000
withinConfiguration,R_half:S,R_half:W,predictionRMS,left minus right,dimensionless state,95% contrast-specific percentile interval; not simultaneous,40,40,40,-0.0356267435900436,-0.0357839413396105,-0.035532768599388,2000
withinConfiguration,R_half:S,R_half:W,trackingRMS,left minus right,dimensionless state,95% contrast-specific percentile interval; not simultaneous,40,40,40,-0.0265080134623373,-0.026598257650837,-0.0264359709093128,2000
withinConfiguration,R_half:S,R_half:R,predictionRMS,left minus right,dimensionless state,95% contrast-specific percentile interval; not simultaneous,40,40,40,-6.1367567808564e-05,-0.00012584372347093,-3.1880390283234e-05,2000
withinConfiguration,R_half:S,R_half:R,trackingRMS,left minus right,dimensionless state,95% contrast-specific percentile interval; not simultaneous,40,40,40,2.0119220506043e-05,7.748081234462e-06,3.06526086206738e-05,2000
withinConfiguration,R_half:R,R_half:P2,predictionRMS,left minus right,dimensionless state,95% contrast-specific percentile interval; not simultaneous,40,40,40,-0.000267953379934932,-0.000365323953748964,-0.000145984747528377,2000
withinConfiguration,R_half:R,R_half:P2,trackingRMS,left minus right,dimensionless state,95% contrast-specific percentile interval; not simultaneous,40,40,40,2.36605870463577e-05,-1.78719453987515e-05,4.96547748711391e-05,2000
withinConfiguration,R_double:S,R_double:A,predictionRMS,left minus right,dimensionless state,95% contrast-specific percentile interval; not simultaneous,40,40,40,-0.0173002899320596,-0.0174555202323246,-0.0172183795177442,2000
withinConfiguration,R_double:S,R_double:A,trackingRMS,left minus right,dimensionless state,95% contrast-specific percentile interval; not simultaneous,40,40,40,-0.00731339785098038,-0.00736217066658083,-0.0072644553605955,2000
withinConfiguration,R_double:S,R_double:W,predictionRMS,left minus right,dimensionless state,95% contrast-specific percentile interval; not simultaneous,40,40,40,-0.0356267435900436,-0.0357839413396105,-0.035532768599388,2000
withinConfiguration,R_double:S,R_double:W,trackingRMS,left minus right,dimensionless state,95% contrast-specific percentile interval; not simultaneous,40,40,40,-0.0285842318762846,-0.0286157981853503,-0.0284653220004678,2000
withinConfiguration,R_double:S,R_double:R,predictionRMS,left minus right,dimensionless state,95% contrast-specific percentile interval; not simultaneous,40,40,40,-6.1367567808564e-05,-0.00012584372347093,-3.19137539850568e-05,2000
withinConfiguration,R_double:S,R_double:R,trackingRMS,left minus right,dimensionless state,95% contrast-specific percentile interval; not simultaneous,40,40,40,1.87881171805453e-05,7.8909573001211e-06,3.17076509910759e-05,2000
withinConfiguration,R_double:R,R_double:P2,predictionRMS,left minus right,dimensionless state,95% contrast-specific percentile interval; not simultaneous,40,40,40,-0.000267953379934932,-0.00036801136293247,-0.000150463134838593,2000
withinConfiguration,R_double:R,R_double:P2,trackingRMS,left minus right,dimensionless state,95% contrast-specific percentile interval; not simultaneous,40,40,40,2.37592400713707e-05,-1.09559664436543e-05,5.12460157589857e-05,2000
withinConfiguration,prior_tenth:S,prior_tenth:A,predictionRMS,left minus right,dimensionless state,95% contrast-specific percentile interval; not simultaneous,40,40,40,-0.0172255181963485,-0.0172878061537645,-0.0170894529660146,2000
withinConfiguration,prior_tenth:S,prior_tenth:A,trackingRMS,left minus right,dimensionless state,95% contrast-specific percentile interval; not simultaneous,40,40,40,-0.00688912810186511,-0.00695110558612235,-0.00684714062309434,2000
withinConfiguration,prior_tenth:S,prior_tenth:W,predictionRMS,left minus right,dimensionless state,95% contrast-specific percentile interval; not simultaneous,40,40,40,-0.0355461275701048,-0.0356050763623485,-0.035414944170398,2000
withinConfiguration,prior_tenth:S,prior_tenth:W,trackingRMS,left minus right,dimensionless state,95% contrast-specific percentile interval; not simultaneous,40,40,40,-0.0274526715013004,-0.0275501464961304,-0.0273894069697154,2000
withinConfiguration,prior_tenth:S,prior_tenth:R,predictionRMS,left minus right,dimensionless state,95% contrast-specific percentile interval; not simultaneous,40,40,40,-9.25090489558261e-05,-0.000111381823453351,-8.03020575530756e-05,2000
withinConfiguration,prior_tenth:S,prior_tenth:R,trackingRMS,left minus right,dimensionless state,95% contrast-specific percentile interval; not simultaneous,40,40,40,2.28909398564889e-05,1.069116171298e-05,3.38911443862853e-05,2000
withinConfiguration,prior_tenth:R,prior_tenth:P2,predictionRMS,left minus right,dimensionless state,95% contrast-specific percentile interval; not simultaneous,40,40,40,-0.000567074972052554,-0.000644596476823402,-0.000490407145938762,2000
withinConfiguration,prior_tenth:R,prior_tenth:P2,trackingRMS,left minus right,dimensionless state,95% contrast-specific percentile interval; not simultaneous,40,40,40,7.47045237548261e-05,3.40638597248269e-05,0.000102027226490092,2000
withinConfiguration,prior_tenfold:S,prior_tenfold:A,predictionRMS,left minus right,dimensionless state,95% contrast-specific percentile interval; not simultaneous,40,40,40,-0.0173098577770357,-0.0174767177517073,-0.0172216346822364,2000
withinConfiguration,prior_tenfold:S,prior_tenfold:A,trackingRMS,left minus right,dimensionless state,95% contrast-specific percentile interval; not simultaneous,40,40,40,-0.00689749593061306,-0.00695676058238441,-0.00685522307901464,2000
withinConfiguration,prior_tenfold:S,prior_tenfold:W,predictionRMS,left minus right,dimensionless state,95% contrast-specific percentile interval; not simultaneous,40,40,40,-0.0356422812533956,-0.0358046413739049,-0.0355424886339567,2000
withinConfiguration,prior_tenfold:S,prior_tenfold:W,trackingRMS,left minus right,dimensionless state,95% contrast-specific percentile interval; not simultaneous,40,40,40,-0.0274301516633397,-0.0275277110546867,-0.0273668573670189,2000
withinConfiguration,prior_tenfold:S,prior_tenfold:R,predictionRMS,left minus right,dimensionless state,95% contrast-specific percentile interval; not simultaneous,40,40,40,-6.74330628591207e-05,-0.00013361960138571,-3.47349082800195e-05,2000
withinConfiguration,prior_tenfold:S,prior_tenfold:R,trackingRMS,left minus right,dimensionless state,95% contrast-specific percentile interval; not simultaneous,40,40,40,1.89784245170702e-05,7.34709730859651e-06,3.02566099235485e-05,2000
withinConfiguration,prior_tenfold:R,prior_tenfold:P2,predictionRMS,left minus right,dimensionless state,95% contrast-specific percentile interval; not simultaneous,40,40,40,-0.000231863145790303,-0.00033939448503112,-0.000156789142862109,2000
withinConfiguration,prior_tenfold:R,prior_tenfold:P2,trackingRMS,left minus right,dimensionless state,95% contrast-specific percentile interval; not simultaneous,40,40,40,1.54171873697935e-05,-1.68774416723291e-05,4.53708825947016e-05,2000
withinConfiguration,fit_50:S,fit_50:A,predictionRMS,left minus right,dimensionless state,95% contrast-specific percentile interval; not simultaneous,40,40,40,-0.022000713091872,-0.0224409044501033,-0.0213243081321453,2000
withinConfiguration,fit_50:S,fit_50:A,trackingRMS,left minus right,dimensionless state,95% contrast-specific percentile interval; not simultaneous,40,40,40,-0.00709880543272973,-0.00715274800018601,-0.00703896086814924,2000
withinConfiguration,fit_50:S,fit_50:W,predictionRMS,left minus right,dimensionless state,95% contrast-specific percentile interval; not simultaneous,40,40,40,-0.0475649307205804,-0.0481534643193404,-0.0471127049809508,2000
withinConfiguration,fit_50:S,fit_50:W,trackingRMS,left minus right,dimensionless state,95% contrast-specific percentile interval; not simultaneous,40,40,40,-0.0271155508275368,-0.0272297482079333,-0.027067499033375,2000
withinConfiguration,fit_50:S,fit_50:R,predictionRMS,left minus right,dimensionless state,95% contrast-specific percentile interval; not simultaneous,40,40,40,-0.000363938509399368,-0.000955950133595185,-6.36208751477258e-05,2000
withinConfiguration,fit_50:S,fit_50:R,trackingRMS,left minus right,dimensionless state,95% contrast-specific percentile interval; not simultaneous,40,40,40,2.90181886059351e-05,1.1543797092747e-05,4.75715178194953e-05,2000
withinConfiguration,fit_50:R,fit_50:P2,predictionRMS,left minus right,dimensionless state,95% contrast-specific percentile interval; not simultaneous,40,40,40,-0.000382268488850612,-0.000567228481613959,-0.00020469093442751,2000
withinConfiguration,fit_50:R,fit_50:P2,trackingRMS,left minus right,dimensionless state,95% contrast-specific percentile interval; not simultaneous,40,40,40,8.71905713252241e-05,1.11564479182494e-05,0.000115155834258449,2000
withinConfiguration,fit_100:S,fit_100:A,predictionRMS,left minus right,dimensionless state,95% contrast-specific percentile interval; not simultaneous,40,40,40,-0.0202113756710235,-0.0203998974581005,-0.0198469783578891,2000
withinConfiguration,fit_100:S,fit_100:A,trackingRMS,left minus right,dimensionless state,95% contrast-specific percentile interval; not simultaneous,40,40,40,-0.00701474241704719,-0.00704717987865461,-0.00694581266306298,2000
withinConfiguration,fit_100:S,fit_100:W,predictionRMS,left minus right,dimensionless state,95% contrast-specific percentile interval; not simultaneous,40,40,40,-0.0420949661703364,-0.0421753777081415,-0.0416837497775229,2000
withinConfiguration,fit_100:S,fit_100:W,trackingRMS,left minus right,dimensionless state,95% contrast-specific percentile interval; not simultaneous,40,40,40,-0.0269570709903141,-0.0270564991343731,-0.0268756310079736,2000
withinConfiguration,fit_100:S,fit_100:R,predictionRMS,left minus right,dimensionless state,95% contrast-specific percentile interval; not simultaneous,40,40,40,-0.000184086957718507,-0.000348967416304015,-6.96859814864762e-05,2000
withinConfiguration,fit_100:S,fit_100:R,trackingRMS,left minus right,dimensionless state,95% contrast-specific percentile interval; not simultaneous,40,40,40,3.23362947955326e-05,1.92775293517411e-05,6.46629421491504e-05,2000
withinConfiguration,fit_100:R,fit_100:P2,predictionRMS,left minus right,dimensionless state,95% contrast-specific percentile interval; not simultaneous,40,40,40,-0.00021795587042138,-0.000395549821526474,-0.000105111281307805,2000
withinConfiguration,fit_100:R,fit_100:P2,trackingRMS,left minus right,dimensionless state,95% contrast-specific percentile interval; not simultaneous,40,40,40,5.93749740162228e-05,2.22607798953944e-05,8.78761083271014e-05,2000
changedMinusBaseline,R_half:A,baseline:A,predictionRMS,left minus right,dimensionless state,95% contrast-specific percentile interval; not simultaneous,40,40,40,0,0,0,2000
changedMinusBaseline,R_half:A,baseline:A,trackingRMS,left minus right,dimensionless state,95% contrast-specific percentile interval; not simultaneous,40,40,40,-0.00029438920931589,-0.000295858115199499,-0.000291398135781336,2000
changedMinusBaseline,R_double:A,baseline:A,predictionRMS,left minus right,dimensionless state,95% contrast-specific percentile interval; not simultaneous,40,40,40,0,0,0,2000
changedMinusBaseline,R_double:A,baseline:A,trackingRMS,left minus right,dimensionless state,95% contrast-specific percentile interval; not simultaneous,40,40,40,0.00043940604030563,0.000435797384729219,0.000444647371304764,2000
changedMinusBaseline,prior_tenth:A,baseline:A,predictionRMS,left minus right,dimensionless state,95% contrast-specific percentile interval; not simultaneous,40,40,40,-2.71502489978242e-05,-2.88446009346008e-05,-2.53191555740131e-05,2000
changedMinusBaseline,prior_tenth:A,baseline:A,trackingRMS,left minus right,dimensionless state,95% contrast-specific percentile interval; not simultaneous,40,40,40,-3.02562808249945e-06,-3.39877273865252e-06,-2.78959330337397e-06,2000
changedMinusBaseline,prior_tenfold:A,baseline:A,predictionRMS,left minus right,dimensionless state,95% contrast-specific percentile interval; not simultaneous,40,40,40,2.96435597517755e-06,2.7797503593819e-06,3.10235538855674e-06,2000
changedMinusBaseline,prior_tenfold:A,baseline:A,trackingRMS,left minus right,dimensionless state,95% contrast-specific percentile interval; not simultaneous,40,40,40,3.4273333676671e-07,3.15829543479779e-07,3.80651570260765e-07,2000
changedMinusBaseline,fit_50:A,baseline:A,predictionRMS,left minus right,dimensionless state,95% contrast-specific percentile interval; not simultaneous,40,40,40,0.00515015165179301,0.00478642120333647,0.0056026151495814,2000
changedMinusBaseline,fit_50:A,baseline:A,trackingRMS,left minus right,dimensionless state,95% contrast-specific percentile interval; not simultaneous,40,40,40,0.00017520745182717,0.000150320023569531,0.000195362592078249,2000
changedMinusBaseline,fit_100:A,baseline:A,predictionRMS,left minus right,dimensionless state,95% contrast-specific percentile interval; not simultaneous,40,40,40,0.0030043587805954,0.00294227545320364,0.00310852581314753,2000
changedMinusBaseline,fit_100:A,baseline:A,trackingRMS,left minus right,dimensionless state,95% contrast-specific percentile interval; not simultaneous,40,40,40,9.74391568492813e-05,8.34666285288756e-05,0.000110036464163864,2000
changedMinusBaseline,R_half:S,baseline:S,predictionRMS,left minus right,dimensionless state,95% contrast-specific percentile interval; not simultaneous,40,40,40,0,0,0,2000
changedMinusBaseline,R_half:S,baseline:S,trackingRMS,left minus right,dimensionless state,95% contrast-specific percentile interval; not simultaneous,40,40,40,-1.27045293781339e-06,-3.07991281638109e-06,-8.09943285176584e-07,2000
changedMinusBaseline,R_double:S,baseline:S,predictionRMS,left minus right,dimensionless state,95% contrast-specific percentile interval; not simultaneous,40,40,40,0,0,0,2000
changedMinusBaseline,R_double:S,baseline:S,trackingRMS,left minus right,dimensionless state,95% contrast-specific percentile interval; not simultaneous,40,40,40,3.45417961889888e-05,3.34343055743876e-05,3.64849578111495e-05,2000
changedMinusBaseline,prior_tenth:S,baseline:S,predictionRMS,left minus right,dimensionless state,95% contrast-specific percentile interval; not simultaneous,40,40,40,0.000113893199616301,7.6842653397172e-05,0.000163661629701994,2000
changedMinusBaseline,prior_tenth:S,baseline:S,trackingRMS,left minus right,dimensionless state,95% contrast-specific percentile interval; not simultaneous,40,40,40,4.63917830388627e-06,4.33598103658298e-06,4.98550110383903e-06,2000
changedMinusBaseline,prior_tenfold:S,baseline:S,predictionRMS,left minus right,dimensionless state,95% contrast-specific percentile interval; not simultaneous,40,40,40,-4.6938093414869e-06,-1.0372431420014e-05,-2.2907573576041e-07,2000
changedMinusBaseline,prior_tenfold:S,baseline:S,trackingRMS,left minus right,dimensionless state,95% contrast-specific percentile interval; not simultaneous,40,40,40,-4.33650423365545e-07,-4.68509368439785e-07,-4.02362575096897e-07,2000
changedMinusBaseline,fit_50:S,baseline:S,predictionRMS,left minus right,dimensionless state,95% contrast-specific percentile interval; not simultaneous,40,40,40,0.000842314883601279,0.000711832777354687,0.00109313107137286,2000
changedMinusBaseline,fit_50:S,baseline:S,trackingRMS,left minus right,dimensionless state,95% contrast-specific percentile interval; not simultaneous,40,40,40,-8.32581662357779e-06,-1.42477690136637e-05,-2.5465234565307e-06,2000
changedMinusBaseline,fit_100:S,baseline:S,predictionRMS,left minus right,dimensionless state,95% contrast-specific percentile interval; not simultaneous,40,40,40,0.000215893894478663,9.39038602102828e-05,0.000429958671019504,2000
changedMinusBaseline,fit_100:S,baseline:S,trackingRMS,left minus right,dimensionless state,95% contrast-specific percentile interval; not simultaneous,40,40,40,-4.44308624279049e-06,-9.89586744190238e-06,1.61267777243346e-06,2000
changedMinusBaseline,R_half:W,baseline:W,predictionRMS,left minus right,dimensionless state,95% contrast-specific percentile interval; not simultaneous,40,40,40,0,0,0,2000
changedMinusBaseline,R_half:W,baseline:W,trackingRMS,left minus right,dimensionless state,95% contrast-specific percentile interval; not simultaneous,40,40,40,-0.000937252195776735,-0.000950702960700003,-0.000924731458522975,2000
changedMinusBaseline,R_double:W,baseline:W,predictionRMS,left minus right,dimensionless state,95% contrast-specific percentile interval; not simultaneous,40,40,40,0,0,0,2000
changedMinusBaseline,R_double:W,baseline:W,trackingRMS,left minus right,dimensionless state,95% contrast-specific percentile interval; not simultaneous,40,40,40,0.00116438102498195,0.00115091383434498,0.00117881542914133,2000
changedMinusBaseline,prior_tenth:W,baseline:W,predictionRMS,left minus right,dimensionless state,95% contrast-specific percentile interval; not simultaneous,40,40,40,-3.09265341323847e-05,-3.16942002305598e-05,-2.94905632998547e-05,2000
changedMinusBaseline,prior_tenth:W,baseline:W,trackingRMS,left minus right,dimensionless state,95% contrast-specific percentile interval; not simultaneous,40,40,40,2.38616587184687e-05,2.32960427491109e-05,2.48882891337801e-05,2000
changedMinusBaseline,prior_tenfold:W,baseline:W,predictionRMS,left minus right,dimensionless state,95% contrast-specific percentile interval; not simultaneous,40,40,40,3.25640270837715e-06,3.11244266424857e-06,3.33218416790487e-06,2000
changedMinusBaseline,prior_tenfold:W,baseline:W,trackingRMS,left minus right,dimensionless state,95% contrast-specific percentile interval; not simultaneous,40,40,40,-2.40277366637953e-06,-2.46999464561387e-06,-2.31859851480137e-06,2000
changedMinusBaseline,fit_50:W,baseline:W,predictionRMS,left minus right,dimensionless state,95% contrast-specific percentile interval; not simultaneous,40,40,40,0.012550521180249,0.0121550584064176,0.0129941792631896,2000
changedMinusBaseline,fit_50:W,baseline:W,trackingRMS,left minus right,dimensionless state,95% contrast-specific percentile interval; not simultaneous,40,40,40,-0.000319284191710845,-0.000337291743734494,-0.00030180300549925,2000
changedMinusBaseline,fit_100:W,baseline:W,predictionRMS,left minus right,dimensionless state,95% contrast-specific percentile interval; not simultaneous,40,40,40,0.00653057792337873,0.00646280416744392,0.00661727346365167,2000
changedMinusBaseline,fit_100:W,baseline:W,trackingRMS,left minus right,dimensionless state,95% contrast-specific percentile interval; not simultaneous,40,40,40,-0.000475972977893195,-0.00050024096217835,-0.000453497301537507,2000
changedMinusBaseline,R_half:R,baseline:R,predictionRMS,left minus right,dimensionless state,95% contrast-specific percentile interval; not simultaneous,40,40,40,0,0,0,2000
changedMinusBaseline,R_half:R,baseline:R,trackingRMS,left minus right,dimensionless state,95% contrast-specific percentile interval; not simultaneous,40,40,40,-2.64529236422562e-06,-3.96820280971003e-06,-2.04354936139683e-07,2000
changedMinusBaseline,R_double:R,baseline:R,predictionRMS,left minus right,dimensionless state,95% contrast-specific percentile interval; not simultaneous,40,40,40,0,0,0,2000
changedMinusBaseline,R_double:R,baseline:R,trackingRMS,left minus right,dimensionless state,95% contrast-specific percentile interval; not simultaneous,40,40,40,3.4520377255199e-05,3.31119582634709e-05,3.63094645276299e-05,2000
changedMinusBaseline,prior_tenth:R,baseline:R,predictionRMS,left minus right,dimensionless state,95% contrast-specific percentile interval; not simultaneous,40,40,40,0.000159038639780552,6.42362325063854e-05,0.000199133762909797,2000
changedMinusBaseline,prior_tenth:R,baseline:R,trackingRMS,left minus right,dimensionless state,95% contrast-specific percentile interval; not simultaneous,40,40,40,1.46061022101435e-06,7.51698253460744e-07,1.9852149709329e-06,2000
changedMinusBaseline,prior_tenfold:R,baseline:R,predictionRMS,left minus right,dimensionless state,95% contrast-specific percentile interval; not simultaneous,40,40,40,-6.59492840442765e-06,-1.06375011551054e-05,4.91774712986609e-06,2000
changedMinusBaseline,prior_tenfold:R,baseline:R,trackingRMS,left minus right,dimensionless state,95% contrast-specific percentile interval; not simultaneous,40,40,40,-8.3023386391462e-08,-1.37454221775524e-07,-1.20811711433466e-08,2000
changedMinusBaseline,fit_50:R,baseline:R,predictionRMS,left minus right,dimensionless state,95% contrast-specific percentile interval; not simultaneous,40,40,40,0.0012970797828111,0.000849728435437175,0.00176687153228047,2000
changedMinusBaseline,fit_50:R,baseline:R,trackingRMS,left minus right,dimensionless state,95% contrast-specific percentile interval; not simultaneous,40,40,40,-3.27877947069177e-05,-5.70981523308478e-05,3.02351428213207e-06,2000
changedMinusBaseline,fit_100:R,baseline:R,predictionRMS,left minus right,dimensionless state,95% contrast-specific percentile interval; not simultaneous,40,40,40,0.000387059034317496,0.000231862029233593,0.000553732051228131,2000
changedMinusBaseline,fit_100:R,baseline:R,trackingRMS,left minus right,dimensionless state,95% contrast-specific percentile interval; not simultaneous,40,40,40,-2.37270313953562e-05,-4.04558021443457e-05,-1.82159092083217e-06,2000
changedMinusBaseline,R_half:P2,baseline:P2,predictionRMS,left minus right,dimensionless state,95% contrast-specific percentile interval; not simultaneous,40,40,40,0,0,0,2000
changedMinusBaseline,R_half:P2,baseline:P2,trackingRMS,left minus right,dimensionless state,95% contrast-specific percentile interval; not simultaneous,40,40,40,-1.64685735145817e-06,-4.99757597581529e-06,1.81507261227606e-06,2000
changedMinusBaseline,R_double:P2,baseline:P2,predictionRMS,left minus right,dimensionless state,95% contrast-specific percentile interval; not simultaneous,40,40,40,0,0,0,2000
changedMinusBaseline,R_double:P2,baseline:P2,trackingRMS,left minus right,dimensionless state,95% contrast-specific percentile interval; not simultaneous,40,40,40,3.41905740205671e-05,2.82817114985248e-05,3.636949983769e-05,2000
changedMinusBaseline,prior_tenth:P2,baseline:P2,predictionRMS,left minus right,dimensionless state,95% contrast-specific percentile interval; not simultaneous,40,40,40,0.000390489018225906,0.000320206022238347,0.000499678615077549,2000
changedMinusBaseline,prior_tenth:P2,baseline:P2,trackingRMS,left minus right,dimensionless state,95% contrast-specific percentile interval; not simultaneous,40,40,40,-4.40440970557905e-05,-4.72771734245196e-05,-4.06318657113526e-05,2000
changedMinusBaseline,prior_tenfold:P2,baseline:P2,predictionRMS,left minus right,dimensionless state,95% contrast-specific percentile interval; not simultaneous,40,40,40,-1.56135894361181e-05,-2.98817825836915e-05,1.58271045904683e-05,2000
changedMinusBaseline,prior_tenfold:P2,baseline:P2,trackingRMS,left minus right,dimensionless state,95% contrast-specific percentile interval; not simultaneous,40,40,40,6.13900325795863e-06,5.38850532202928e-06,6.38741433659634e-06,2000
changedMinusBaseline,fit_50:P2,baseline:P2,predictionRMS,left minus right,dimensionless state,95% contrast-specific percentile interval; not simultaneous,40,40,40,0.00159225839060775,0.00125927223050602,0.00205527166201828,2000
changedMinusBaseline,fit_50:P2,baseline:P2,trackingRMS,left minus right,dimensionless state,95% contrast-specific percentile interval; not simultaneous,40,40,40,-4.27227844383253e-05,-0.000143288139994653,-6.36093361492188e-06,2000
changedMinusBaseline,fit_100:P2,baseline:P2,predictionRMS,left minus right,dimensionless state,95% contrast-specific percentile interval; not simultaneous,40,40,40,0.00038291455010321,0.000232331802443137,0.000539640050038413,2000
changedMinusBaseline,fit_100:P2,baseline:P2,trackingRMS,left minus right,dimensionless state,95% contrast-specific percentile interval; not simultaneous,40,40,40,-7.35577563888909e-05,-9.10276707228711e-05,-5.95297075194449e-05,2000
