scenario,model,scenarioId,modelId,coefficientCount,completed,attemptedRuns,completedRuns,attemptedSteps,expectedSteps,terminationReason,identificationAttempted,identificationRejected,controlRejected,fallbackActions,mappingActivations,lambdaMin,lambdaMax,lambdaBelowOne,firstForgettingTime,covarianceEigenMin,covarianceEigenMax,covarianceConditionMax,gramFullWindows,gramInvalidFullWindows,gramRankMin,gramRankMax,gramDeficientWindows,gramDeficientFraction,gramConditionMax,rankRelativeThreshold,gramEigenMin,gramEigenMax,qpConditionMax,solverResidualMax,controlTimeMedianSeconds,controlTimeMaxSeconds,predictedSlackMax,predictedSlackActiveSteps,stateMin,stateMax,inputMin,inputMax,outputViolationPeak,outputViolationCount,inputViolationPeak,incrementViolationPeak,activityTolerance,inputActiveSamples,incrementActiveSamples,hardInputViolationSamples,hardIncrementViolationSamples,gridAttemptedSnapshots,gridInvalidSnapshots
No change,Affine,no_change,A,3,1,1,1,1200,1200,,1199,0,0,0,0,1,1,0,NaN,0.000571844946618741,0.0603261027163501,64.3903462689392,1150,0,1,3,822,0.714782608695652,Inf,1e-10,-8.77684959251913e-16,3.10450921572012,41009.460952177,9.88865585655965e-09,0.0020477,0.0228521,9.9937384914493e-07,0,-0.56450707317813,0.811243728807161,-0.689919290779537,0.840218432069962,0,0,0,0,1e-06,0,24,0,0,120,0
No change,Augmented affine,no_change,Aplus,4,1,1,1,1200,1200,,1199,0,0,0,0,1,1,0,NaN,0.000501860261483122,0.183126254679718,83.0349342254507,1150,0,1,4,874,0.76,Inf,1e-10,-9.99645925876508e-16,3.80173884540013,41014.8909342128,9.89030503494287e-09,0.00239575,0.0104647,9.99457595210097e-07,0,-0.56452351278736,0.811242460118935,-0.689892123102793,0.840243923695566,0,0,0,0,1e-06,0,24,0,0,120,0
No change,Complete quadratic,no_change,P2,6,1,1,1,1200,1200,,1199,0,0,0,0,1,1,0,NaN,0.000382753338117139,1.04963679313977,1228.01533275781,1150,0,1,6,891,0.774782608695652,Inf,1e-10,-1.3740617637461e-15,5.44573545749064,41021.8845791989,9.89174445202507e-09,0.0019531,0.0081668,9.99530683846536e-07,0,-0.564550820155,0.811257827904174,-0.689836720488598,0.840302071533096,0,0,0,0,1e-06,0,24,0,0,120,0
No change,Known-model reference,no_change,K,0,1,1,1,1200,1200,,0,0,0,0,0,NaN,NaN,0,NaN,NaN,NaN,NaN,0,0,NaN,NaN,0,NaN,NaN,1e-10,NaN,NaN,41006.0724629675,9.88819126867781e-09,0.001823,0.0137135,9.99350255902412e-07,0,-0.564479575586934,0.811237150552405,-0.689899293711407,0.840200018889039,0,0,0,0,1e-06,0,24,0,0,120,0
Represented nonlinear change,Affine,represented,A,3,1,1,1,1200,1200,,1199,0,0,0,0,0.964273462472342,1,59,50.4,0.00109614643008503,0.210690427765185,85.1479657844406,1150,0,1,3,720,0.626086956521739,Inf,1e-10,-8.77684959251913e-16,3.16386590276443,47562.5665680439,8.8795404067688e-09,0.00182285,0.0119387,9.46763374543739e-07,0,-0.56450707317813,0.856937910245984,-0.707466804140738,0.840218432069962,0,0,0,0,1e-06,0,24,0,0,120,0
Represented nonlinear change,Augmented affine,represented,Aplus,4,1,1,1,1200,1200,,1199,0,0,0,0,0.965918886124272,1,40,50.4,0.000790158882160758,0.183126254679718,113.971150422476,1150,0,1,4,781,0.679130434782609,Inf,1e-10,-7.32331158299212e-16,4.11285103429728,47385.6956840223,8.78492543717335e-09,0.0021538,0.0102713,9.41682097216903e-07,0,-0.56452351278736,0.865668397789407,-0.689892123102793,0.840243923695566,0,0,0,0,1e-06,0,26,0,0,120,0
Represented nonlinear change,Complete quadratic,represented,P2,6,1,1,1,1200,1200,,1199,0,0,0,0,0.966998957602018,1,30,50.4,0.000571236564151196,1.23669345688672,1172.27101438849,1150,0,1,6,853,0.741739130434783,Inf,1e-10,-1.3740617637461e-15,5.48933588311558,74768.7046954355,9.77357356950407e-09,0.0018328,0.0211799,9.93512720915298e-07,0,-0.564550820155,0.876281670124815,-0.689836720488598,0.840302071533096,0,0,0,0,1e-06,0,25,0,0,120,0
Represented nonlinear change,Known-model reference,represented,K,0,1,1,1,1200,1200,,0,0,0,0,0,NaN,NaN,0,NaN,NaN,NaN,NaN,0,0,NaN,NaN,0,NaN,NaN,1e-10,NaN,NaN,43926.8445958939,8.87149031333524e-09,0.00173345,0.0157199,9.46332092609492e-07,0,-0.564479575586934,0.829075942314443,-0.689899293711407,0.840200018889039,0,0,0,0,1e-06,0,24,0,0,120,0
Unrepresented nonlinear change,Affine,unrepresented,A,3,1,1,1,1200,1200,,1199,0,0,0,0,0.97065869956952,1,58,50.5,0.0010240015379256,0.173137038254369,70.3517713497322,1150,0,1,3,709,0.616521739130435,Inf,1e-10,-8.77684959251913e-16,3.15671942868242,48466.5733227747,9.74609185326604e-09,0.00175485,0.0144544,9.9210805862843e-07,0,-0.56450707317813,0.853355264197277,-0.689919290779537,0.854550079143044,0,0,0,0,1e-06,0,25,0,0,120,0
Unrepresented nonlinear change,Augmented affine,unrepresented,Aplus,4,1,1,1,1200,1200,,1199,0,0,0,0,0.971400318151337,1,60,50.5,0.000932991817194128,0.183126254679718,122.351165208829,1150,0,1,4,789,0.686086956521739,Inf,1e-10,-7.32331158299212e-16,4.07679068608235,49563.3351300461,9.89623968637119e-09,0.00189375,0.0162993,9.9975888201212e-07,0,-0.56452351278736,0.861609679454762,-0.689892123102793,0.900592571399704,0,0,0,0,1e-06,0,26,0,0,120,0
Unrepresented nonlinear change,Complete quadratic,unrepresented,P2,6,1,1,1,1200,1200,,1199,0,0,0,0,0.971852213127599,1,59,50.5,0.000728111030379883,1.32320497262715,1305.24461181318,1150,0,1,6,855,0.743478260869565,Inf,1e-10,-1.3740617637461e-15,5.4868580219009,67173.6788551392,9.89243097763914e-09,0.0021231,0.0163287,9.99565520957806e-07,0,-0.564550820155,0.865473307174168,-0.689836720488598,0.840302071533096,0,0,0,0,1e-06,0,23,0,0,120,0
Unrepresented nonlinear change,Known-model reference,unrepresented,K,0,1,1,1,1200,1200,,0,0,0,0,0,NaN,NaN,0,NaN,NaN,NaN,NaN,0,0,NaN,NaN,0,NaN,NaN,1e-10,NaN,NaN,43029.598951164,9.27561985544769e-09,0.0026828,0.0144542,9.67749189424159e-07,0,-0.564479575586934,0.811994305422347,-0.698535403082509,0.840200018889039,0,0,0,0,1e-06,0,24,0,0,120,0
