model,modelId,coefficientCount,fittingTransitions,predictionRMS,queryCount,finiteQueries,attemptedUpdates,rejectedUpdates,finalCovarianceCondition
Affine,A,3,25,0.000189940450579437,600,600,25,0,13.2595789761525
Affine,A,3,50,0.000143444671460243,600,600,50,0,16.7714061437794
Affine,A,3,100,8.36115764458963e-05,600,600,100,0,16.2054639952499
Affine,A,3,200,3.31162623248633e-05,600,600,200,0,12.3734788213581
Augmented affine,Aplus,4,25,0.000257715462781921,600,600,25,0,34.679800567
Augmented affine,Aplus,4,50,0.000205530435696956,600,600,50,0,48.1197473352901
Augmented affine,Aplus,4,100,0.000122034710394908,600,600,100,0,50.3066625576433
Augmented affine,Aplus,4,200,4.40512470194281e-05,600,600,200,0,38.8979754366237
Complete quadratic,P2,6,25,0.000389723334549383,600,600,25,0,270.158259720239
Complete quadratic,P2,6,50,0.000314907240442719,600,600,50,0,326.805811893426
Complete quadratic,P2,6,100,0.000184314999260212,600,600,100,0,289.513847855327
Complete quadratic,P2,6,200,6.6623578815931e-05,600,600,200,0,247.23434575325
Known-model reference,K,0,25,0,600,600,0,0,NaN
Known-model reference,K,0,50,0,600,600,0,0,NaN
Known-model reference,K,0,100,0,600,600,0,0,NaN
Known-model reference,K,0,200,0,600,600,0,0,NaN
