model,trial,noise,fittingTransitions,evaluationQueries,finiteQueries,predictionRMS,parameterScaledPercent
A,0,0,25,600,600,0.0190096107109327,NaN
A,0,0,50,600,600,0.0219102342958145,NaN
A,0,0,100,600,600,0.0190663605936531,NaN
A,0,0,200,600,600,0.0182730134638215,NaN
S,0,0,25,600,600,0.00069187763776553,0.0879584810020295
S,0,0,50,600,600,0.000220745238633204,0.0274269239658511
S,0,0,100,600,600,0.000112676862763408,0.0143220493678121
S,0,0,200,600,600,4.59809196771196e-05,0.00571913545218456
S,1,1,25,600,600,0.0030764122647922,0.88611056733041
S,1,1,50,600,600,0.000866340809209859,0.125224835361613
S,1,1,100,600,600,0.000975126090784786,0.0819485093667312
S,1,1,200,600,600,0.00132200854433893,0.257800252720957
S,2,1,25,600,600,0.00357339361984531,0.690822209142029
S,2,1,50,600,600,0.00188446177071221,0.302726613345691
S,2,1,100,600,600,0.00140937005282239,0.186956091528065
S,2,1,200,600,600,0.000708335649921415,0.16681515960941
S,3,1,25,600,600,0.00179468355133097,0.384833023901661
S,3,1,50,600,600,0.00248231422920273,0.556851580111359
S,3,1,100,600,600,0.00219677713839018,0.56883070144228
S,3,1,200,600,600,0.00134258320078571,0.395522922466169
S,4,1,25,600,600,0.00254322997843237,0.489571468831539
S,4,1,50,600,600,0.000484479755860476,0.083032853705674
S,4,1,100,600,600,0.000602745534669637,0.100241566160394
S,4,1,200,600,600,0.00133970008942056,0.318346869169303
S,5,1,25,600,600,0.00653043803321347,0.86988968740028
S,5,1,50,600,600,0.00424516119057866,0.568148462034213
S,5,1,100,600,600,0.00324329305640214,0.409823996447548
S,5,1,200,600,600,0.00164435411363853,0.319162037150729
S,6,1,25,600,600,0.00378940637216917,0.859491409737998
S,6,1,50,600,600,0.00173302535933532,0.430580738361232
S,6,1,100,600,600,0.00110811206512192,0.261117094529999
S,6,1,200,600,600,0.000634914281516881,0.144947728459648
S,7,1,25,600,600,0.00186021772329235,0.534038845201933
S,7,1,50,600,600,0.00203731807287917,0.345075443934871
S,7,1,100,600,600,0.0013012853214286,0.324761205061644
S,7,1,200,600,600,0.00133420461596461,0.176599568340426
S,8,1,25,600,600,0.00232063301715259,0.407900730605725
S,8,1,50,600,600,0.00123533304653798,0.318820584541671
S,8,1,100,600,600,0.00106511805519504,0.134898967092543
S,8,1,200,600,600,0.000454843903784355,0.0580846872344822
S,9,1,25,600,600,0.00232632976907511,0.298590197192631
S,9,1,50,600,600,0.00234246826840623,0.470683277368464
S,9,1,100,600,600,0.00173710081837832,0.518956661822105
S,9,1,200,600,600,0.000971393620538618,0.176374468979979
S,10,1,25,600,600,0.00217012458054633,0.280847547543178
S,10,1,50,600,600,0.00129135820155555,0.211419364614203
S,10,1,100,600,600,0.00174195786555596,0.42067486924582
S,10,1,200,600,600,0.000716353781581562,0.0769107703837622
S,11,1,25,600,600,0.00284284921542627,0.375756324973328
S,11,1,50,600,600,0.00299047951103517,0.280089095917547
S,11,1,100,600,600,0.000904747477879987,0.0593367460626984
S,11,1,200,600,600,0.000530817552055213,0.0925162896129582
S,12,1,25,600,600,0.00116248291902994,0.33953153152087
S,12,1,50,600,600,0.00120252986917702,0.357638013625151
S,12,1,100,600,600,0.00148695873994651,0.427969583026469
S,12,1,200,600,600,0.0014489907832266,0.401650446185132
S,13,1,25,600,600,0.00304506740999826,0.446977418736713
S,13,1,50,600,600,0.00316481442826041,0.583604850538873
S,13,1,100,600,600,0.00180989993987767,0.462697235986604
S,13,1,200,600,600,0.000703164542494837,0.209972707163605
S,14,1,25,600,600,0.00395684476762926,1.11009658695561
S,14,1,50,600,600,0.00319142887867834,0.884837441516098
S,14,1,100,600,600,0.00240316451392102,0.514659173225547
S,14,1,200,600,600,0.00117303802957926,0.223281492760014
S,15,1,25,600,600,0.00567983072727808,1.55502671390462
S,15,1,50,600,600,0.00241561701237246,0.296033645434331
S,15,1,100,600,600,0.00107943787567069,0.208383995013012
S,15,1,200,600,600,0.000882720895132734,0.157563608740777
S,16,1,25,600,600,0.0026672197375714,0.612692016734213
S,16,1,50,600,600,0.00163271871115607,0.278853402935924
S,16,1,100,600,600,0.001053553287454,0.183931828901209
S,16,1,200,600,600,0.00119612605889258,0.289877404060681
S,17,1,25,600,600,0.00106152670082105,0.133857516150464
S,17,1,50,600,600,0.000533346625703937,0.0584715278247329
S,17,1,100,600,600,0.000821556736435768,0.0784425611195773
S,17,1,200,600,600,0.00100350414117018,0.096436224133446
S,18,1,25,600,600,0.00255573586876615,0.640291498222812
S,18,1,50,600,600,0.00172467280237854,0.30844766887318
S,18,1,100,600,600,0.00154491014546857,0.467714940413855
S,18,1,200,600,600,0.000923696143280291,0.134165146591569
S,19,1,25,600,600,0.00252841288840854,0.714412530182358
S,19,1,50,600,600,0.00142945750409456,0.331666155736893
S,19,1,100,600,600,0.0003710999387118,0.0608131046006073
S,19,1,200,600,600,0.000629067698997518,0.0806932244734851
S,20,1,25,600,600,0.00383756957823463,0.812004328708221
S,20,1,50,600,600,0.00226974311585262,0.291022895008069
S,20,1,100,600,600,0.00235970051550537,0.349594666036818
S,20,1,200,600,600,0.00119027569147936,0.253244692851747
S,21,1,25,600,600,0.00222391505607332,0.653530940083853
S,21,1,50,600,600,0.00102040100954811,0.297056087734914
S,21,1,100,600,600,0.000870025141495065,0.151323263681502
S,21,1,200,600,600,0.00077085211476111,0.128833008304518
S,22,1,25,600,600,0.00558988820710304,0.759216111967191
S,22,1,50,600,600,0.00299243299696071,0.581845189292818
S,22,1,100,600,600,0.00180456633253372,0.245834405753409
S,22,1,200,600,600,0.000287767066196501,0.0433389170562084
S,23,1,25,600,600,0.00279555686104641,0.733897405764752
S,23,1,50,600,600,0.00202686817026179,0.288201003965991
S,23,1,100,600,600,0.00122239640242648,0.268126660577367
S,23,1,200,600,600,0.00046988750830492,0.0543684151321652
S,24,1,25,600,600,0.00241197908686543,0.355140029380744
S,24,1,50,600,600,0.000584690020890728,0.122474411274413
S,24,1,100,600,600,0.00122684836941722,0.232368668931768
S,24,1,200,600,600,0.000983237348998184,0.16147515606343
S,25,1,25,600,600,0.00309555368480905,0.897634426542198
S,25,1,50,600,600,0.00169418620951394,0.349058477791463
S,25,1,100,600,600,0.00191352801302,0.312267273750525
S,25,1,200,600,600,0.000865590754384451,0.170437491364984
S,26,1,25,600,600,0.00661390405422102,1.99195866448065
S,26,1,50,600,600,0.00179703164400646,0.450031343304597
S,26,1,100,600,600,0.00246545303853057,0.42991404605097
S,26,1,200,600,600,0.000755218802989293,0.126789319384035
S,27,1,25,600,600,0.00462724834014771,0.592263788206666
S,27,1,50,600,600,0.00518294991426448,0.569771918727867
S,27,1,100,600,600,0.00292669463880214,0.346826696797217
S,27,1,200,600,600,0.00156858208259617,0.247716682398744
S,28,1,25,600,600,0.00399217789346368,0.805780000782819
S,28,1,50,600,600,0.00265996473467817,0.459244348502393
S,28,1,100,600,600,0.00165691818887156,0.342659087960021
S,28,1,200,600,600,0.00082240545926718,0.21063598293693
S,29,1,25,600,600,0.00350870484112578,0.851540661310945
S,29,1,50,600,600,0.00229718755893646,0.168615407445533
S,29,1,100,600,600,0.00137924566443363,0.160040624088282
S,29,1,200,600,600,0.000384037278814946,0.0393559294547956
S,30,1,25,600,600,0.00472247006026709,1.19671277174287
S,30,1,50,600,600,0.00173053340047856,0.270160962690882
S,30,1,100,600,600,0.000975943972331029,0.154062995756665
S,30,1,200,600,600,0.000684671440860351,0.1585611337519
S,31,1,25,600,600,0.00610476142123147,1.55952461058033
S,31,1,50,600,600,0.0026434503118701,0.556931960642805
S,31,1,100,600,600,0.000960995233983279,0.13839350246268
S,31,1,200,600,600,0.000979529744831516,0.244708614260097
S,32,1,25,600,600,0.00446269733478171,0.796690113067705
S,32,1,50,600,600,0.00304480046587262,0.408593151550786
S,32,1,100,600,600,0.00148935862505567,0.201317308465755
S,32,1,200,600,600,0.000584493494849613,0.0968361700113931
S,33,1,25,600,600,0.00505958369721668,0.658160581544261
S,33,1,50,600,600,0.00108404444917478,0.169071335701639
S,33,1,100,600,600,0.000636606098016514,0.0590799121560807
S,33,1,200,600,600,0.000930904140930346,0.0962734931131339
S,34,1,25,600,600,0.00318978827006436,0.856963045076786
S,34,1,50,600,600,0.0038663503465203,0.91988379196463
S,34,1,100,600,600,0.00152629494837772,0.327219854281763
S,34,1,200,600,600,0.000650232244522039,0.138647366486371
S,35,1,25,600,600,0.00348767990881212,0.508395372464225
S,35,1,50,600,600,0.00115725196719489,0.158261686342346
S,35,1,100,600,600,0.00166759258584098,0.473193778316938
S,35,1,200,600,600,0.00159667227364263,0.41169194042899
S,36,1,25,600,600,0.00511483960977509,1.38428090203346
S,36,1,50,600,600,0.00348300619278516,0.591458713591618
S,36,1,100,600,600,0.000842712340491273,0.114164016565126
S,36,1,200,600,600,0.00096672740417082,0.115693327966712
S,37,1,25,600,600,0.00457220419814792,0.746715870205378
S,37,1,50,600,600,0.00152587747530106,0.273155183685663
S,37,1,100,600,600,0.00133122095401174,0.176788300338402
S,37,1,200,600,600,0.000683424779429312,0.0907382215775123
S,38,1,25,600,600,0.00311772023949467,0.830082017595111
S,38,1,50,600,600,0.00102025018742761,0.294169377548415
S,38,1,100,600,600,0.000931726583925276,0.262775651140417
S,38,1,200,600,600,0.000418918438085906,0.0538359114195845
S,39,1,25,600,600,0.000824136807233393,0.094285405836465
S,39,1,50,600,600,0.000981019894621421,0.14428672443166
S,39,1,100,600,600,0.00180789469591098,0.303866382641526
S,39,1,200,600,600,0.000902567045911693,0.114938213096383
S,40,1,25,600,600,0.00407470972259892,1.01681878505509
S,40,1,50,600,600,0.00151936200919291,0.144105794405445
S,40,1,100,600,600,0.00096298386643777,0.122822930423684
S,40,1,200,600,600,0.00104484417273387,0.284171801601929
