coverage_id,scope,study,family,fieldPath,row_selector,policy_family
F0069,full,study1,data/*.mat,value[].result[].gramCondition,All applicable elements/rows,P7
F0374,full,study1,tables/run_diagnostics.csv,value.gramConditionMax,All applicable elements/rows,P7
F0533,full,study2,runs/*.mat,value[].result[].gramCondition,All applicable elements/rows,P7
F0713,full,study2,tables/run_diagnostics.csv,value.gramConditionMax,All applicable elements/rows,P7
F0894,full,study3,runs/*.mat,value[].result[].gramCondition,All applicable elements/rows,P7
F1133,full,study3,tables/run_diagnostics.csv,value.gramConditionMin,All applicable elements/rows,P7
F1134,full,study3,tables/run_diagnostics.csv,value.gramConditionMax,All applicable elements/rows,P7
F1224,full,study3,tables/run_metrics.csv,value.gramConditionMin,All applicable elements/rows,P7
F1225,full,study3,tables/run_metrics.csv,value.gramConditionMax,All applicable elements/rows,P7
F1344,full,study4,runs/*.mat,value[].result[].gramCondition,All applicable elements/rows,P7
F1477,full,study4,summary.mat,value[].summary[].diagnostics.gramConditionMax,All applicable elements/rows,P7
F1614,full,study4,tables/diagnostics.csv,value.gramConditionMax,All applicable elements/rows,P7
F1896,full,study5,runs/*.mat,value[].result[].gramCondition,All applicable elements/rows,P7
F2067,full,study5,summary.mat,value[].summary[].diagnostics.gramConditionMax,All applicable elements/rows,P7
F2190,full,study5,tables/diagnostics.csv,value.gramConditionMax,All applicable elements/rows,P7
F2462,full,study6,constraint_audit.mat,value[].runs{}[].gramCondition,All applicable elements/rows,P7
F3589,full,p06,runs/*.mat,value[].result[].gramCondition,All applicable elements/rows,P7
F3736,full,p06,runs/*.mat,value[].scores[].diagnostics[].gramConditionMax,All applicable elements/rows,P7
F3914,quick,study1,representative_study1_S_000.mat,result[].gramCondition,All applicable elements/rows,P7
