k,r,y,e,abs_e,e2,log10_ewma_e2
1,0,0.05,-0.05,0.05,0.0025,-15.653559774527
2,0,0.155,-0.155,0.155,0.024025,-15.653559774527
3,0,0.2775,-0.2775,0.2775,0.07700625,-1.11347402508261
4,0,0.38775,-0.38775,0.38775,0.1503500625,-1.12837098737799
5,0,0.467375,-0.467375,0.467375,0.218439390625,-1.14550385868949
6,0,0.5096375,-0.5096375,0.5096375,0.25973038140625,-1.16287795475884
7,0,0.51729375,-0.51729375,0.51729375,0.267592823789062,-1.18025205082825
8,0,0.499194375,-0.499194375,0.499194375,0.249195024031641,-1.19762614689768
9,0,0.4666859375,-0.4666859375,0.4666859375,0.217795764260254,-1.2150002429671
10,0,0.33059284375,-0.33059284375,0.33059284375,0.109291628338712,-1.22956493030506
11,0,0.0892091093750002,-0.0892091093750002,0.0892091093750002,0.00795826519548074,-1.2458787978134
12,0,-0.1776013265625,0.1776013265625,0.1776013265625,0.0315422311967597,-1.26325289388281
13,0,-0.40884836640625,0.40884836640625,0.40884836640625,0.167156986713059,-1.28062698995218
14,0,-0.568951621015625,0.568951621015625,0.568951621015625,0.323705947056307,-1.29800108602153
15,0,-0.647233575039063,0.647233575039063,0.647233575039063,0.418911300657846,-1.31537518209085
16,0,-0.652584227847656,0.652584227847656,0.652584227847656,0.425866174435522,-1.3327492781602
17,0,-0.605812839244141,0.605812839244141,0.605812839244141,0.367009196193048,-1.35012337422962
18,0,-0.531910299372852,0.531910299372852,0.531910299372852,0.282928566578917,-1.36749747029903
19,0,-0.453796461588379,0.453796461588379,0.453796461588379,0.205931228550134,-1.38487156636844
20,0,-0.388357482821573,0.388357482821573,0.388357482821573,0.150821534463508,-1.40224566243784
21,0,-0.344878701120493,0.344878701120493,0.344878701120493,0.118941318486559,-1.41961975850725
22,0,-0.325467813705639,0.325467813705639,0.325467813705639,0.105929297758329,-1.43699385457666
23,0,-0.326786629774114,0.326786629774114,0.326786629774114,0.106789501399124,-1.45436795064608
24,0,-0.342352475067223,0.342352475067223,0.342352475067223,0.117205217184653,-1.4717420467155
25,0,-0.264778071758955,0.264778071758955,0.264778071758955,0.0701074272843902,-1.48911614278491
26,0,-0.0775203750913761,0.0775203750913761,0.0775203750913761,0.00600940855430764,-1.50649023885422
27,0,0.149064087594204,-0.149064087594204,0.149064087594204,0.0222201022102926,-1.52386433492336
28,0,0.35786039395527,-0.35786039395527,0.35786039395527,0.128064061561821,-1.54123843099277
29,0,0.512445729616961,-0.512445729616961,0.512445729616961,0.26260062580266,-1.55861252706216
30,0,0.598166318656753,-0.598166318656753,0.598166318656753,0.357802944775373,-1.57598662313149
31,0,0.618537467253257,-0.618537467253257,0.618537467253257,0.382588598396074,-1.59336071920082
32,0,0.589089777820158,-0.589089777820158,0.589089777820158,0.347026766332204,-1.61073481527018
33,0,0.530658439652958,-0.530658439652958,0.530658439652958,0.281598379574912,-1.62810891133959
34,0,0.463624815005326,-0.463624815005326,0.463624815005326,0.214947969088722,-1.64548300740901
35,0,0.403976314750918,-0.403976314750918,0.403976314750918,0.163196862879733,-1.66285710347843
36,0,0.361427101622649,-0.361427101622649,0.361427101622649,0.130629549787349,-1.68023119954784
37,0,0.339357232108331,-0.339357232108331,0.339357232108331,0.115163330984228,-1.69760529561725
38,0,0.236036877026642,-0.236036877026642,0.236036877026642,0.0557134073164902,-1.71497939168663
39,0,0.0365052530641316,-0.0365052530641316,0.0365052530641316,0.00133263350127629,-1.73235348775598
40,0,-0.190467934322452,0.190467934322452,0.190467934322452,0.0362780340050619,-1.74972758382535
41,0,-0.39125557862857,0.39125557862857,0.39125557862857,0.153080927807977,-1.76710167989474
42,0,-0.533555813917139,0.533555813917139,0.533555813917139,0.284681806564781,-1.78447577596416
43,0,-0.606454815835709,0.606454815835709,0.606454815835709,0.367787443650324,-1.80184987203353
44,0,-0.616193154011567,0.616193154011567,0.616193154011567,0.379694003050723,-1.81922396810285
45,0,-0.579771359932354,0.579771359932354,0.579771359932354,0.336134829797811,-1.83659806417218
46,0,-0.518321832090434,0.518321832090434,0.518321832090434,0.268657521621584,-1.85397216024157
47,0,-0.451642796183003,0.451642796183003,0.451642796183003,0.203981215344002,-1.87134625631099
48,0,-0.394638911811201,0.394638911811201,0.394638911811201,0.155739870715529,-1.88872035238041
49,0,-0.255808410388699,0.255808410388699,0.255808410388699,0.0654379428255932,-1.90609444844981
50,0,-0.0274653773152083,0.0274653773152083,0.0274653773152083,0.000754346951066757,-1.92346854451907
51,1,0.941677915488339,0.0583220845116608,0.0583220845116608,0.0034014655417853,-1.94084264058312
52,1,1.03783095636915,-0.0378309563691546,0.0378309563691546,0.00143118125980488,-1.95821673658419
53,1,0.981405619096197,0.0185943809038029,0.0185943809038029,0.000345751001195712,-1.97559083254872
54,1,1.00801886525118,-0.00801886525117612,0.00801886525117612,6.43021999165199e-05,-1.99296492856418
55,1,0.995570405044683,0.00442959495531725,0.00442959495531725,1.9621311468172e-05,-2.01033902463299
56,1,1.0013855151917,-0.00138551519169905,0.00138551519169905,1.91965234642885e-06,-2.02771312070109
57,1,0.998665127372445,0.00133487262755472,0.00133487262755472,1.78188493179484e-06,-2.04508721677001
58,1,0.999936846014235,6.31539857647301e-05,6.31539857647301e-05,3.98842591797173e-09,-2.06246131283864
59,1,0.999342270352708,0.000657729647291605,0.000657729647291605,4.32608288926339e-07,-2.07983540890754
60,1,0.999620328607194,0.00037967139280648,0.00037967139280648,1.44150366515612e-07,-2.09720950497644
61,1,0.999490381771576,0.000509618228423658,0.000509618228423658,2.59710738741668e-07,-2.11458360104544
62,1,0.999551192945993,0.00044880705400685,0.00044880705400685,2.01427771726308e-07,-2.13195769711446
63,1,0.999522806727161,0.000477193272838683,0.000477193272838683,2.27713419642494e-07,-2.14933179318353
64,1,0.999536119295897,0.000463880704103303,0.000463880704103303,2.15185307639376e-07,-2.16670588925264
65,1,0.99952993024173,0.000470069758269687,0.000470069758269687,2.20965577639722e-07,-2.18407998532176
66,1,0.999532855171007,0.00046714482899346,0.00046714482899346,2.18224291255329e-07,-2.20145408139091
67,1,0.99953151531215,0.000468484687849768,0.000468484687849768,2.19477902749695e-07,-2.21882817746008
68,1,0.999532166571848,0.000467833428151709,0.000467833428151709,2.18868116496181e-07,-2.23620227352927
69,1,0.999531884384356,0.000468115615644416,0.000468115615644416,2.1913222961015e-07,-2.25357636959847
70,1,0.999532036511816,0.000467963488183565,0.000467963488183565,2.18989826272929e-07,-2.27095046566768
71,1,0.99953198373477,0.000468016265230409,0.000468016265230409,2.1903922452022e-07,-2.2883245617369
72,1,0.999532025166079,0.000467974833920581,0.000467974833920581,2.19000445182996e-07,-2.30569865780614
73,1,0.999532021152434,0.000467978847565886,0.000467978847565886,2.19004201769095e-07,-2.32307275387538
74,1,0.99953203715786,0.000467962842140457,0.000467962842140457,2.18989221624174e-07,-2.34044684994462
75,1,0.999532042715943,0.000467957284056575,0.000467957284056575,2.18984019701606e-07,-2.35782094601388
76,1,0.999532052192445,0.000467947807554658,0.000467947807554658,2.18975150595212e-07,-2.37519504208314
77,1,0.999532058974096,0.000467941025904306,0.000467941025904306,2.18968803724374e-07,-2.3925691381524
78,1,0.999532066242288,0.000467933757712258,0.000467933757712258,2.18962001606714e-07,-2.40994323422167
79,1,0.999532072586926,0.000467927413073665,0.000467927413073665,2.18956063905813e-07,-2.42731733029094
80,1,0.999532078734706,0.000467921265294047,0.000467921265294047,2.18950310514382e-07,-2.44469142636022
81,1,0.999532084404817,0.000467915595182777,0.000467915595182777,2.18945004215253e-07,-2.4620655224295
82,1,0.999532089780349,0.000467910219651424,0.000467910219651424,2.18939973654244e-07,-2.47943961849878
83,1,0.99953209482141,0.000467905178590078,0.000467905178590078,2.18935256151413e-07,-2.49681371456807
84,1,0.999532099587149,0.000467900412850608,0.000467900412850608,2.1893079634577e-07,-2.51418781063735
85,1,0.999532104085881,0.000467895914118555,0.000467895914118555,2.18926586448838e-07,-2.53156190670664
86,1,0.999531388411941,0.000468611588058776,0.000468611588058776,2.19596820462968e-07,-2.54893600277594
87,1,0.999535105608923,0.000464894391077109,0.000464894391077109,2.16126794854956e-07,-2.56631009884523
88,1,0.999524298323118,0.000475701676881712,0.000475701676881712,2.26292085388073e-07,-2.58368419491453
89,1,0.999550284615385,0.000449715384615246,0.000449715384615246,2.02243927159638e-07,-2.60105829098382
90,1,0.999490573352247,0.000509426647753219,0.000509426647753219,2.59515509441083e-07,-2.61843238705312
91,1,0.99962702637679,0.00037297362320976,0.00037297362320976,1.39109323610216e-07,-2.63580648312242
92,1,0.999315370244024,0.000684629755976163,0.000684629755976163,4.6871790276798e-07,-2.65318057919172
93,1,1.0000272616472,-2.72616471965748e-05,2.72616471965748e-05,7.43197407870512e-10,-2.67055467526102
94,1,0.998401189625836,0.00159881037416443,0.00159881037416443,2.5561946125358e-06,-2.68792877133031
95,1,1.00211462838215,-0.00211462838214849,0.00211462838214849,4.47165319458793e-06,-2.70530286739962
96,1,0.993642047901618,0.00635795209838164,0.00635795209838164,4.04235548853155e-05,-2.72267696346891
97,1,1.0128862307291,-0.0128862307290996,0.0128862307290996,0.00016605494240359,-2.74005105953825
98,1,0.969830621313806,0.030169378686194,0.030169378686194,0.000910191410310974,-2.75742515560748
99,1,1.05610553902785,-0.0561055390278484,0.0561055390278484,0.00314783150960542,-2.77479925167687
100,1,0.918990021986589,0.0810099780134106,0.0810099780134106,0.00656261653773327,-2.79217334774625
101,-0.5,-0.419534330177444,-0.0804656698225555,0.0804656698225555,0.00647472401999253,-2.80954744380339
102,-0.5,-0.552814091027934,0.0528140910279337,0.0528140910279337,0.00278932821110686,-2.82692153984912
103,-0.5,-0.474643815225592,-0.0253561847744083,0.0253561847744083,0.000642936106313933,-2.84429563563467
104,-0.5,-0.511520906330353,0.0115209063303534,0.0115209063303534,0.000132731282672777,-2.86166973168275
105,-0.5,-0.494274590065237,-0.00572540993476334,0.00572540993476334,3.27803189210867e-05,-2.87904382768238
106,-0.5,-0.502335527675734,0.00233552767573375,0.00233552767573375,5.4546895241183e-06,-2.89641792375002
107,-0.5,-0.498565607719901,-0.00143439228009939,0.00143439228009939,2.05748121320874e-06,-2.91379201981689
108,-0.5,-0.500327604669148,0.000327604669148385,0.000327604669148385,1.07324819247823e-07,-2.93116611588631
109,-0.5,-0.49950385127656,-0.000496148723440393,0.000496148723440393,2.46163555771531e-07,-2.94854021195528
110,-0.5,-0.499888908036254,-0.000111091963745757,0.000111091963745757,1.23414244088887e-08,-2.96591430802461
111,-0.5,-0.49970889815055,-0.000291101849449582,0.000291101849449582,8.47402867529671e-08,-2.98328840409381
112,-0.5,-0.499793041228393,-0.000206958771607424,0.000206958771607424,4.28319331452539e-08,-3.00066250016308
113,-0.5,-0.499753702388776,-0.000246297611224411,0.000246297611224411,6.0662513294851e-08,-3.01803659623233
114,-0.5,-0.499772087644426,-0.000227912355574122,0.000227912355574122,5.19440418233452e-08,-3.03541069230159
115,-0.5,-0.499763489066752,-0.000236510933247502,0.000236510933247502,5.59374215456045e-08,-3.05278478837085
116,-0.5,-0.499767504761729,-0.000232495238271457,0.000232495238271457,5.40540358189017e-08,-3.07015888444012
117,-0.5,-0.499765623907841,-0.000234376092159483,0.000234376092159483,5.49321525759504e-08,-3.08753298050938
118,-0.5,-0.499766499681977,-0.000233500318022994,0.000233500318022994,5.45223985168395e-08,-3.10490707657865
119,-0.5,-0.499766086997705,-0.000233913002294528,0.000233913002294528,5.47152926424398e-08,-3.12228117264792
120,-0.5,-0.499766276785383,-0.000233723214616566,0.000233723214616566,5.46265410507013e-08,-3.13965526871719
121,-0.5,-0.499766185086649,-0.000233814913351005,0.000233814913351005,5.46694137053379e-08,-3.15702936478646
122,-0.5,-0.499766225112121,-0.000233774887878846,0.000233774887878846,5.4650698202767e-08,-3.17440346085574
123,-0.5,-0.499766203690168,-0.000233796309832168,0.000233796309832168,5.46607144911392e-08,-3.19177755692501
124,-0.5,-0.499766211113434,-0.000233788886565889,0.000233788886565889,5.4657243481718e-08,-3.20915165299428
125,-0.5,-0.499766205165269,-0.000233794834731238,0.000233794834731238,5.46600247470069e-08,-3.22652574906356
126,-0.5,-0.499766205573335,-0.000233794426664713,0.000233794426664713,5.46598339394818e-08,-3.24389984513283
127,-0.5,-0.499766203109006,-0.000233796890993898,0.000233796890993898,5.46609862384127e-08,-3.26127394120211
128,-0.5,-0.499766202080295,-0.000233797919705347,0.000233797919705347,5.46614672585481e-08,-3.27864803727139
129,-0.5,-0.499766200467778,-0.000233799532221579,0.000233799532221579,5.46622212670292e-08,-3.29602213334066
130,-0.5,-0.499766199210333,-0.000233800789667449,0.000233800789667449,5.46628092491226e-08,-3.31339622940994
131,-0.5,-0.499766197864307,-0.00023380213569324,0.00023380213569324,5.466343865472e-08,-3.33077032547921
132,-0.5,-0.499766196632717,-0.000233803367282737,0.000233803367282737,5.46640145527462e-08,-3.34814442154849
133,-0.5,-0.499766195416595,-0.000233804583404829,0.000233804583404829,5.46645832211054e-08,-3.36551851761776
134,-0.5,-0.499766194258449,-0.000233805741551463,0.000233805741551463,5.46651247824294e-08,-3.38289261368704
135,-0.5,-0.499766193134907,-0.000233806865093444,0.000233806865093444,5.46656501648241e-08,-3.40026670975631
136,-0.5,-0.499765592161868,-0.000234407838131834,0.000234407838131834,5.494703457764e-08,-3.41764080582558
137,-0.5,-0.499768685153257,-0.000231314846743325,0.000231314846743325,5.35065583238877e-08,-3.43501490189486
138,-0.5,-0.499759675597547,-0.000240324402453362,0.000240324402453362,5.77558184145657e-08,-3.45238899796413
139,-0.5,-0.499781325245259,-0.000218674754741299,0.000218674754741299,4.78186483611674e-08,-3.4697630940334
140,-0.5,-0.49973156531407,-0.000268434685929908,0.000268434685929908,7.20571806102884e-08,-3.48713719010267
141,-0.5,-0.499845265835522,-0.000154734164478199,0.000154734164478199,2.39426616567662e-08,-3.50451128617193
142,-0.5,-0.499585562119171,-0.000414437880829011,0.000414437880829011,1.71758757066041e-07,-3.5218853822412
143,-0.5,-0.500178775970263,0.000178775970262834,0.000178775970262834,3.19608475434179e-08,-3.53925947831046
144,-0.5,-0.498823760637282,-0.00117623936271849,0.00117623936271849,1.3835390384084e-06,-3.55663357437974
145,-0.5,-0.501918204645381,0.00191820464538117,0.00191820464538117,3.67950906156191e-06,-3.57400767044897
146,-0.5,-0.494857857522875,-0.00514214247712486,0.00514214247712486,2.64416292550517e-05,-3.59138176651829
147,-0.5,-0.510894475985826,0.0108944759858265,0.0108944759858265,0.00011868960700575,-3.60875586258734
148,-0.5,-0.475015005831399,-0.0249849941686008,0.0249849941686008,0.000624249933605015,-3.62612995865677
149,-0.5,-0.546910653753446,0.0469106537534456,0.0469106537534456,0.00220060943557566,-3.64350405472372
150,-0.5,-0.432647673953259,-0.0673523260467408,0.0673523260467408,0.00453633582390648,-3.66087815079255
151,0.75,0.682791635596349,0.0672083644036513,0.0672083644036513,0.00451696424581398,-3.67825224607083
152,0.75,0.793858925877364,-0.043858925877364,0.043858925877364,0.00192360537911611,-3.6956263419321
153,0.75,0.728713036121763,0.0212869638782375,0.0212869638782375,0.000453134831153387,-3.71300043793283
154,0.75,0.759442679411676,-0.00944267941167554,0.00944267941167554,8.91641944716811e-05,-3.73037453345248
155,0.75,0.745075045749785,0.00492495425021466,0.00492495425021466,2.42551743667075e-05,-3.74774862946506
156,0.75,0.751789510688221,-0.00178951068822097,0.00178951068822097,3.20234850325711e-06,-3.76512272553283
157,0.75,0.748648749566773,0.0013512504332267,0.0013512504332267,1.82587773329535e-06,-3.78249682160211
158,0.75,0.750116842178969,-0.000116842178969123,0.000116842178969123,1.36520947862526e-08,-3.79987091766926
159,0.75,0.74943038796139,0.000569612038610279,0.000569612038610279,3.24457874529758e-07,-3.81724501373738
160,0.75,0.749751316066797,0.000248683933203209,0.000248683933203209,6.1843698633418e-08,-3.83461910980494
161,0.75,0.749601269569099,0.000398730430901217,0.000398730430901217,1.58985956526671e-07,-3.85199320587272
162,0.75,0.74967142292211,0.00032857707788958,0.00032857707788958,1.07962896114455e-07,-3.86936730194035
163,0.75,0.749638625615842,0.000361374384157731,0.000361374384157731,1.30591445525379e-07,-3.886741398008
164,0.75,0.749653961457289,0.000346038542711424,0.000346038542711424,1.19742673041846e-07,-3.90411549407559
165,0.75,0.749646793338881,0.000353206661119487,0.000353206661119487,1.24754945459176e-07,-3.92148959014316
166,0.75,0.749650146580392,0.000349853419607804,0.000349853419607804,1.22397415211274e-07,-3.93886368621069
167,0.75,0.7496485806759,0.000351419324099767,0.000351419324099767,1.23495541350737e-07,-3.95623778227819
168,0.75,0.749649314607177,0.000350685392823347,0.000350685392823347,1.22980244739665e-07,-3.97361187834565
169,0.75,0.74964897324635,0.000351026753649508,0.000351026753649508,1.23219781777713e-07,-3.99098597441307
170,0.75,0.749649134586006,0.000350865413993762,0.000350865413993762,1.23106538737014e-07,-4.00836007048045
171,0.75,0.749649060859981,0.000350939140018935,0.000350939140018935,1.2315827999723e-07,-4.0257341665478
172,0.75,0.749649097001082,0.000350902998917602,0.000350902998917602,1.23132914649366e-07,-4.0431082626151
173,0.75,0.749649081742081,0.000350918257919219,0.000350918257919219,1.2314362374106e-07,-4.06048235868235
174,0.75,0.749649090482085,0.000350909517915166,0.000350909517915166,1.23137489763454e-07,-4.07785645474957
175,0.75,0.749649087970298,0.000350912029702388,0.000350912029702388,1.2313925258985e-07,-4.09523055081674
176,0.75,0.749649090688612,0.000350909311388259,0.000350909311388259,1.23137344818982e-07,-4.11260464688386
177,0.75,0.749649090932048,0.000350909067951988,0.000350909067951988,1.23137173970933e-07,-4.12997874295093
178,0.75,0.749649092303802,0.000350907696198499,0.000350907696198499,1.23136211251338e-07,-4.14735283901795
179,0.75,0.749649093120058,0.000350906879941659,0.000350906879941659,1.2313563839039e-07,-4.16472693508492
180,0.75,0.749649094168857,0.0003509058311435,0.0003509058311435,1.2313490233051e-07,-4.18210103115184
181,0.75,0.749649095082504,0.000350904917495676,0.000350904917495676,1.23134261122647e-07,-4.1994751272187
182,0.75,0.749649096033632,0.000350903966367833,0.000350903966367833,1.23133593612677e-07,-4.21684922328551
183,0.75,0.749649096942236,0.000350903057764418,0.000350903057764418,1.23132955948418e-07,-4.23422331935226
184,0.75,0.749649097846392,0.000350902153608224,0.000350902153608224,1.23132321406889e-07,-4.25159741541895
185,0.75,0.749649098728953,0.000350901271046866,0.000350901271046866,1.23131702022306e-07,-4.26897151148558
186,0.75,0.749648739654412,0.000351260345587745,0.000351260345587745,1.23383830382422e-07,-4.28634560755215
187,0.75,0.749650596975131,0.000349403024869299,0.000349403024869299,1.22082473787816e-07,-4.30371970361865
188,0.75,0.749645192563377,0.000354807436623195,0.000354807436623195,1.25888317083122e-07,-4.32109379968509
189,0.75,0.749658184031093,0.0003418159689067,0.0003418159689067,1.16838156599626e-07,-4.33846789575145
190,0.75,0.749628328896963,0.000371671103037263,0.000371671103037263,1.38139408832936e-07,-4.35584199181775
191,0.75,0.749696551661891,0.000303448338108803,0.000303448338108803,9.20808939009942e-08,-4.37321608788397
192,0.75,0.749540728592997,0.000459271407002748,0.000459271407002748,2.10930225290284e-07,-4.39059018395011
193,0.75,0.749896662228703,0.000103337771297118,0.000103337771297118,1.06786949766555e-08,-4.40796428001619
194,0.75,0.749083647086538,0.000916352913462148,0.000916352913462148,8.39702662010568e-07,-4.42533837608216
195,0.75,0.750940326523896,-0.000940326523896085,0.000940326523896085,8.84213971542494e-07,-4.44271247214812
196,0.75,0.746704102972601,0.00329589702739908,0.00329589702739908,1.08629372152181e-05,-4.46008656821383
197,0.75,0.756326089910813,-0.00632608991081285,0.00632608991081285,4.00194135596881e-05,-4.47746066427989
198,0.75,0.734798419750073,0.0152015802499266,0.0152015802499266,0.000231088042094958,-4.4948347603451
199,0.75,0.777935732316468,-0.0279357323164678,0.0279357323164678,0.000780405140057346,-4.51220885641282
200,0.75,0.709378098977335,0.0406219010226651,0.0406219010226651,0.0016501388426952,-4.52958295247944
201,0,0.0401159609893464,-0.0401159609893464,0.0401159609893464,0.00160929032609877,-4.54695704828725
202,0,-0.0265231468114914,0.0265231468114914,0.0265231468114914,0.000703477316783925,-4.56433114290793
203,0,0.0125638184617998,-0.0125638184617998,0.0125638184617998,0.000157849534341061,-4.58170523763839
204,0,-0.00587470605018398,0.00587470605018398,0.00587470605018398,3.45121711760682e-05,-4.59907933254481
205,0,0.00274698596924511,-0.00274698596924511,0.00274698596924511,7.54593191522949e-06,-4.61645342860717
206,0,-0.00128370551374785,0.00128370551374785,0.00128370551374785,1.64789984602664e-06,-4.63382752446532
207,0,0.000600643529700979,-0.000600643529700979,0.000600643529700979,3.60772649771651e-07,-4.6512016204921
208,0,-0.000280293331995876,0.000280293331995876,0.000280293331995876,7.85643519613504e-08,-4.66857571645104
209,0,0.000131541783371192,-0.000131541783371192,0.000131541783371192,1.73032407724737e-08,-4.68594981244302
210,0,-6.09942251359216e-05,6.09942251359216e-05,6.09942251359216e-05,3.72029549993149e-09,-4.70332390841619
211,0,2.90134099223105e-05,-2.90134099223105e-05,2.90134099223105e-05,8.41777955320028e-10,-4.72069800439486
212,0,-1.30681252030915e-05,1.30681252030915e-05,1.30681252030915e-05,1.70775896323674e-10,-4.738072100367
213,0,6.60208634561669e-06,-6.60208634561669e-06,6.60208634561669e-06,4.35875441149784e-11,-4.75544619633827
214,0,-2.59662177854094e-06,2.59662177854094e-06,2.59662177854094e-06,6.74244466079312e-12,-4.7728202923058
215,0,1.70092941147209e-06,-1.70092941147209e-06,1.70092941147209e-06,2.8931608628108e-12,-4.79019438827084
216,0,-3.10990586919893e-07,3.10990586919893e-07,3.10990586919893e-07,9.67151451527798e-14,-4.80756848423265
217,0,6.26800905766305e-07,-6.26800905766305e-07,6.26800905766305e-07,3.92879375469461e-13,-4.82494258019146
218,0,1.85633385832066e-07,-1.85633385832066e-07,1.85633385832066e-07,3.44597539354766e-14,-4.84231667614701
219,0,3.89160760461675e-07,-3.89160760461675e-07,3.89160760461675e-07,1.51446097483109e-13,-4.85969077209927
220,0,2.91323822616603e-07,-2.91323822616603e-07,2.91323822616603e-07,8.48695696239497e-14,-4.87706486804812
221,0,3.34404963550055e-07,-3.34404963550055e-07,3.34404963550055e-07,1.11826679646913e-13,-4.89443896399345
222,0,3.11636549365647e-07,-3.11636549365647e-07,3.11636549365647e-07,9.71173389005274e-14,-4.91181305993515
223,0,3.19682007345656e-07,-3.19682007345656e-07,3.19682007345656e-07,1.02196585820548e-13,-4.9291871558731
224,0,3.13350676239943e-07,-3.13350676239943e-07,3.13350676239943e-07,9.81886463000297e-14,-4.9465612518072
225,0,3.13768729397285e-07,-3.13768729397285e-07,3.13768729397285e-07,9.84508155475869e-14,-4.9639353477373
226,0,3.11059212313028e-07,-3.11059212313028e-07,3.11059212313028e-07,9.67578335648015e-14,-4.98130944366331
227,0,3.09839151432153e-07,-3.09839151432153e-07,3.09839151432153e-07,9.60002997601969e-14,-4.99868353958507
228,0,3.0794964276113e-07,-3.0794964276113e-07,3.0794964276113e-07,9.48329824767077e-14,-5.01605763550245
229,0,3.06399541277968e-07,-3.06399541277968e-07,3.06399541277968e-07,9.38806788953494e-14,-5.03343173141533
230,0,3.04716782963604e-07,-3.04716782963604e-07,3.04716782963604e-07,9.2852317819688e-14,-5.05080582732355
231,0,3.03121642898182e-07,-3.03121642898182e-07,3.03121642898182e-07,9.18827303932927e-14,-5.06817992322696
232,0,3.01510736198011e-07,-3.01510736198011e-07,3.01510736198011e-07,9.09087240426666e-14,-5.08555401912542
233,0,2.99931997663613e-07,-2.99931997663613e-07,2.99931997663613e-07,8.99592032224854e-14,-5.10292811501876
234,0,2.98362628419332e-07,-2.98362628419332e-07,2.98362628419332e-07,8.90202580372925e-14,-5.12030221090683
235,0,2.96812905714667e-07,-2.96812905714667e-07,2.96812905714667e-07,8.8097900998784e-14,-5.13767630678945
236,0,2.95277651597919e-07,-2.95277651597919e-07,2.95277651597919e-07,8.71888915331823e-14,-5.15505040266645
237,0,2.93758921124015e-07,-2.93758921124015e-07,2.93758921124015e-07,8.62943037399451e-14,-5.17242449853766
238,0,2.92255395412353e-07,-2.92255395412353e-07,2.92255395412353e-07,8.54132161476307e-14,-5.18979859440288
239,0,2.90767340204828e-07,-2.90767340204828e-07,2.90767340204828e-07,8.45456461297903e-14,-5.20717269026192
240,0,2.89294287552742e-07,-2.89294287552742e-07,2.89294287552742e-07,8.36911848106484e-14,-5.22454678611459
241,0,2.87836119449239e-07,-2.87836119449239e-07,2.87836119449239e-07,8.28496316595967e-14,-5.24192088196067
242,0,2.86392561056518e-07,-2.86392561056518e-07,2.86392561056518e-07,8.20206990285115e-14,-5.25929497779997
243,0,2.84963417453057e-07,-2.84963417453057e-07,2.84963417453057e-07,8.12041492865251e-14,-5.27666907363226
244,0,2.83548462790197e-07,-2.83548462790197e-07,2.83548462790197e-07,8.03997307506836e-14,-5.29404316945732
245,0,2.82147491952241e-07,-2.82147491952241e-07,2.82147491952241e-07,7.96072072149399e-14,-5.31141726527491
246,0,2.80760296250917e-07,-2.80760296250917e-07,2.80760296250917e-07,7.88263439509028e-14,-5.32879136108479
247,0,2.79386674638194e-07,-2.79386674638194e-07,2.79386674638194e-07,7.80569139653881e-14,-5.34616545688671
248,0,2.7802642831877e-07,-2.7802642831877e-07,2.7802642831877e-07,7.72986948436924e-14,-5.36353955268042
249,0,2.76679363127403e-07,-2.76679363127403e-07,2.76679363127403e-07,7.65514699805853e-14,-5.38091364846564
250,0,2.75345288280278e-07,-2.75345288280278e-07,2.75345288280278e-07,7.58150277781496e-14,-15.653559774527
