kind,sourceStudy,plant,modelId,model,unit,sourceFile,sourceCampaign,trial,scenario,evaluationRange,status,snapshot,fittingTransitions,snapshotTime,inputMode,initialization,squaredUnit,currentTrueGain,horizon,horizonSeconds,attemptedQueries,finiteQueries,failedQueries,modelMeanError,modelMSE,modelRMSE,freezingMeanError,freezingMSE,freezingRMSE,totalMeanError,totalMSE,totalRMSE,initializationMeanError,initializationMSE,initializationRMSE,changeMeanError,changeMSE,changeRMSE,combinedMeanError,combinedMSE,combinedRMSE,meanCrossTerm,meanCombinedCrossTerm,aggregateSquaredResidual,aggregateCombinedSquaredResidual,identityResidualMax,squaredIdentityResidualMax,combinedIdentityResidualMax,combinedSquaredIdentityResidualMax,referenceRefinementRMSE,archiveComparisonMax
futureChange,3,A,A,"Affine, no forgetting",dimensionless state,study3_pilot_20260918/runs/abrupt_A_none_000.mat,pilot,0,abrupt,NaN,derived pilot,Online at 49.5 s; future switch evaluator-only,NaN,49.5,held,clean,(dimensionless state)^2,0.45,20,2,1,1,0,-0.0554561022268836,0.00307537927419856,0.0554561022268836,-2.22044604925031e-16,4.93038065763132e-32,2.22044604925031e-16,-0.0554561022268838,0.00307537927419859,0.0554561022268838,0,0,0,0.265211487528896,0.0703371331172899,0.265211487528896,0.209755385302012,0.0439973216631957,0.209755385302012,2.4627456619301e-17,-0.0294151907282927,9.23529133684273e-20,-3.46944695195361e-18,0,9.23529133684273e-20,0,3.46944695195361e-18,0,NaN
futureChange,3,A,A,"Affine, no forgetting",dimensionless state,study3_pilot_20260918/runs/abrupt_A_none_000.mat,pilot,0,abrupt,NaN,derived pilot,Online at 49.5 s; future switch evaluator-only,NaN,49.5,recordedRateLimited,clean,(dimensionless state)^2,0.45,20,2,1,1,0,-0.126700932571576,0.016053126314507,0.126700932571576,-2.22044604925031e-16,4.93038065763132e-32,2.22044604925031e-16,-0.126700932571576,0.016053126314507,0.126700932571576,0,0,0,0.346865575762749,0.120315727649224,0.346865575762749,0.220164643191173,0.0484724701114966,0.220164643191173,5.62665170329771e-17,-0.0878963838522339,-7.5536580171937e-19,0,0,7.5536580171937e-19,0,0,0,NaN
futureChange,3,A,A,"Affine, no forgetting",dimensionless state,study3_pilot_20260918/runs/abrupt_A_none_000.mat,pilot,0,abrupt,NaN,derived pilot,Online at 49.9 s; future switch evaluator-only,NaN,49.9,held,clean,(dimensionless state)^2,0.45,20,2,1,1,0,-0.0545207579003527,0.00297251304202887,0.0545207579003527,1.11022302462516e-16,1.23259516440783e-32,1.11022302462516e-16,-0.0545207579003526,0.00297251304202886,0.0545207579003526,0,0,0,0.265831183350041,0.070666218041283,0.265831183350041,0.211310425449688,0.0446520959037282,0.211310425449688,-1.21060401481971e-17,-0.0289866351795836,-3.70241836405646e-20,3.46944695195361e-18,0,3.70241836405646e-20,0,3.46944695195361e-18,0,NaN
futureChange,3,A,A,"Affine, no forgetting",dimensionless state,study3_pilot_20260918/runs/abrupt_A_none_000.mat,pilot,0,abrupt,NaN,derived pilot,Online at 49.9 s; future switch evaluator-only,NaN,49.9,recordedRateLimited,clean,(dimensionless state)^2,0.45,20,2,1,1,0,-0.129409154860696,0.0167467293617597,0.129409154860696,0,0,0,-0.129409154860696,0.0167467293617597,0.129409154860696,0,0,0,0.351096356295997,0.123268651404326,0.351096356295997,0.221687201435301,0.0491452152802158,0.221687201435301,-0,-0.0908701654858698,0,0,0,0,0,0,0,NaN
futureChange,3,A,A,"Affine, fixed forgetting",dimensionless state,study3_pilot_20260918/runs/abrupt_A_fixed_000.mat,pilot,0,abrupt,NaN,derived pilot,Online at 49.5 s; future switch evaluator-only,NaN,49.5,held,clean,(dimensionless state)^2,0.45,20,2,1,1,0,-0.00217972106669206,4.75118392858119e-06,0.00217972106669206,0,0,0,-0.00217972106669206,4.75118392858119e-06,0.00217972106669206,0,0,0,0.251899967244965,0.0634535934980144,0.251899967244965,0.249720246178273,0.0623602013513372,0.249720246178273,-0,-0.00109814333060578,0,-2.16840434497101e-19,0,0,0,2.16840434497101e-19,0,NaN
futureChange,3,A,A,"Affine, fixed forgetting",dimensionless state,study3_pilot_20260918/runs/abrupt_A_fixed_000.mat,pilot,0,abrupt,NaN,derived pilot,Online at 49.5 s; future switch evaluator-only,NaN,49.5,recordedRateLimited,clean,(dimensionless state)^2,0.45,20,2,1,1,0,-0.103267491995489,0.0106641749030384,0.103267491995489,0,0,0,-0.103267491995489,0.0106641749030384,0.103267491995489,0,0,0,0.367587779838413,0.135120775886534,0.367587779838413,0.264320287842924,0.0698652145653662,0.264320287842924,-0,-0.0759197362242058,0,1.38777878078145e-17,0,0,0,1.38777878078145e-17,0,NaN
futureChange,3,A,A,"Affine, fixed forgetting",dimensionless state,study3_pilot_20260918/runs/abrupt_A_fixed_000.mat,pilot,0,abrupt,NaN,derived pilot,Online at 49.9 s; future switch evaluator-only,NaN,49.9,held,clean,(dimensionless state)^2,0.45,20,2,1,1,0,-0.00202109356732183,4.08481920786968e-06,0.00202109356732183,0,0,0,-0.00202109356732183,4.08481920786968e-06,0.00202109356732183,0,0,0,0.252657896934069,0.0638360128831467,0.252657896934069,0.250636803366747,0.0628188072019016,0.250636803366747,-0,-0.00102129050045302,0,-2.16840434497101e-18,0,0,0,2.16840434497101e-18,0,NaN
futureChange,3,A,A,"Affine, fixed forgetting",dimensionless state,study3_pilot_20260918/runs/abrupt_A_fixed_000.mat,pilot,0,abrupt,NaN,derived pilot,Online at 49.9 s; future switch evaluator-only,NaN,49.9,recordedRateLimited,clean,(dimensionless state)^2,0.45,20,2,1,1,0,-0.11429159620521,0.0130625689631347,0.11429159620521,-1.11022302462516e-16,1.23259516440783e-32,1.11022302462516e-16,-0.11429159620521,0.0130625689631347,0.11429159620521,0,0,0,0.379792324539732,0.144242209779293,0.379792324539732,0.265500728334522,0.0704906367461616,0.265500728334522,2.5377832325637e-17,-0.086814141996266,6.43019814015104e-19,0,0,6.43019814015104e-19,0,0,0,NaN
futureChange,3,A,A,"Affine, variable forgetting",dimensionless state,study3_pilot_20260918/runs/abrupt_A_vrf_000.mat,pilot,0,abrupt,NaN,derived pilot,Online at 49.5 s; future switch evaluator-only,NaN,49.5,held,clean,(dimensionless state)^2,0.45,20,2,1,1,0,-0.0471595209509655,0.00222402041632456,0.0471595209509655,2.22044604925031e-16,4.93038065763132e-32,2.22044604925031e-16,-0.0471595209509653,0.00222402041632454,0.0471595209509653,0,0,0,0.263039005286512,0.0691895183021178,0.263039005286512,0.215879484335547,0.0466039517569817,0.215879484335547,-2.09430343960218e-17,-0.0248095869614607,1.26352684300025e-19,-3.46944695195361e-18,0,1.26352684300025e-19,0,3.46944695195361e-18,0,NaN
futureChange,3,A,A,"Affine, variable forgetting",dimensionless state,study3_pilot_20260918/runs/abrupt_A_vrf_000.mat,pilot,0,abrupt,NaN,derived pilot,Online at 49.5 s; future switch evaluator-only,NaN,49.5,recordedRateLimited,clean,(dimensionless state)^2,0.45,20,2,1,1,0,-0.12048366524967,0.0145163135919944,0.12048366524967,0,0,0,-0.12048366524967,0.0145163135919944,0.12048366524967,0,0,0,0.34747792546912,0.120740908688323,0.34747792546912,0.22699426021945,0.0515263941725754,0.22699426021945,-0,-0.0837308281077421,0,1.38777878078145e-17,0,0,0,1.38777878078145e-17,0,NaN
futureChange,3,A,A,"Affine, variable forgetting",dimensionless state,study3_pilot_20260918/runs/abrupt_A_vrf_000.mat,pilot,0,abrupt,NaN,derived pilot,Online at 49.9 s; future switch evaluator-only,NaN,49.9,held,clean,(dimensionless state)^2,0.45,20,2,1,1,0,-0.0461400867831364,0.00212890760835536,0.0461400867831364,-2.22044604925031e-16,4.93038065763132e-32,2.22044604925031e-16,-0.0461400867831366,0.00212890760835538,0.0461400867831366,0,0,0,0.263629987565697,0.0695007703438897,0.263629987565697,0.217489900782561,0.0473018569424081,0.217489900782561,2.04903146819364e-17,-0.024327821009837,-1.07313839208933e-19,3.46944695195361e-18,0,1.07313839208933e-19,0,3.46944695195361e-18,0,NaN
futureChange,3,A,A,"Affine, variable forgetting",dimensionless state,study3_pilot_20260918/runs/abrupt_A_vrf_000.mat,pilot,0,abrupt,NaN,derived pilot,Online at 49.9 s; future switch evaluator-only,NaN,49.9,recordedRateLimited,clean,(dimensionless state)^2,0.45,20,2,1,1,0,-0.124754453364689,0.0155636736343224,0.124754453364689,0,0,0,-0.124754453364689,0.0155636736343224,0.124754453364689,0,0,0,0.353573077447646,0.125013921095799,0.353573077447646,0.228818624082957,0.0523579627272175,0.228818624082957,-0,-0.088219632002904,0,0,0,0,0,0,0,NaN
futureChange,3,A,S,"Shared, no forgetting",dimensionless state,study3_pilot_20260918/runs/abrupt_S_none_000.mat,pilot,0,abrupt,NaN,derived pilot,Online at 49.5 s; future switch evaluator-only,NaN,49.5,held,clean,(dimensionless state)^2,0.45,20,2,1,1,0,-3.06646585641612e-05,9.40321284856587e-10,3.06646585641612e-05,-1.11022302462516e-16,1.23259516440783e-32,1.11022302462516e-16,-3.06646585642723e-05,9.40321284863396e-10,3.06646585642723e-05,0,0,0,0.251395190998925,0.0631995420573858,0.251395190998925,0.25136452634036,0.0631841251023138,0.25136452634036,6.80892199604016e-21,-1.54178953933641e-05,1.52161777634367e-26,1.75810158532103e-17,0,1.52161777634367e-26,0,1.75810158532103e-17,0,NaN
futureChange,3,A,S,"Shared, no forgetting",dimensionless state,study3_pilot_20260918/runs/abrupt_S_none_000.mat,pilot,0,abrupt,NaN,derived pilot,Online at 49.5 s; future switch evaluator-only,NaN,49.5,recordedRateLimited,clean,(dimensionless state)^2,0.45,20,2,1,1,0,-4.06217090787031e-05,1.65012324847479e-09,4.06217090787031e-05,-0.00696797318335673,4.85526502839786e-05,0.00696797318335673,-0.00700859489243544,4.91204023662721e-05,0.00700859489243544,0,0,0,0.323705687604933,0.104785372187783,0.323705687604933,0.316697092712498,0.100297048532548,0.316697092712498,5.66101959045044e-07,-0.00453687795564143,-1.90582413132218e-21,6.07153216591882e-18,0,1.90582413132218e-21,0,6.07153216591882e-18,0,NaN
futureChange,3,A,S,"Shared, no forgetting",dimensionless state,study3_pilot_20260918/runs/abrupt_S_none_000.mat,pilot,0,abrupt,NaN,derived pilot,Online at 49.9 s; future switch evaluator-only,NaN,49.9,held,clean,(dimensionless state)^2,0.45,20,2,1,1,0,-3.02475131926938e-05,9.14912054342186e-10,3.02475131926938e-05,-1.11022302462516e-16,1.23259516440783e-32,1.11022302462516e-16,-3.02475131928048e-05,9.14912054348902e-10,3.02475131928048e-05,0,0,0,0.252187623549387,0.0635985974714875,0.252187623549387,0.252157376036194,0.0635833422894588,0.252157376036194,6.71629711683637e-21,-1.52560969407444e-05,-4.13322438695385e-27,6.00038139834946e-18,0,4.13322438695385e-27,0,6.00038139834946e-18,0,NaN
futureChange,3,A,S,"Shared, no forgetting",dimensionless state,study3_pilot_20260918/runs/abrupt_S_none_000.mat,pilot,0,abrupt,NaN,derived pilot,Online at 49.9 s; future switch evaluator-only,NaN,49.9,recordedRateLimited,clean,(dimensionless state)^2,0.45,20,2,1,1,0,-4.01031716787958e-05,1.60826437869897e-09,4.01031716787958e-05,-0.00778573267473481,6.06176332824333e-05,0.00778573267473481,-0.00782583584641361,6.12437066950122e-05,0.00782583584641361,0,0,0,0.327718181723887,0.107399206632411,0.327718181723887,0.319892345877474,0.102331112950993,0.319892345877474,6.24465148200201e-07,-0.00512871292296437,1.6940658945086e-21,-2.34187669256869e-17,0,1.6940658945086e-21,0,2.34187669256869e-17,0,NaN
futureChange,3,A,S,"Shared, fixed forgetting",dimensionless state,study3_pilot_20260918/runs/abrupt_S_fixed_000.mat,pilot,0,abrupt,NaN,derived pilot,Online at 49.5 s; future switch evaluator-only,NaN,49.5,held,clean,(dimensionless state)^2,0.45,20,2,1,1,0,-7.21024930760983e-07,5.1987695077888e-13,7.21024930760983e-07,-1.11022302462516e-16,1.23259516440783e-32,1.11022302462516e-16,-7.21024930872005e-07,5.1987695093898e-13,7.21024930872005e-07,0,0,0,0.251388719748158,0.063196288416618,0.251388719748158,0.251387998723227,0.0631959259020693,0.251387998723227,1.6009969589192e-22,-3.62515068556835e-07,4.13289158625946e-29,-4.16290223795887e-18,0,4.13289158625946e-29,0,4.16290223795887e-18,0,NaN
futureChange,3,A,S,"Shared, fixed forgetting",dimensionless state,study3_pilot_20260918/runs/abrupt_S_fixed_000.mat,pilot,0,abrupt,NaN,derived pilot,Online at 49.5 s; future switch evaluator-only,NaN,49.5,recordedRateLimited,clean,(dimensionless state)^2,0.45,20,2,1,1,0,-1.66460889583497e-06,2.77092277609293e-12,1.66460889583497e-06,-0.0147717586932934,0.000218204854892889,0.0147717586932934,-0.0147734233021892,0.000218254036065668,0.0147734233021892,0,0,0,0.360984451562998,0.130309774270238,0.360984451562998,0.346211028260809,0.119862076089406,0.346211028260809,4.91784018559676e-08,-0.0106659030384957,-3.12541922647036e-20,-1.38777878078145e-17,0,3.12541922647036e-20,0,1.38777878078145e-17,0,NaN
futureChange,3,A,S,"Shared, fixed forgetting",dimensionless state,study3_pilot_20260918/runs/abrupt_S_fixed_000.mat,pilot,0,abrupt,NaN,derived pilot,Online at 49.9 s; future switch evaluator-only,NaN,49.9,held,clean,(dimensionless state)^2,0.45,20,2,1,1,0,-6.78249580166046e-07,4.60022492995418e-13,6.78249580166046e-07,0,0,0,-6.78249580166046e-07,4.60022492995418e-13,6.78249580166046e-07,0,0,0,0.252181200101356,0.0635953576845599,0.252181200101356,0.252180521851775,0.0635950156014338,0.252180521851775,-0,-3.42083586189028e-07,0,8.98611959786167e-18,0,0,0,8.98611959786167e-18,0,NaN
futureChange,3,A,S,"Shared, fixed forgetting",dimensionless state,study3_pilot_20260918/runs/abrupt_S_fixed_000.mat,pilot,0,abrupt,NaN,derived pilot,Online at 49.9 s; future switch evaluator-only,NaN,49.9,recordedRateLimited,clean,(dimensionless state)^2,0.45,20,2,1,1,0,-1.51452278407405e-06,2.2937792634794e-12,1.51452278407405e-06,-0.018728141255667,0.000350743274892217,0.018728141255667,-0.0187296557784511,0.000350800005579266,0.0187296557784511,0,0,0,0.374393172251039,0.140170247428196,0.374393172251039,0.355663516472587,0.126496536949646,0.355663516472587,5.67283932701296e-08,-0.0140244537557353,9.29751008509603e-21,1.73472347597681e-18,0,9.29751008509603e-21,0,1.73472347597681e-18,0,NaN
futureChange,3,A,S,"Shared, variable forgetting",dimensionless state,study3_pilot_20260918/runs/abrupt_S_vrf_000.mat,pilot,0,abrupt,NaN,derived pilot,Online at 49.5 s; future switch evaluator-only,NaN,49.5,held,clean,(dimensionless state)^2,0.45,20,2,1,1,0,-3.06646585641612e-05,9.40321284856587e-10,3.06646585641612e-05,-1.11022302462516e-16,1.23259516440783e-32,1.11022302462516e-16,-3.06646585642723e-05,9.40321284863396e-10,3.06646585642723e-05,0,0,0,0.251395190998925,0.0631995420573858,0.251395190998925,0.25136452634036,0.0631841251023138,0.25136452634036,6.80892199604016e-21,-1.54178953933641e-05,1.52161777634367e-26,1.75810158532103e-17,0,1.52161777634367e-26,0,1.75810158532103e-17,0,NaN
futureChange,3,A,S,"Shared, variable forgetting",dimensionless state,study3_pilot_20260918/runs/abrupt_S_vrf_000.mat,pilot,0,abrupt,NaN,derived pilot,Online at 49.5 s; future switch evaluator-only,NaN,49.5,recordedRateLimited,clean,(dimensionless state)^2,0.45,20,2,1,1,0,-4.0848873924193e-05,1.66863050087462e-09,4.0848873924193e-05,-0.00716213139619781,5.12961261364024e-05,0.00716213139619781,-0.00720298027012201,5.18829247717669e-05,0.00720298027012201,0,0,0,0.324940200999879,0.105586134225842,0.324940200999879,0.317737220729757,0.10095694143707,0.317737220729757,5.85130004863578e-07,-0.00468049058353835,-5.0821976835258e-21,1.38777878078145e-17,0,5.0821976835258e-21,0,1.38777878078145e-17,0,NaN
futureChange,3,A,S,"Shared, variable forgetting",dimensionless state,study3_pilot_20260918/runs/abrupt_S_vrf_000.mat,pilot,0,abrupt,NaN,derived pilot,Online at 49.9 s; future switch evaluator-only,NaN,49.9,held,clean,(dimensionless state)^2,0.45,20,2,1,1,0,-3.02475131926938e-05,9.14912054342186e-10,3.02475131926938e-05,-1.11022302462516e-16,1.23259516440783e-32,1.11022302462516e-16,-3.02475131928048e-05,9.14912054348902e-10,3.02475131928048e-05,0,0,0,0.252187623549387,0.0635985974714875,0.252187623549387,0.252157376036194,0.0635833422894588,0.252157376036194,6.71629711683637e-21,-1.52560969407444e-05,-4.13322438695385e-27,6.00038139834946e-18,0,4.13322438695385e-27,0,6.00038139834946e-18,0,NaN
futureChange,3,A,S,"Shared, variable forgetting",dimensionless state,study3_pilot_20260918/runs/abrupt_S_vrf_000.mat,pilot,0,abrupt,NaN,derived pilot,Online at 49.9 s; future switch evaluator-only,NaN,49.9,recordedRateLimited,clean,(dimensionless state)^2,0.45,20,2,1,1,0,-4.05473674844892e-05,1.64408900992221e-09,4.05473674844892e-05,-0.00822803811920836,6.77006112911458e-05,0.00822803811920836,-0.00826858548669285,6.83695059507476e-05,0.00826858548669285,0,0,0,0.330291333391667,0.109092364913646,0.330291333391667,0.322022747904975,0.103698650168271,0.322022747904975,6.67250570591853e-07,-0.00546141700075495,-4.2351647362715e-21,1.47451495458029e-17,0,4.2351647362715e-21,0,1.47451495458029e-17,0,NaN
futureChange,3,A,S,"Shared, pretrained-frozen",dimensionless state,study3_pilot_20260918/runs/abrupt_S_pretrained_000.mat,pilot,0,abrupt,NaN,derived pilot,Online at 49.5 s; future switch evaluator-only,NaN,49.5,held,clean,(dimensionless state)^2,0.45,20,2,1,1,0,-0.000303691593753763,9.22285841167007e-08,0.000303691593753763,-1.11022302462516e-16,1.23259516440783e-32,1.11022302462516e-16,-0.000303691593753874,9.22285841167682e-08,0.000303691593753874,0,0,0,0.251454496559731,0.0632293638401076,0.251454496559731,0.251150804965977,0.0630767268350581,0.251150804965977,6.74330799541075e-20,-0.000152729233633605,-1.31641879696547e-24,2.57498015965307e-18,0,1.31641879696547e-24,0,2.57498015965307e-18,0,NaN
futureChange,3,A,S,"Shared, pretrained-frozen",dimensionless state,study3_pilot_20260918/runs/abrupt_S_pretrained_000.mat,pilot,0,abrupt,NaN,derived pilot,Online at 49.5 s; future switch evaluator-only,NaN,49.5,recordedRateLimited,clean,(dimensionless state)^2,0.45,20,2,1,1,0,-0.000384458313173686,1.47808194568356e-07,0.000384458313173686,-0.00617697351632573,3.81550018213895e-05,0.00617697351632573,-0.00656143182949942,4.30523876531681e-05,0.00656143182949942,0,0,0,0.319109319341171,0.101830757690386,0.319109319341171,0.312547887511672,0.0976861819880087,0.312547887511672,4.74957763721024e-06,-0.0041828785123929,2.5410988417629e-21,-4.33680868994202e-18,0,2.5410988417629e-21,0,4.33680868994202e-18,0,NaN
futureChange,3,A,S,"Shared, pretrained-frozen",dimensionless state,study3_pilot_20260918/runs/abrupt_S_pretrained_000.mat,pilot,0,abrupt,NaN,derived pilot,Online at 49.9 s; future switch evaluator-only,NaN,49.9,held,clean,(dimensionless state)^2,0.45,20,2,1,1,0,-0.000303691593753874,9.22285841167682e-08,0.000303691593753874,-1.11022302462516e-16,1.23259516440783e-32,1.11022302462516e-16,-0.000303691593753985,9.22285841168356e-08,0.000303691593753985,0,0,0,0.252247324244075,0.0636287125882957,0.252247324244075,0.251943632650321,0.0634755940330401,0.251943632650321,6.74330799541321e-20,-0.000153210783839723,-1.31641882161737e-24,-7.02020906684364e-18,0,1.31641882161737e-24,0,7.02020906684364e-18,0,NaN
futureChange,3,A,S,"Shared, pretrained-frozen",dimensionless state,study3_pilot_20260918/runs/abrupt_S_pretrained_000.mat,pilot,0,abrupt,NaN,derived pilot,Online at 49.9 s; future switch evaluator-only,NaN,49.9,recordedRateLimited,clean,(dimensionless state)^2,0.45,20,2,1,1,0,-0.00038837498594313,1.50835129706326e-07,0.00038837498594313,-0.00664139365035576,4.41081096189859e-05,0.00664139365035576,-0.00702976863629889,4.94176470798916e-05,0.00702976863629889,0,0,0,0.321434357619607,0.103320046258329,0.321434357619607,0.314404588983308,0.098850245573763,0.314404588983308,5.15870233119942e-06,-0.00451405962931519,-3.3881317890172e-21,1.04083408558608e-17,0,3.3881317890172e-21,0,1.04083408558608e-17,0,NaN
futureChange,3,A,S,"Shared, prior-frozen",dimensionless state,study3_pilot_20260918/runs/abrupt_S_prior_000.mat,pilot,0,abrupt,NaN,derived pilot,Online at 49.5 s; future switch evaluator-only,NaN,49.5,held,clean,(dimensionless state)^2,0.45,20,2,1,1,0,-1.19755348336927,1.43413434552987,1.19755348336927,-2.77555756156289e-16,7.70371977754894e-32,2.77555756156289e-16,-1.19755348336927,1.43413434552987,1.19755348336927,0,0,0,0.667921127084624,0.446118632005994,0.667921127084624,-0.529632356284646,0.280510432823626,0.529632356284646,6.64775725228311e-16,-1.59974254471224,4.45447299396845e-16,6.66133814775094e-16,1.66533453693773e-16,4.45447299396845e-16,2.22044604925031e-16,6.66133814775094e-16,0,NaN
futureChange,3,A,S,"Shared, prior-frozen",dimensionless state,study3_pilot_20260918/runs/abrupt_S_prior_000.mat,pilot,0,abrupt,NaN,derived pilot,Online at 49.5 s; future switch evaluator-only,NaN,49.5,recordedRateLimited,clean,(dimensionless state)^2,0.45,20,2,1,1,0,-1.78477006731508,3.18540419318387,1.78477006731508,0.0457849253685442,0.00209625939100316,0.0457849253685442,-1.73898514194653,3.02406932391081,1.73898514194653,0,0,0,1.059896466151,1.12338051895938,1.059896466151,-0.679088675795532,0.461161429593729,0.679088675795532,-0.163431128664065,-3.84971954194052,4.16333634234434e-16,8.88178419700125e-16,1.11022302462516e-16,4.16333634234434e-16,0,8.88178419700125e-16,0,NaN
futureChange,3,A,S,"Shared, prior-frozen",dimensionless state,study3_pilot_20260918/runs/abrupt_S_prior_000.mat,pilot,0,abrupt,NaN,derived pilot,Online at 49.9 s; future switch evaluator-only,NaN,49.9,held,clean,(dimensionless state)^2,0.45,20,2,1,1,0,-1.19755348336928,1.43413434552989,1.19755348336928,-1.66533453693773e-16,2.77333911991762e-32,1.66533453693773e-16,-1.19755348336928,1.43413434552989,1.19755348336928,0,0,0,0.672276117877477,0.451955178668411,0.672276117877477,-0.525277365491799,0.275916310698005,0.525277365491799,3.98865435136989e-16,-1.61017321350029,4.52237747130738e-17,2.22044604925031e-16,5.55111512312578e-17,4.52237747130738e-17,0,2.22044604925031e-16,0,NaN
futureChange,3,A,S,"Shared, prior-frozen",dimensionless state,study3_pilot_20260918/runs/abrupt_S_prior_000.mat,pilot,0,abrupt,NaN,derived pilot,Online at 49.9 s; future switch evaluator-only,NaN,49.9,recordedRateLimited,clean,(dimensionless state)^2,0.45,20,2,1,1,0,-1.81260857642279,3.28554985132147,1.81260857642279,0.0457583510808219,0.00209382669363576,0.0457583510808219,-1.76685022534197,3.12175971879097,1.76685022534197,0,0,0,1.0878214055826,1.1833554104437,1.0878214055826,-0.679028819759374,0.461080138063809,0.679028819759374,-0.165883959224126,-4.00991895039499,-3.60822483003176e-16,0,0,3.60822483003176e-16,0,0,0,NaN
futureChange,3,A,K,"Known model",dimensionless state,study3_pilot_20260918/runs/abrupt_K_000.mat,pilot,0,abrupt,NaN,derived pilot,Online at 49.5 s; future switch evaluator-only,NaN,49.5,held,clean,(dimensionless state)^2,0.45,20,2,1,1,0,1.11022302462516e-16,1.23259516440783e-32,1.11022302462516e-16,-1.11022302462516e-16,1.23259516440783e-32,1.11022302462516e-16,0,0,0,0,0,0,0.25138856666139,0.0631962114480681,0.25138856666139,0.25138856666139,0.0631962114480681,0.25138856666139,-2.46519032881566e-32,-2.46519032881566e-32,0,2.46519032881566e-32,0,0,0,2.46519032881566e-32,0,NaN
futureChange,3,A,K,"Known model",dimensionless state,study3_pilot_20260918/runs/abrupt_K_000.mat,pilot,0,abrupt,NaN,derived pilot,Online at 49.5 s; future switch evaluator-only,NaN,49.5,recordedRateLimited,clean,(dimensionless state)^2,0.45,20,2,1,1,0,0,0,0,-0.0486042911458584,0.00236237711779137,0.0486042911458584,-0.0486042911458584,0.00236237711779137,0.0486042911458584,0,0,0,0.453108049919417,0.205306904901777,0.453108049919417,0.404503758773559,0.163623290861937,0.404503758773559,-0,-0.044045991157631,0,2.77555756156289e-17,0,0,0,2.77555756156289e-17,0,NaN
futureChange,3,A,K,"Known model",dimensionless state,study3_pilot_20260918/runs/abrupt_K_000.mat,pilot,0,abrupt,NaN,derived pilot,Online at 49.9 s; future switch evaluator-only,NaN,49.9,held,clean,(dimensionless state)^2,0.45,20,2,1,1,0,2.22044604925031e-16,4.93038065763132e-32,2.22044604925031e-16,1.11022302462516e-16,1.23259516440783e-32,1.11022302462516e-16,3.33066907387547e-16,1.10933564796705e-31,3.33066907387547e-16,0,0,0,0.252181055282294,0.0635952846432913,0.252181055282294,0.252181055282294,0.0635952846432914,0.252181055282294,4.93038065763132e-32,1.67986328369203e-16,0,-1.45287467542974e-18,0,0,0,1.45287467542974e-18,0,NaN
futureChange,3,A,K,"Known model",dimensionless state,study3_pilot_20260918/runs/abrupt_K_000.mat,pilot,0,abrupt,NaN,derived pilot,Online at 49.9 s; future switch evaluator-only,NaN,49.9,recordedRateLimited,clean,(dimensionless state)^2,0.45,20,2,1,1,0,0,0,0,-0.0506715059840142,0.00256760151868798,0.0506715059840142,-0.0506715059840142,0.00256760151868798,0.0506715059840142,0,0,0,0.457107504060819,0.208947270268712,0.457107504060819,0.406435998076805,0.165190220532689,0.406435998076805,-0,-0.0463246512547111,0,-1.38777878078145e-17,0,0,0,1.38777878078145e-17,0,NaN
