caseId,quantity,absoluteTolerance,relativeTolerance,maxAbsoluteDifference,linearIndex,passed
study2_fit_E,value.id[1],0,0,NaN,NaN,1
study2_fit_E,value.name[1],0,0,NaN,NaN,1
study2_fit_E,value.theta0[1],0,0,0,1,1
study2_fit_E,value.D[1],0,0,0,1,1
study2_fit_E,value.P0[1],0,0,0,1,1
study2_fit_E,value.labels[1]{1},0,0,NaN,NaN,1
study2_fit_E,value.labels[1]{2},0,0,NaN,NaN,1
study2_fit_E,value.labels[1]{3},0,0,NaN,NaN,1
study2_fit_E,value.nEstimated[1],0,0,0,1,1
study2_fit_E,value.theta[1],0,0,0,1,1
study2_fit_E,value.beta[1],0,0,0,1,1
study2_fit_E,value.covariance[1],0,0,0,1,1
study2_fit_E,value.attempted[1],0,0,0,1,1
study2_fit_E,value.accepted[1],0,0,0,1,1
study2_fit_E,value.lambda[1],0,0,0,1,1
study2_fit_E,value.residual[1],0,0,0,1,1
study2_fit_E,value.message[1]{1},0,0,NaN,NaN,1
study2_fit_E,value.message[1]{2},0,0,NaN,NaN,1
study2_fit_E,value.message[1]{3},0,0,NaN,NaN,1
study2_fit_E,value.message[1]{4},0,0,NaN,NaN,1
study2_fit_E,value.message[1]{5},0,0,NaN,NaN,1
study2_fit_E,value.message[1]{6},0,0,NaN,NaN,1
study2_fit_E,value.message[1]{7},0,0,NaN,NaN,1
study2_fit_E,value.message[1]{8},0,0,NaN,NaN,1
study2_fit_E,value.message[1]{9},0,0,NaN,NaN,1
study2_fit_E,value.message[1]{10},0,0,NaN,NaN,1
study2_fit_E,value.message[1]{11},0,0,NaN,NaN,1
study2_fit_E,value.message[1]{12},0,0,NaN,NaN,1
study2_fit_E,value.message[1]{13},0,0,NaN,NaN,1
study2_fit_E,value.message[1]{14},0,0,NaN,NaN,1
study2_fit_E,value.message[1]{15},0,0,NaN,NaN,1
study2_fit_E,value.message[1]{16},0,0,NaN,NaN,1
study2_fit_E,value.message[1]{17},0,0,NaN,NaN,1
study2_fit_E,value.message[1]{18},0,0,NaN,NaN,1
study2_fit_E,value.message[1]{19},0,0,NaN,NaN,1
study2_fit_E,value.message[1]{20},0,0,NaN,NaN,1
study2_fit_E,value.message[1]{21},0,0,NaN,NaN,1
study2_fit_E,value.message[1]{22},0,0,NaN,NaN,1
study2_fit_E,value.message[1]{23},0,0,NaN,NaN,1
study2_fit_E,value.message[1]{24},0,0,NaN,NaN,1
study2_fit_E,value.message[1]{25},0,0,NaN,NaN,1
study2_fit_E,value.message[1]{26},0,0,NaN,NaN,1
study2_fit_E,value.message[1]{27},0,0,NaN,NaN,1
study2_fit_E,value.message[1]{28},0,0,NaN,NaN,1
study2_fit_E,value.message[1]{29},0,0,NaN,NaN,1
study2_fit_E,value.message[1]{30},0,0,NaN,NaN,1
study2_fit_E,value.message[1]{31},0,0,NaN,NaN,1
study2_fit_E,value.message[1]{32},0,0,NaN,NaN,1
study2_fit_E,value.message[1]{33},0,0,NaN,NaN,1
study2_fit_E,value.message[1]{34},0,0,NaN,NaN,1
study2_fit_E,value.message[1]{35},0,0,NaN,NaN,1
study2_fit_E,value.message[1]{36},0,0,NaN,NaN,1
study2_fit_E,value.message[1]{37},0,0,NaN,NaN,1
study2_fit_E,value.message[1]{38},0,0,NaN,NaN,1
study2_fit_E,value.message[1]{39},0,0,NaN,NaN,1
study2_fit_E,value.message[1]{40},0,0,NaN,NaN,1
study2_fit_E,value.message[1]{41},0,0,NaN,NaN,1
study2_fit_E,value.message[1]{42},0,0,NaN,NaN,1
study2_fit_E,value.message[1]{43},0,0,NaN,NaN,1
study2_fit_E,value.message[1]{44},0,0,NaN,NaN,1
study2_fit_E,value.message[1]{45},0,0,NaN,NaN,1
study2_fit_E,value.message[1]{46},0,0,NaN,NaN,1
study2_fit_E,value.message[1]{47},0,0,NaN,NaN,1
study2_fit_E,value.message[1]{48},0,0,NaN,NaN,1
study2_fit_E,value.message[1]{49},0,0,NaN,NaN,1
study2_fit_E,value.message[1]{50},0,0,NaN,NaN,1
study2_fit_E,value.message[1]{51},0,0,NaN,NaN,1
study2_fit_E,value.message[1]{52},0,0,NaN,NaN,1
study2_fit_E,value.message[1]{53},0,0,NaN,NaN,1
study2_fit_E,value.message[1]{54},0,0,NaN,NaN,1
study2_fit_E,value.message[1]{55},0,0,NaN,NaN,1
study2_fit_E,value.message[1]{56},0,0,NaN,NaN,1
study2_fit_E,value.message[1]{57},0,0,NaN,NaN,1
study2_fit_E,value.message[1]{58},0,0,NaN,NaN,1
study2_fit_E,value.message[1]{59},0,0,NaN,NaN,1
study2_fit_E,value.message[1]{60},0,0,NaN,NaN,1
study2_fit_E,value.message[1]{61},0,0,NaN,NaN,1
study2_fit_E,value.message[1]{62},0,0,NaN,NaN,1
study2_fit_E,value.message[1]{63},0,0,NaN,NaN,1
study2_fit_E,value.message[1]{64},0,0,NaN,NaN,1
study2_fit_E,value.message[1]{65},0,0,NaN,NaN,1
study2_fit_E,value.message[1]{66},0,0,NaN,NaN,1
study2_fit_E,value.message[1]{67},0,0,NaN,NaN,1
study2_fit_E,value.message[1]{68},0,0,NaN,NaN,1
study2_fit_E,value.message[1]{69},0,0,NaN,NaN,1
study2_fit_E,value.message[1]{70},0,0,NaN,NaN,1
study2_fit_E,value.message[1]{71},0,0,NaN,NaN,1
study2_fit_E,value.message[1]{72},0,0,NaN,NaN,1
study2_fit_E,value.message[1]{73},0,0,NaN,NaN,1
study2_fit_E,value.message[1]{74},0,0,NaN,NaN,1
study2_fit_E,value.message[1]{75},0,0,NaN,NaN,1
study2_fit_E,value.message[1]{76},0,0,NaN,NaN,1
study2_fit_E,value.message[1]{77},0,0,NaN,NaN,1
study2_fit_E,value.message[1]{78},0,0,NaN,NaN,1
study2_fit_E,value.message[1]{79},0,0,NaN,NaN,1
study2_fit_E,value.message[1]{80},0,0,NaN,NaN,1
study2_fit_E,value.message[1]{81},0,0,NaN,NaN,1
study2_fit_E,value.message[1]{82},0,0,NaN,NaN,1
study2_fit_E,value.message[1]{83},0,0,NaN,NaN,1
study2_fit_E,value.message[1]{84},0,0,NaN,NaN,1
study2_fit_E,value.message[1]{85},0,0,NaN,NaN,1
study2_fit_E,value.message[1]{86},0,0,NaN,NaN,1
study2_fit_E,value.message[1]{87},0,0,NaN,NaN,1
study2_fit_E,value.message[1]{88},0,0,NaN,NaN,1
study2_fit_E,value.message[1]{89},0,0,NaN,NaN,1
study2_fit_E,value.message[1]{90},0,0,NaN,NaN,1
study2_fit_E,value.message[1]{91},0,0,NaN,NaN,1
study2_fit_E,value.message[1]{92},0,0,NaN,NaN,1
study2_fit_E,value.message[1]{93},0,0,NaN,NaN,1
study2_fit_E,value.message[1]{94},0,0,NaN,NaN,1
study2_fit_E,value.message[1]{95},0,0,NaN,NaN,1
study2_fit_E,value.message[1]{96},0,0,NaN,NaN,1
study2_fit_E,value.message[1]{97},0,0,NaN,NaN,1
study2_fit_E,value.message[1]{98},0,0,NaN,NaN,1
study2_fit_E,value.message[1]{99},0,0,NaN,NaN,1
study2_fit_E,value.message[1]{100},0,0,NaN,NaN,1
study2_fit_E,value.message[1]{101},0,0,NaN,NaN,1
study2_fit_E,value.message[1]{102},0,0,NaN,NaN,1
study2_fit_E,value.message[1]{103},0,0,NaN,NaN,1
study2_fit_E,value.message[1]{104},0,0,NaN,NaN,1
study2_fit_E,value.message[1]{105},0,0,NaN,NaN,1
study2_fit_E,value.message[1]{106},0,0,NaN,NaN,1
study2_fit_E,value.message[1]{107},0,0,NaN,NaN,1
study2_fit_E,value.message[1]{108},0,0,NaN,NaN,1
study2_fit_E,value.message[1]{109},0,0,NaN,NaN,1
study2_fit_E,value.message[1]{110},0,0,NaN,NaN,1
study2_fit_E,value.message[1]{111},0,0,NaN,NaN,1
study2_fit_E,value.message[1]{112},0,0,NaN,NaN,1
study2_fit_E,value.message[1]{113},0,0,NaN,NaN,1
study2_fit_E,value.message[1]{114},0,0,NaN,NaN,1
study2_fit_E,value.message[1]{115},0,0,NaN,NaN,1
study2_fit_E,value.message[1]{116},0,0,NaN,NaN,1
study2_fit_E,value.message[1]{117},0,0,NaN,NaN,1
study2_fit_E,value.message[1]{118},0,0,NaN,NaN,1
study2_fit_E,value.message[1]{119},0,0,NaN,NaN,1
study2_fit_E,value.message[1]{120},0,0,NaN,NaN,1
study2_fit_E,value.message[1]{121},0,0,NaN,NaN,1
study2_fit_E,value.message[1]{122},0,0,NaN,NaN,1
study2_fit_E,value.message[1]{123},0,0,NaN,NaN,1
study2_fit_E,value.message[1]{124},0,0,NaN,NaN,1
study2_fit_E,value.message[1]{125},0,0,NaN,NaN,1
study2_fit_E,value.message[1]{126},0,0,NaN,NaN,1
study2_fit_E,value.message[1]{127},0,0,NaN,NaN,1
study2_fit_E,value.message[1]{128},0,0,NaN,NaN,1
study2_fit_E,value.message[1]{129},0,0,NaN,NaN,1
study2_fit_E,value.message[1]{130},0,0,NaN,NaN,1
study2_fit_E,value.message[1]{131},0,0,NaN,NaN,1
study2_fit_E,value.message[1]{132},0,0,NaN,NaN,1
study2_fit_E,value.message[1]{133},0,0,NaN,NaN,1
study2_fit_E,value.message[1]{134},0,0,NaN,NaN,1
study2_fit_E,value.message[1]{135},0,0,NaN,NaN,1
study2_fit_E,value.message[1]{136},0,0,NaN,NaN,1
study2_fit_E,value.message[1]{137},0,0,NaN,NaN,1
study2_fit_E,value.message[1]{138},0,0,NaN,NaN,1
study2_fit_E,value.message[1]{139},0,0,NaN,NaN,1
study2_fit_E,value.message[1]{140},0,0,NaN,NaN,1
study2_fit_E,value.message[1]{141},0,0,NaN,NaN,1
study2_fit_E,value.message[1]{142},0,0,NaN,NaN,1
study2_fit_E,value.message[1]{143},0,0,NaN,NaN,1
study2_fit_E,value.message[1]{144},0,0,NaN,NaN,1
study2_fit_E,value.message[1]{145},0,0,NaN,NaN,1
study2_fit_E,value.message[1]{146},0,0,NaN,NaN,1
study2_fit_E,value.message[1]{147},0,0,NaN,NaN,1
study2_fit_E,value.message[1]{148},0,0,NaN,NaN,1
study2_fit_E,value.message[1]{149},0,0,NaN,NaN,1
study2_fit_E,value.message[1]{150},0,0,NaN,NaN,1
study2_fit_E,value.message[1]{151},0,0,NaN,NaN,1
study2_fit_E,value.message[1]{152},0,0,NaN,NaN,1
study2_fit_E,value.message[1]{153},0,0,NaN,NaN,1
study2_fit_E,value.message[1]{154},0,0,NaN,NaN,1
study2_fit_E,value.message[1]{155},0,0,NaN,NaN,1
study2_fit_E,value.message[1]{156},0,0,NaN,NaN,1
study2_fit_E,value.message[1]{157},0,0,NaN,NaN,1
study2_fit_E,value.message[1]{158},0,0,NaN,NaN,1
study2_fit_E,value.message[1]{159},0,0,NaN,NaN,1
study2_fit_E,value.message[1]{160},0,0,NaN,NaN,1
study2_fit_E,value.message[1]{161},0,0,NaN,NaN,1
study2_fit_E,value.message[1]{162},0,0,NaN,NaN,1
study2_fit_E,value.message[1]{163},0,0,NaN,NaN,1
study2_fit_E,value.message[1]{164},0,0,NaN,NaN,1
study2_fit_E,value.message[1]{165},0,0,NaN,NaN,1
study2_fit_E,value.message[1]{166},0,0,NaN,NaN,1
study2_fit_E,value.message[1]{167},0,0,NaN,NaN,1
study2_fit_E,value.message[1]{168},0,0,NaN,NaN,1
study2_fit_E,value.message[1]{169},0,0,NaN,NaN,1
study2_fit_E,value.message[1]{170},0,0,NaN,NaN,1
study2_fit_E,value.message[1]{171},0,0,NaN,NaN,1
study2_fit_E,value.message[1]{172},0,0,NaN,NaN,1
study2_fit_E,value.message[1]{173},0,0,NaN,NaN,1
study2_fit_E,value.message[1]{174},0,0,NaN,NaN,1
study2_fit_E,value.message[1]{175},0,0,NaN,NaN,1
study2_fit_E,value.message[1]{176},0,0,NaN,NaN,1
study2_fit_E,value.message[1]{177},0,0,NaN,NaN,1
study2_fit_E,value.message[1]{178},0,0,NaN,NaN,1
study2_fit_E,value.message[1]{179},0,0,NaN,NaN,1
study2_fit_E,value.message[1]{180},0,0,NaN,NaN,1
study2_fit_E,value.message[1]{181},0,0,NaN,NaN,1
study2_fit_E,value.message[1]{182},0,0,NaN,NaN,1
study2_fit_E,value.message[1]{183},0,0,NaN,NaN,1
study2_fit_E,value.message[1]{184},0,0,NaN,NaN,1
study2_fit_E,value.message[1]{185},0,0,NaN,NaN,1
study2_fit_E,value.message[1]{186},0,0,NaN,NaN,1
study2_fit_E,value.message[1]{187},0,0,NaN,NaN,1
study2_fit_E,value.message[1]{188},0,0,NaN,NaN,1
study2_fit_E,value.message[1]{189},0,0,NaN,NaN,1
study2_fit_E,value.message[1]{190},0,0,NaN,NaN,1
study2_fit_E,value.message[1]{191},0,0,NaN,NaN,1
study2_fit_E,value.message[1]{192},0,0,NaN,NaN,1
study2_fit_E,value.message[1]{193},0,0,NaN,NaN,1
study2_fit_E,value.message[1]{194},0,0,NaN,NaN,1
study2_fit_E,value.message[1]{195},0,0,NaN,NaN,1
study2_fit_E,value.message[1]{196},0,0,NaN,NaN,1
study2_fit_E,value.message[1]{197},0,0,NaN,NaN,1
study2_fit_E,value.message[1]{198},0,0,NaN,NaN,1
study2_fit_E,value.message[1]{199},0,0,NaN,NaN,1
study2_fit_E,value.message[1]{200},0,0,NaN,NaN,1
study2_fit_E,value.checkpointTheta[1],0,0,0,1,1
study2_fit_E,value.checkpointCovariance[1],0,0,0,1,1
study2_amplitude_03_E,value.id[1],0,0,NaN,NaN,1
study2_amplitude_03_E,value.name[1],0,0,NaN,NaN,1
study2_amplitude_03_E,value.nEstimated[1],0,0,0,1,1
study2_amplitude_03_E,value.kind[1],0,0,NaN,NaN,1
study2_amplitude_03_E,value.amplitude[1],0,0,0,1,1
study2_amplitude_03_E,value.Ts[1],0,0,0,1,1
study2_amplitude_03_E,value.controlSettings[1].Q[1],0,0,0,1,1
study2_amplitude_03_E,value.controlSettings[1].R[1],0,0,0,1,1
study2_amplitude_03_E,value.controlSettings[1].Hu[1],0,0,0,1,1
study2_amplitude_03_E,value.controlSettings[1].hu[1],0,0,0,1,1
study2_amplitude_03_E,value.controlSettings[1].Hdu[1],0,0,0,1,1
study2_amplitude_03_E,value.controlSettings[1].hdu[1],0,0,0,1,1
study2_amplitude_03_E,value.controlSettings[1].Hy[1],0,0,0,1,1
study2_amplitude_03_E,value.controlSettings[1].hy[1],0,0,0,1,1
study2_amplitude_03_E,value.controlSettings[1].Seps[1],0,0,0,1,1
study2_amplitude_03_E,value.time[1],0,0,0,1,1
study2_amplitude_03_E,value.nSteps[1],0,0,0,1,1
study2_amplitude_03_E,value.completed[1],0,0,0,1,1
study2_amplitude_03_E,value.terminationReason[1],0,0,NaN,NaN,1
study2_amplitude_03_E,value.r[1],0,0,0,1,1
study2_amplitude_03_E,value.x[1],0,0,0,1,1
study2_amplitude_03_E,value.y[1],0,0,0,1,1
study2_amplitude_03_E,value.u[1],0,0,0,1,1
study2_amplitude_03_E,value.initialTheta[1],0,0,0,1,1
study2_amplitude_03_E,value.initialBeta[1],0,0,0,1,1
study2_amplitude_03_E,value.initialCovariance[1],0,0,0,1,1
study2_amplitude_03_E,value.theta[1],0,0,0,1,1
study2_amplitude_03_E,value.beta[1],0,0,0,1,1
study2_amplitude_03_E,value.covariance[1],0,0,0,1,1
study2_amplitude_03_E,value.gram[1],0,0,0,10,1
study2_amplitude_03_E,value.gramCount[1],0,0,0,1,1
study2_amplitude_03_E,value.covarianceEigenvalues[1],0,0,0,1,1
study2_amplitude_03_E,value.gramEigenvalues[1],0,0,0,3,1
study2_amplitude_03_E,value.covarianceCondition[1],0,0,0,1,1
study2_amplitude_03_E,value.gramCondition[1],0,0,0,3,1
study2_amplitude_03_E,value.qpCondition[1],0,0,0,1,1
study2_amplitude_03_E,value.idAttempted[1],0,0,0,1,1
study2_amplitude_03_E,value.idAccepted[1],0,0,0,1,1
study2_amplitude_03_E,value.controlAccepted[1],0,0,0,1,1
study2_amplitude_03_E,value.mappingActivated[1],0,0,0,1,1
study2_amplitude_03_E,value.lambda[1],0,0,0,2,1
study2_amplitude_03_E,value.prediction[1],0,0,0,1,1
study2_amplitude_03_E,value.solverResiduals[1],0,0,0,1,1
study2_amplitude_03_E,value.exitflag[1],0,0,0,1,1
study2_amplitude_03_E,value.slack[1],0,0,0,1,1
study2_amplitude_03_E,value.plannedInput[1],0,0,0,1,1
study2_amplitude_03_E,value.plannedOutput[1],0,0,0,1,1
study2_amplitude_03_E,value.A[1],0,0,0,1,1
study2_amplitude_03_E,value.B[1],0,0,0,1,1
study2_amplitude_03_E,value.c[1],0,0,0,1,1
study2_fit_K,value.id[1],0,0,NaN,NaN,1
study2_fit_K,value.name[1],0,0,NaN,NaN,1
study2_fit_K,value.theta0[1],0,0,0,1,1
study2_fit_K,value.D[1],0,0,0,1,1
study2_fit_K,value.P0[1],0,0,0,NaN,1
study2_fit_K,value.labels[1]{1},0,0,NaN,NaN,1
study2_fit_K,value.labels[1]{2},0,0,NaN,NaN,1
study2_fit_K,value.labels[1]{3},0,0,NaN,NaN,1
study2_fit_K,value.nEstimated[1],0,0,0,1,1
study2_fit_K,value.theta[1],0,0,0,1,1
study2_fit_K,value.beta[1],0,0,0,1,1
study2_fit_K,value.covariance[1],0,0,0,NaN,1
study2_fit_K,value.attempted[1],0,0,0,1,1
study2_fit_K,value.accepted[1],0,0,0,1,1
study2_fit_K,value.lambda[1],0,0,0,NaN,1
study2_fit_K,value.residual[1],0,0,0,NaN,1
study2_fit_K,value.message[1]{1},0,0,NaN,NaN,1
study2_fit_K,value.message[1]{2},0,0,NaN,NaN,1
study2_fit_K,value.message[1]{3},0,0,NaN,NaN,1
study2_fit_K,value.message[1]{4},0,0,NaN,NaN,1
study2_fit_K,value.message[1]{5},0,0,NaN,NaN,1
study2_fit_K,value.message[1]{6},0,0,NaN,NaN,1
study2_fit_K,value.message[1]{7},0,0,NaN,NaN,1
study2_fit_K,value.message[1]{8},0,0,NaN,NaN,1
study2_fit_K,value.message[1]{9},0,0,NaN,NaN,1
study2_fit_K,value.message[1]{10},0,0,NaN,NaN,1
study2_fit_K,value.message[1]{11},0,0,NaN,NaN,1
study2_fit_K,value.message[1]{12},0,0,NaN,NaN,1
study2_fit_K,value.message[1]{13},0,0,NaN,NaN,1
study2_fit_K,value.message[1]{14},0,0,NaN,NaN,1
study2_fit_K,value.message[1]{15},0,0,NaN,NaN,1
study2_fit_K,value.message[1]{16},0,0,NaN,NaN,1
study2_fit_K,value.message[1]{17},0,0,NaN,NaN,1
study2_fit_K,value.message[1]{18},0,0,NaN,NaN,1
study2_fit_K,value.message[1]{19},0,0,NaN,NaN,1
study2_fit_K,value.message[1]{20},0,0,NaN,NaN,1
study2_fit_K,value.message[1]{21},0,0,NaN,NaN,1
study2_fit_K,value.message[1]{22},0,0,NaN,NaN,1
study2_fit_K,value.message[1]{23},0,0,NaN,NaN,1
study2_fit_K,value.message[1]{24},0,0,NaN,NaN,1
study2_fit_K,value.message[1]{25},0,0,NaN,NaN,1
study2_fit_K,value.message[1]{26},0,0,NaN,NaN,1
study2_fit_K,value.message[1]{27},0,0,NaN,NaN,1
study2_fit_K,value.message[1]{28},0,0,NaN,NaN,1
study2_fit_K,value.message[1]{29},0,0,NaN,NaN,1
study2_fit_K,value.message[1]{30},0,0,NaN,NaN,1
study2_fit_K,value.message[1]{31},0,0,NaN,NaN,1
study2_fit_K,value.message[1]{32},0,0,NaN,NaN,1
study2_fit_K,value.message[1]{33},0,0,NaN,NaN,1
study2_fit_K,value.message[1]{34},0,0,NaN,NaN,1
study2_fit_K,value.message[1]{35},0,0,NaN,NaN,1
study2_fit_K,value.message[1]{36},0,0,NaN,NaN,1
study2_fit_K,value.message[1]{37},0,0,NaN,NaN,1
study2_fit_K,value.message[1]{38},0,0,NaN,NaN,1
study2_fit_K,value.message[1]{39},0,0,NaN,NaN,1
study2_fit_K,value.message[1]{40},0,0,NaN,NaN,1
study2_fit_K,value.message[1]{41},0,0,NaN,NaN,1
study2_fit_K,value.message[1]{42},0,0,NaN,NaN,1
study2_fit_K,value.message[1]{43},0,0,NaN,NaN,1
study2_fit_K,value.message[1]{44},0,0,NaN,NaN,1
study2_fit_K,value.message[1]{45},0,0,NaN,NaN,1
study2_fit_K,value.message[1]{46},0,0,NaN,NaN,1
study2_fit_K,value.message[1]{47},0,0,NaN,NaN,1
study2_fit_K,value.message[1]{48},0,0,NaN,NaN,1
study2_fit_K,value.message[1]{49},0,0,NaN,NaN,1
study2_fit_K,value.message[1]{50},0,0,NaN,NaN,1
study2_fit_K,value.message[1]{51},0,0,NaN,NaN,1
study2_fit_K,value.message[1]{52},0,0,NaN,NaN,1
study2_fit_K,value.message[1]{53},0,0,NaN,NaN,1
study2_fit_K,value.message[1]{54},0,0,NaN,NaN,1
study2_fit_K,value.message[1]{55},0,0,NaN,NaN,1
study2_fit_K,value.message[1]{56},0,0,NaN,NaN,1
study2_fit_K,value.message[1]{57},0,0,NaN,NaN,1
study2_fit_K,value.message[1]{58},0,0,NaN,NaN,1
study2_fit_K,value.message[1]{59},0,0,NaN,NaN,1
study2_fit_K,value.message[1]{60},0,0,NaN,NaN,1
study2_fit_K,value.message[1]{61},0,0,NaN,NaN,1
study2_fit_K,value.message[1]{62},0,0,NaN,NaN,1
study2_fit_K,value.message[1]{63},0,0,NaN,NaN,1
study2_fit_K,value.message[1]{64},0,0,NaN,NaN,1
study2_fit_K,value.message[1]{65},0,0,NaN,NaN,1
study2_fit_K,value.message[1]{66},0,0,NaN,NaN,1
study2_fit_K,value.message[1]{67},0,0,NaN,NaN,1
study2_fit_K,value.message[1]{68},0,0,NaN,NaN,1
study2_fit_K,value.message[1]{69},0,0,NaN,NaN,1
study2_fit_K,value.message[1]{70},0,0,NaN,NaN,1
study2_fit_K,value.message[1]{71},0,0,NaN,NaN,1
study2_fit_K,value.message[1]{72},0,0,NaN,NaN,1
study2_fit_K,value.message[1]{73},0,0,NaN,NaN,1
study2_fit_K,value.message[1]{74},0,0,NaN,NaN,1
study2_fit_K,value.message[1]{75},0,0,NaN,NaN,1
study2_fit_K,value.message[1]{76},0,0,NaN,NaN,1
study2_fit_K,value.message[1]{77},0,0,NaN,NaN,1
study2_fit_K,value.message[1]{78},0,0,NaN,NaN,1
study2_fit_K,value.message[1]{79},0,0,NaN,NaN,1
study2_fit_K,value.message[1]{80},0,0,NaN,NaN,1
study2_fit_K,value.message[1]{81},0,0,NaN,NaN,1
study2_fit_K,value.message[1]{82},0,0,NaN,NaN,1
study2_fit_K,value.message[1]{83},0,0,NaN,NaN,1
study2_fit_K,value.message[1]{84},0,0,NaN,NaN,1
study2_fit_K,value.message[1]{85},0,0,NaN,NaN,1
study2_fit_K,value.message[1]{86},0,0,NaN,NaN,1
study2_fit_K,value.message[1]{87},0,0,NaN,NaN,1
study2_fit_K,value.message[1]{88},0,0,NaN,NaN,1
study2_fit_K,value.message[1]{89},0,0,NaN,NaN,1
study2_fit_K,value.message[1]{90},0,0,NaN,NaN,1
study2_fit_K,value.message[1]{91},0,0,NaN,NaN,1
study2_fit_K,value.message[1]{92},0,0,NaN,NaN,1
study2_fit_K,value.message[1]{93},0,0,NaN,NaN,1
study2_fit_K,value.message[1]{94},0,0,NaN,NaN,1
study2_fit_K,value.message[1]{95},0,0,NaN,NaN,1
study2_fit_K,value.message[1]{96},0,0,NaN,NaN,1
study2_fit_K,value.message[1]{97},0,0,NaN,NaN,1
study2_fit_K,value.message[1]{98},0,0,NaN,NaN,1
study2_fit_K,value.message[1]{99},0,0,NaN,NaN,1
study2_fit_K,value.message[1]{100},0,0,NaN,NaN,1
study2_fit_K,value.message[1]{101},0,0,NaN,NaN,1
study2_fit_K,value.message[1]{102},0,0,NaN,NaN,1
study2_fit_K,value.message[1]{103},0,0,NaN,NaN,1
study2_fit_K,value.message[1]{104},0,0,NaN,NaN,1
study2_fit_K,value.message[1]{105},0,0,NaN,NaN,1
study2_fit_K,value.message[1]{106},0,0,NaN,NaN,1
study2_fit_K,value.message[1]{107},0,0,NaN,NaN,1
study2_fit_K,value.message[1]{108},0,0,NaN,NaN,1
study2_fit_K,value.message[1]{109},0,0,NaN,NaN,1
study2_fit_K,value.message[1]{110},0,0,NaN,NaN,1
study2_fit_K,value.message[1]{111},0,0,NaN,NaN,1
study2_fit_K,value.message[1]{112},0,0,NaN,NaN,1
study2_fit_K,value.message[1]{113},0,0,NaN,NaN,1
study2_fit_K,value.message[1]{114},0,0,NaN,NaN,1
study2_fit_K,value.message[1]{115},0,0,NaN,NaN,1
study2_fit_K,value.message[1]{116},0,0,NaN,NaN,1
study2_fit_K,value.message[1]{117},0,0,NaN,NaN,1
study2_fit_K,value.message[1]{118},0,0,NaN,NaN,1
study2_fit_K,value.message[1]{119},0,0,NaN,NaN,1
study2_fit_K,value.message[1]{120},0,0,NaN,NaN,1
study2_fit_K,value.message[1]{121},0,0,NaN,NaN,1
study2_fit_K,value.message[1]{122},0,0,NaN,NaN,1
study2_fit_K,value.message[1]{123},0,0,NaN,NaN,1
study2_fit_K,value.message[1]{124},0,0,NaN,NaN,1
study2_fit_K,value.message[1]{125},0,0,NaN,NaN,1
study2_fit_K,value.message[1]{126},0,0,NaN,NaN,1
study2_fit_K,value.message[1]{127},0,0,NaN,NaN,1
study2_fit_K,value.message[1]{128},0,0,NaN,NaN,1
study2_fit_K,value.message[1]{129},0,0,NaN,NaN,1
study2_fit_K,value.message[1]{130},0,0,NaN,NaN,1
study2_fit_K,value.message[1]{131},0,0,NaN,NaN,1
study2_fit_K,value.message[1]{132},0,0,NaN,NaN,1
study2_fit_K,value.message[1]{133},0,0,NaN,NaN,1
study2_fit_K,value.message[1]{134},0,0,NaN,NaN,1
study2_fit_K,value.message[1]{135},0,0,NaN,NaN,1
study2_fit_K,value.message[1]{136},0,0,NaN,NaN,1
study2_fit_K,value.message[1]{137},0,0,NaN,NaN,1
study2_fit_K,value.message[1]{138},0,0,NaN,NaN,1
study2_fit_K,value.message[1]{139},0,0,NaN,NaN,1
study2_fit_K,value.message[1]{140},0,0,NaN,NaN,1
study2_fit_K,value.message[1]{141},0,0,NaN,NaN,1
study2_fit_K,value.message[1]{142},0,0,NaN,NaN,1
study2_fit_K,value.message[1]{143},0,0,NaN,NaN,1
study2_fit_K,value.message[1]{144},0,0,NaN,NaN,1
study2_fit_K,value.message[1]{145},0,0,NaN,NaN,1
study2_fit_K,value.message[1]{146},0,0,NaN,NaN,1
study2_fit_K,value.message[1]{147},0,0,NaN,NaN,1
study2_fit_K,value.message[1]{148},0,0,NaN,NaN,1
study2_fit_K,value.message[1]{149},0,0,NaN,NaN,1
study2_fit_K,value.message[1]{150},0,0,NaN,NaN,1
study2_fit_K,value.message[1]{151},0,0,NaN,NaN,1
study2_fit_K,value.message[1]{152},0,0,NaN,NaN,1
study2_fit_K,value.message[1]{153},0,0,NaN,NaN,1
study2_fit_K,value.message[1]{154},0,0,NaN,NaN,1
study2_fit_K,value.message[1]{155},0,0,NaN,NaN,1
study2_fit_K,value.message[1]{156},0,0,NaN,NaN,1
study2_fit_K,value.message[1]{157},0,0,NaN,NaN,1
study2_fit_K,value.message[1]{158},0,0,NaN,NaN,1
study2_fit_K,value.message[1]{159},0,0,NaN,NaN,1
study2_fit_K,value.message[1]{160},0,0,NaN,NaN,1
study2_fit_K,value.message[1]{161},0,0,NaN,NaN,1
study2_fit_K,value.message[1]{162},0,0,NaN,NaN,1
study2_fit_K,value.message[1]{163},0,0,NaN,NaN,1
study2_fit_K,value.message[1]{164},0,0,NaN,NaN,1
study2_fit_K,value.message[1]{165},0,0,NaN,NaN,1
study2_fit_K,value.message[1]{166},0,0,NaN,NaN,1
study2_fit_K,value.message[1]{167},0,0,NaN,NaN,1
study2_fit_K,value.message[1]{168},0,0,NaN,NaN,1
study2_fit_K,value.message[1]{169},0,0,NaN,NaN,1
study2_fit_K,value.message[1]{170},0,0,NaN,NaN,1
study2_fit_K,value.message[1]{171},0,0,NaN,NaN,1
study2_fit_K,value.message[1]{172},0,0,NaN,NaN,1
study2_fit_K,value.message[1]{173},0,0,NaN,NaN,1
study2_fit_K,value.message[1]{174},0,0,NaN,NaN,1
study2_fit_K,value.message[1]{175},0,0,NaN,NaN,1
study2_fit_K,value.message[1]{176},0,0,NaN,NaN,1
study2_fit_K,value.message[1]{177},0,0,NaN,NaN,1
study2_fit_K,value.message[1]{178},0,0,NaN,NaN,1
study2_fit_K,value.message[1]{179},0,0,NaN,NaN,1
study2_fit_K,value.message[1]{180},0,0,NaN,NaN,1
study2_fit_K,value.message[1]{181},0,0,NaN,NaN,1
study2_fit_K,value.message[1]{182},0,0,NaN,NaN,1
study2_fit_K,value.message[1]{183},0,0,NaN,NaN,1
study2_fit_K,value.message[1]{184},0,0,NaN,NaN,1
study2_fit_K,value.message[1]{185},0,0,NaN,NaN,1
study2_fit_K,value.message[1]{186},0,0,NaN,NaN,1
study2_fit_K,value.message[1]{187},0,0,NaN,NaN,1
study2_fit_K,value.message[1]{188},0,0,NaN,NaN,1
study2_fit_K,value.message[1]{189},0,0,NaN,NaN,1
study2_fit_K,value.message[1]{190},0,0,NaN,NaN,1
study2_fit_K,value.message[1]{191},0,0,NaN,NaN,1
study2_fit_K,value.message[1]{192},0,0,NaN,NaN,1
study2_fit_K,value.message[1]{193},0,0,NaN,NaN,1
study2_fit_K,value.message[1]{194},0,0,NaN,NaN,1
study2_fit_K,value.message[1]{195},0,0,NaN,NaN,1
study2_fit_K,value.message[1]{196},0,0,NaN,NaN,1
study2_fit_K,value.message[1]{197},0,0,NaN,NaN,1
study2_fit_K,value.message[1]{198},0,0,NaN,NaN,1
study2_fit_K,value.message[1]{199},0,0,NaN,NaN,1
study2_fit_K,value.message[1]{200},0,0,NaN,NaN,1
study2_fit_K,value.checkpointTheta[1],0,0,0,1,1
study2_fit_K,value.checkpointCovariance[1],0,0,0,NaN,1
study2_constraint_K,value.id[1],0,0,NaN,NaN,1
study2_constraint_K,value.name[1],0,0,NaN,NaN,1
study2_constraint_K,value.nEstimated[1],0,0,0,1,1
study2_constraint_K,value.kind[1],0,0,NaN,NaN,1
study2_constraint_K,value.amplitude[1],0,0,0,NaN,1
study2_constraint_K,value.Ts[1],0,0,0,1,1
study2_constraint_K,value.controlSettings[1].Q[1],0,0,0,1,1
study2_constraint_K,value.controlSettings[1].R[1],0,0,0,1,1
study2_constraint_K,value.controlSettings[1].Hu[1],0,0,0,1,1
study2_constraint_K,value.controlSettings[1].hu[1],0,0,0,1,1
study2_constraint_K,value.controlSettings[1].Hdu[1],0,0,0,1,1
study2_constraint_K,value.controlSettings[1].hdu[1],0,0,0,1,1
study2_constraint_K,value.controlSettings[1].Hy[1],0,0,0,1,1
study2_constraint_K,value.controlSettings[1].hy[1],0,0,0,1,1
study2_constraint_K,value.controlSettings[1].Seps[1],0,0,0,1,1
study2_constraint_K,value.time[1],0,0,0,1,1
study2_constraint_K,value.nSteps[1],0,0,0,1,1
study2_constraint_K,value.completed[1],0,0,0,1,1
study2_constraint_K,value.terminationReason[1],0,0,NaN,NaN,1
study2_constraint_K,value.r[1],0,0,0,1,1
study2_constraint_K,value.x[1],0,0,0,1,1
study2_constraint_K,value.y[1],0,0,0,1,1
study2_constraint_K,value.u[1],0,0,0,1,1
study2_constraint_K,value.initialTheta[1],0,0,0,1,1
study2_constraint_K,value.initialBeta[1],0,0,0,1,1
study2_constraint_K,value.initialCovariance[1],0,0,0,NaN,1
study2_constraint_K,value.theta[1],0,0,0,1,1
study2_constraint_K,value.beta[1],0,0,0,NaN,1
study2_constraint_K,value.covariance[1],0,0,0,NaN,1
study2_constraint_K,value.gram[1],0,0,0,NaN,1
study2_constraint_K,value.gramCount[1],0,0,0,1,1
study2_constraint_K,value.covarianceEigenvalues[1],0,0,0,NaN,1
study2_constraint_K,value.gramEigenvalues[1],0,0,0,NaN,1
study2_constraint_K,value.covarianceCondition[1],0,0,0,NaN,1
study2_constraint_K,value.gramCondition[1],0,0,0,NaN,1
study2_constraint_K,value.qpCondition[1],0,0,0,1,1
study2_constraint_K,value.idAttempted[1],0,0,0,1,1
study2_constraint_K,value.idAccepted[1],0,0,0,1,1
study2_constraint_K,value.controlAccepted[1],0,0,0,1,1
study2_constraint_K,value.mappingActivated[1],0,0,0,1,1
study2_constraint_K,value.lambda[1],0,0,0,NaN,1
study2_constraint_K,value.prediction[1],0,0,0,1,1
study2_constraint_K,value.solverResiduals[1],0,0,0,1,1
study2_constraint_K,value.exitflag[1],0,0,0,1,1
study2_constraint_K,value.slack[1],0,0,0,1,1
study2_constraint_K,value.plannedInput[1],0,0,0,1,1
study2_constraint_K,value.plannedOutput[1],0,0,0,1,1
study2_constraint_K,value.A[1],0,0,0,1,1
study2_constraint_K,value.B[1],0,0,0,1,1
study2_constraint_K,value.c[1],0,0,0,1,1
