runId,comparisons,passed,baselineFile,baselineSHA256
baseline_A_000,17,17,C:\Users\tamwi\OneDrive - Kyoto University\research\projects\tam-control-toolbox\results\study1_candidate_20260917\data\confirmation_A_000.mat,f4b60f9a42da355495e2e74830cee42dadf6c3077b8db5a5c914a52e7d86505d
baseline_A_001,17,17,C:\Users\tamwi\OneDrive - Kyoto University\research\projects\tam-control-toolbox\results\study1_candidate_20260917\data\confirmation_A_001.mat,987ba94d21869e84258ef18701e4ec39442d9c6cd8440877ae19f2d6afec165b
baseline_K_000,17,17,C:\Users\tamwi\OneDrive - Kyoto University\research\projects\tam-control-toolbox\results\study1_candidate_20260917\data\confirmation_K_000.mat,5f74ded1cb265837438194545f4838df934b9e5d9363bb3f24a63033e65cdff3
baseline_K_001,17,17,C:\Users\tamwi\OneDrive - Kyoto University\research\projects\tam-control-toolbox\results\study1_candidate_20260917\data\confirmation_K_001.mat,402607716c040361312636a993a2c616596c4608f92dc14af00bc1fbab8123ea
baseline_P2_000,17,17,C:\Users\tamwi\OneDrive - Kyoto University\research\projects\tam-control-toolbox\results\study1_candidate_20260917\data\confirmation_P2_000.mat,c740d01f7175dcbeebb44bd8c3ae5615d73b29350476fec11f391b3c352267da
baseline_P2_001,17,17,C:\Users\tamwi\OneDrive - Kyoto University\research\projects\tam-control-toolbox\results\study1_candidate_20260917\data\confirmation_P2_001.mat,f9d9a8b61c7968cda46cfbc67593be69ab4bc23c8081121248c477b015543319
baseline_R_000,17,17,C:\Users\tamwi\OneDrive - Kyoto University\research\projects\tam-control-toolbox\results\study1_candidate_20260917\data\confirmation_R_000.mat,0fae5510701d701b483193109ff23229056ae67e2deb0450a2112bc3f25b6a4d
baseline_R_001,17,17,C:\Users\tamwi\OneDrive - Kyoto University\research\projects\tam-control-toolbox\results\study1_candidate_20260917\data\confirmation_R_001.mat,2341623ccdbf76f528dba463e97f1d3398cdd55dd9f4a25e1991b4f118c359b3
baseline_S_000,17,17,C:\Users\tamwi\OneDrive - Kyoto University\research\projects\tam-control-toolbox\results\study1_candidate_20260917\data\confirmation_S_000.mat,4ba023851eec31b4dc4a9ac118c1ec1c3a0086fb009deb94f1342d07281c44e6
baseline_S_001,17,17,C:\Users\tamwi\OneDrive - Kyoto University\research\projects\tam-control-toolbox\results\study1_candidate_20260917\data\confirmation_S_001.mat,6347152c959e9686780371a0e3932e05c467a47eb8ec60b232e5b220b1b39223
baseline_W_000,17,17,C:\Users\tamwi\OneDrive - Kyoto University\research\projects\tam-control-toolbox\results\study1_candidate_20260917\data\confirmation_W_000.mat,595d49623cd39fae8dc1ba2bcf18f861aec158bd207d10327c527cf04987c73f
baseline_W_001,17,17,C:\Users\tamwi\OneDrive - Kyoto University\research\projects\tam-control-toolbox\results\study1_candidate_20260917\data\confirmation_W_001.mat,8376df84fe95386dcc033f24f4ad2a9a97c82e0dfc3f463ebb2baf64b7cca185
