fittingTransitions,campaign,model,metric,attempted,finiteScores,median,q1,q3,iqr
25,pilot,A,predictionRMS,1,1,0.0168989975925062,0.0168989975925062,0.0168989975925062,0
25,pilot,A,parameterScaledPercent,1,0,NaN,NaN,NaN,NaN
25,pilot,S,predictionRMS,1,1,0.00190288882094579,0.00190288882094579,0.00190288882094579,0
25,pilot,S,parameterScaledPercent,1,1,0.255259463295281,0.255259463295281,0.255259463295281,0
25,pilot,W,predictionRMS,1,1,0.0350301332155171,0.0350301332155171,0.0350301332155171,0
25,pilot,W,parameterScaledPercent,1,0,NaN,NaN,NaN,NaN
25,pilot,R,predictionRMS,1,1,0.00233309968090983,0.00233309968090983,0.00233309968090983,0
25,pilot,R,parameterScaledPercent,1,1,0.570598516603472,0.570598516603472,0.570598516603472,0
25,pilot,P2,predictionRMS,1,1,0.00451090178302985,0.00451090178302985,0.00451090178302985,0
25,pilot,P2,parameterScaledPercent,1,1,1.76238153245077,1.76238153245077,1.76238153245077,0
25,pilot,K,predictionRMS,1,1,2.68293927757363e-17,2.68293927757363e-17,2.68293927757363e-17,0
25,pilot,K,parameterScaledPercent,1,0,NaN,NaN,NaN,NaN
50,pilot,A,predictionRMS,1,1,0.0162047429792564,0.0162047429792564,0.0162047429792564,0
50,pilot,A,parameterScaledPercent,1,0,NaN,NaN,NaN,NaN
50,pilot,S,predictionRMS,1,1,0.000786833813110213,0.000786833813110213,0.000786833813110213,0
50,pilot,S,parameterScaledPercent,1,1,0.199393116570181,0.199393116570181,0.199393116570181,0
50,pilot,W,predictionRMS,1,1,0.0332113336065698,0.0332113336065698,0.0332113336065698,0
50,pilot,W,parameterScaledPercent,1,0,NaN,NaN,NaN,NaN
50,pilot,R,predictionRMS,1,1,0.00130531341198436,0.00130531341198436,0.00130531341198436,0
50,pilot,R,parameterScaledPercent,1,1,0.544715776818721,0.544715776818721,0.544715776818721,0
50,pilot,P2,predictionRMS,1,1,0.00146587291613724,0.00146587291613724,0.00146587291613724,0
50,pilot,P2,parameterScaledPercent,1,1,0.441197423640199,0.441197423640199,0.441197423640199,0
50,pilot,K,predictionRMS,1,1,2.68293927757363e-17,2.68293927757363e-17,2.68293927757363e-17,0
50,pilot,K,parameterScaledPercent,1,0,NaN,NaN,NaN,NaN
100,pilot,A,predictionRMS,1,1,0.0169109310378432,0.0169109310378432,0.0169109310378432,0
100,pilot,A,parameterScaledPercent,1,0,NaN,NaN,NaN,NaN
100,pilot,S,predictionRMS,1,1,0.000413860937484924,0.000413860937484924,0.000413860937484924,0
100,pilot,S,parameterScaledPercent,1,1,0.105792487144883,0.105792487144883,0.105792487144883,0
100,pilot,W,predictionRMS,1,1,0.034547051539012,0.034547051539012,0.034547051539012,0
100,pilot,W,parameterScaledPercent,1,0,NaN,NaN,NaN,NaN
100,pilot,R,predictionRMS,1,1,0.000441767979433492,0.000441767979433492,0.000441767979433492,0
100,pilot,R,parameterScaledPercent,1,1,0.103366666319187,0.103366666319187,0.103366666319187,0
100,pilot,P2,predictionRMS,1,1,0.00107327706589821,0.00107327706589821,0.00107327706589821,0
100,pilot,P2,parameterScaledPercent,1,1,0.399724286759497,0.399724286759497,0.399724286759497,0
100,pilot,K,predictionRMS,1,1,2.68293927757363e-17,2.68293927757363e-17,2.68293927757363e-17,0
100,pilot,K,parameterScaledPercent,1,0,NaN,NaN,NaN,NaN
200,pilot,A,predictionRMS,1,1,0.0168369665377804,0.0168369665377804,0.0168369665377804,0
200,pilot,A,parameterScaledPercent,1,0,NaN,NaN,NaN,NaN
200,pilot,S,predictionRMS,1,1,0.000685335529422467,0.000685335529422467,0.000685335529422467,0
200,pilot,S,parameterScaledPercent,1,1,0.170901185847002,0.170901185847002,0.170901185847002,0
200,pilot,W,predictionRMS,1,1,0.0344789661637359,0.0344789661637359,0.0344789661637359,0
200,pilot,W,parameterScaledPercent,1,0,NaN,NaN,NaN,NaN
200,pilot,R,predictionRMS,1,1,0.000698192393826971,0.000698192393826971,0.000698192393826971,0
200,pilot,R,parameterScaledPercent,1,1,0.179003273965966,0.179003273965966,0.179003273965966,0
200,pilot,P2,predictionRMS,1,1,0.00125605349661836,0.00125605349661836,0.00125605349661836,0
200,pilot,P2,parameterScaledPercent,1,1,0.53787706721093,0.53787706721093,0.53787706721093,0
200,pilot,K,predictionRMS,1,1,2.68293927757363e-17,2.68293927757363e-17,2.68293927757363e-17,0
200,pilot,K,parameterScaledPercent,1,0,NaN,NaN,NaN,NaN
25,confirmation,A,predictionRMS,40,40,0.0222546798568988,0.0214686983491799,0.0228599150581837,0.00139121670900381
25,confirmation,A,parameterScaledPercent,40,0,NaN,NaN,NaN,NaN
25,confirmation,S,predictionRMS,40,40,0.00182047231088859,0.00138333141125528,0.00256109487767584,0.00117776346642056
25,confirmation,S,parameterScaledPercent,40,40,0.293961017756912,0.206225291105576,0.444005839363158,0.237780548257582
25,confirmation,W,predictionRMS,40,40,0.0469231456891178,0.0459967666062876,0.0475014732035167,0.00150470659722902
25,confirmation,W,parameterScaledPercent,40,0,NaN,NaN,NaN,NaN
25,confirmation,R,predictionRMS,40,40,0.00312047433104014,0.00231075322601136,0.00464707983289928,0.00233632660688792
25,confirmation,R,parameterScaledPercent,40,40,0.85301689198969,0.52325081816731,1.32384344263535,0.800592624468041
25,confirmation,P2,predictionRMS,40,40,0.00418150032550286,0.00370778192891126,0.00602047429679759,0.00231269236788632
25,confirmation,P2,parameterScaledPercent,40,40,1.5663292310711,1.24639960953867,2.26078152544185,1.01438191590318
25,confirmation,K,predictionRMS,40,40,2.82499065610041e-17,2.82499065610041e-17,2.82499065610041e-17,0
25,confirmation,K,parameterScaledPercent,40,0,NaN,NaN,NaN,NaN
50,confirmation,A,predictionRMS,40,40,0.0230082598253631,0.022491208389138,0.023784009043419,0.00129280065428099
50,confirmation,A,parameterScaledPercent,40,0,NaN,NaN,NaN,NaN
50,confirmation,S,predictionRMS,40,40,0.00143922796822821,0.0010102998494854,0.0017189958350145,0.000708695985529097
50,confirmation,S,parameterScaledPercent,40,40,0.219962393447778,0.169063215952121,0.317500480031787,0.148437264079665
50,confirmation,W,predictionRMS,40,40,0.0487371165751728,0.0482106166313822,0.0494210930645857,0.00121047643320353
50,confirmation,W,parameterScaledPercent,40,0,NaN,NaN,NaN,NaN
50,confirmation,R,predictionRMS,40,40,0.00203856369304537,0.00126449207558808,0.00282025856743983,0.00155576649185176
50,confirmation,R,parameterScaledPercent,40,40,0.527372839541567,0.295846213112338,0.7920279519234,0.496181738811062
50,confirmation,P2,predictionRMS,40,40,0.00254842986987669,0.00195539230677008,0.00338056395976351,0.00142517165299343
50,confirmation,P2,parameterScaledPercent,40,40,1.04457532468217,0.723310038537767,1.30319701384719,0.579886975309422
50,confirmation,K,predictionRMS,40,40,2.82499065610041e-17,2.82499065610041e-17,2.82499065610041e-17,0
50,confirmation,K,parameterScaledPercent,40,0,NaN,NaN,NaN,NaN
100,confirmation,A,predictionRMS,40,40,0.0208345430994836,0.0207630945148195,0.0210225534971352,0.00025945898231574
100,confirmation,A,parameterScaledPercent,40,0,NaN,NaN,NaN,NaN
100,confirmation,S,predictionRMS,40,40,0.000686699370782286,0.000476585292523606,0.00106884368188744,0.000592258389363829
100,confirmation,S,parameterScaledPercent,40,40,0.160754061647023,0.0664507952539319,0.249523684542607,0.183072889288675
100,confirmation,W,predictionRMS,40,40,0.0426856201171939,0.0425904038117368,0.0428694680483376,0.000279064236600825
100,confirmation,W,parameterScaledPercent,40,0,NaN,NaN,NaN,NaN
100,confirmation,R,predictionRMS,40,40,0.00105975924670866,0.000728128894111244,0.00135977804611496,0.000631649152003716
100,confirmation,R,parameterScaledPercent,40,40,0.305017450576919,0.175903745366022,0.454754084950052,0.27885033958403
100,confirmation,P2,predictionRMS,40,40,0.00135258083352049,0.00109392367054806,0.0017909675024837,0.000697043831935641
100,confirmation,P2,parameterScaledPercent,40,40,0.678132684074649,0.469028806696096,0.979567573185866,0.51053876648977
100,confirmation,K,predictionRMS,40,40,2.82499065610041e-17,2.82499065610041e-17,2.82499065610041e-17,0
100,confirmation,K,parameterScaledPercent,40,0,NaN,NaN,NaN,NaN
200,confirmation,A,predictionRMS,40,40,0.0178562954254175,0.0178049505033727,0.0178755282075892,7.05777042164651e-05
200,confirmation,A,parameterScaledPercent,40,0,NaN,NaN,NaN,NaN
200,confirmation,S,predictionRMS,40,40,0.0005304830285155,0.00034126080137631,0.000698540149191686,0.000357279347815376
200,confirmation,S,parameterScaledPercent,40,40,0.102766096219128,0.0651797101011725,0.188805516767908,0.123625806666736
200,confirmation,W,predictionRMS,40,40,0.0361797508462824,0.0361391574918723,0.0362048165142712,6.56590223988562e-05
200,confirmation,W,parameterScaledPercent,40,0,NaN,NaN,NaN,NaN
200,confirmation,R,predictionRMS,40,40,0.000663311411440807,0.000447743957109388,0.000801467024936262,0.000353723067826874
200,confirmation,R,parameterScaledPercent,40,40,0.176870701184072,0.126513005099124,0.251476046460428,0.124963041361304
200,confirmation,P2,predictionRMS,40,40,0.0009504936954087,0.000753697524943616,0.00110407628574918,0.000350378760805568
200,confirmation,P2,parameterScaledPercent,40,40,0.462712668001759,0.296018419387857,0.690355550069342,0.394337130681485
200,confirmation,K,predictionRMS,40,40,2.82499065610041e-17,2.82499065610041e-17,2.82499065610041e-17,0
200,confirmation,K,parameterScaledPercent,40,0,NaN,NaN,NaN,NaN
