auditType,inputMode,horizon,campaign,contrast,metric,attemptedPairs,completePairs,finitePairs,medianDifference,lower95,upper95,bootstrapResamples
within-run measured-initial-state sensitivity,held,1,pilot,S-A,measuredModelRMS,1,1,1,-0.00664492089215547,-0.00664492089215547,-0.00664492089215547,2000
within-run measured-initial-state sensitivity,held,1,pilot,S-A,freezingRMS,1,1,1,1.49415750866516e-17,1.49415750866516e-17,1.49415750866516e-17,2000
within-run measured-initial-state sensitivity,held,1,pilot,S-A,totalRMS,1,1,1,-0.00664492089215546,-0.00664492089215546,-0.00664492089215546,2000
within-run measured-initial-state sensitivity,held,1,pilot,S-A,cleanModelRMS,1,1,1,-0.0134481197613028,-0.0134481197613028,-0.0134481197613028,2000
within-run measured-initial-state sensitivity,held,1,pilot,S-A,initializationEffectRMS,1,1,1,5.22701876428805e-05,5.22701876428805e-05,5.22701876428805e-05,2000
within-run measured-initial-state sensitivity,held,1,pilot,S-A,meanCrossTerm,1,1,1,1.40625469548813e-19,1.40625469548813e-19,1.40625469548813e-19,2000
within-run measured-initial-state sensitivity,held,1,pilot,S-W,measuredModelRMS,1,1,1,-0.0177876507331013,-0.0177876507331013,-0.0177876507331013,2000
within-run measured-initial-state sensitivity,held,1,pilot,S-W,freezingRMS,1,1,1,-1.59829109148061e-17,-1.59829109148061e-17,-1.59829109148061e-17,2000
within-run measured-initial-state sensitivity,held,1,pilot,S-W,totalRMS,1,1,1,-0.0177876507331013,-0.0177876507331013,-0.0177876507331013,2000
within-run measured-initial-state sensitivity,held,1,pilot,S-W,cleanModelRMS,1,1,1,-0.0257846887277033,-0.0257846887277033,-0.0257846887277033,2000
within-run measured-initial-state sensitivity,held,1,pilot,S-W,initializationEffectRMS,1,1,1,-0.0002527336563415,-0.0002527336563415,-0.0002527336563415,2000
within-run measured-initial-state sensitivity,held,1,pilot,S-W,meanCrossTerm,1,1,1,-5.7704696014641e-20,-5.7704696014641e-20,-5.7704696014641e-20,2000
within-run measured-initial-state sensitivity,held,1,pilot,S-R,measuredModelRMS,1,1,1,-1.62899433552499e-05,-1.62899433552499e-05,-1.62899433552499e-05,2000
within-run measured-initial-state sensitivity,held,1,pilot,S-R,freezingRMS,1,1,1,2.52497370871375e-17,2.52497370871375e-17,2.52497370871375e-17,2000
within-run measured-initial-state sensitivity,held,1,pilot,S-R,totalRMS,1,1,1,-1.62899433552395e-05,-1.62899433552395e-05,-1.62899433552395e-05,2000
within-run measured-initial-state sensitivity,held,1,pilot,S-R,cleanModelRMS,1,1,1,-3.2991483059181e-05,-3.2991483059181e-05,-3.2991483059181e-05,2000
within-run measured-initial-state sensitivity,held,1,pilot,S-R,initializationEffectRMS,1,1,1,-7.8958027396013e-07,-7.8958027396013e-07,-7.8958027396013e-07,2000
within-run measured-initial-state sensitivity,held,1,pilot,S-R,meanCrossTerm,1,1,1,1.49212591060061e-19,1.49212591060061e-19,1.49212591060061e-19,2000
within-run measured-initial-state sensitivity,held,1,pilot,R-P2,measuredModelRMS,1,1,1,-0.00013720287721879,-0.00013720287721879,-0.00013720287721879,2000
within-run measured-initial-state sensitivity,held,1,pilot,R-P2,freezingRMS,1,1,1,-1.78542603174924e-17,-1.78542603174924e-17,-1.78542603174924e-17,2000
within-run measured-initial-state sensitivity,held,1,pilot,R-P2,totalRMS,1,1,1,-0.00013720287721879,-0.00013720287721879,-0.00013720287721879,2000
within-run measured-initial-state sensitivity,held,1,pilot,R-P2,cleanModelRMS,1,1,1,-0.000865860496312738,-0.000865860496312738,-0.000865860496312738,2000
within-run measured-initial-state sensitivity,held,1,pilot,R-P2,initializationEffectRMS,1,1,1,7.57050722616052e-06,7.57050722616052e-06,7.57050722616052e-06,2000
within-run measured-initial-state sensitivity,held,1,pilot,R-P2,meanCrossTerm,1,1,1,-3.83004763892188e-20,-3.83004763892188e-20,-3.83004763892188e-20,2000
within-run measured-initial-state sensitivity,held,2,pilot,S-A,measuredModelRMS,1,1,1,-0.0200170354339108,-0.0200170354339108,-0.0200170354339108,2000
within-run measured-initial-state sensitivity,held,2,pilot,S-A,freezingRMS,1,1,1,-1.47267125116101e-18,-1.47267125116101e-18,-1.47267125116101e-18,2000
within-run measured-initial-state sensitivity,held,2,pilot,S-A,totalRMS,1,1,1,-0.0200170354339107,-0.0200170354339107,-0.0200170354339107,2000
within-run measured-initial-state sensitivity,held,2,pilot,S-A,cleanModelRMS,1,1,1,-0.0249780173097575,-0.0249780173097575,-0.0249780173097575,2000
within-run measured-initial-state sensitivity,held,2,pilot,S-A,initializationEffectRMS,1,1,1,0.00016925101119106,0.00016925101119106,0.00016925101119106,2000
within-run measured-initial-state sensitivity,held,2,pilot,S-A,meanCrossTerm,1,1,1,8.52504666873664e-19,8.52504666873664e-19,8.52504666873664e-19,2000
within-run measured-initial-state sensitivity,held,2,pilot,S-W,measuredModelRMS,1,1,1,-0.0404524278545343,-0.0404524278545343,-0.0404524278545343,2000
within-run measured-initial-state sensitivity,held,2,pilot,S-W,freezingRMS,1,1,1,-2.1979598863255e-18,-2.1979598863255e-18,-2.1979598863255e-18,2000
within-run measured-initial-state sensitivity,held,2,pilot,S-W,totalRMS,1,1,1,-0.0404524278545343,-0.0404524278545343,-0.0404524278545343,2000
within-run measured-initial-state sensitivity,held,2,pilot,S-W,cleanModelRMS,1,1,1,-0.0458574571929927,-0.0458574571929927,-0.0458574571929927,2000
within-run measured-initial-state sensitivity,held,2,pilot,S-W,initializationEffectRMS,1,1,1,-0.00030727584318866,-0.00030727584318866,-0.00030727584318866,2000
within-run measured-initial-state sensitivity,held,2,pilot,S-W,meanCrossTerm,1,1,1,2.91315505618682e-19,2.91315505618682e-19,2.91315505618682e-19,2000
within-run measured-initial-state sensitivity,held,2,pilot,S-R,measuredModelRMS,1,1,1,-2.59460496354596e-05,-2.59460496354596e-05,-2.59460496354596e-05,2000
within-run measured-initial-state sensitivity,held,2,pilot,S-R,freezingRMS,1,1,1,-2.41769205123024e-17,-2.41769205123024e-17,-2.41769205123024e-17,2000
within-run measured-initial-state sensitivity,held,2,pilot,S-R,totalRMS,1,1,1,-2.59460496354596e-05,-2.59460496354596e-05,-2.59460496354596e-05,2000
within-run measured-initial-state sensitivity,held,2,pilot,S-R,cleanModelRMS,1,1,1,-6.7846019088312e-05,-6.7846019088312e-05,-6.7846019088312e-05,2000
within-run measured-initial-state sensitivity,held,2,pilot,S-R,initializationEffectRMS,1,1,1,-3.71769263429744e-07,-3.71769263429744e-07,-3.71769263429744e-07,2000
within-run measured-initial-state sensitivity,held,2,pilot,S-R,meanCrossTerm,1,1,1,3.3856009155715e-20,3.3856009155715e-20,3.3856009155715e-20,2000
within-run measured-initial-state sensitivity,held,2,pilot,R-P2,measuredModelRMS,1,1,1,-0.00023573366579626,-0.00023573366579626,-0.00023573366579626,2000
within-run measured-initial-state sensitivity,held,2,pilot,R-P2,freezingRMS,1,1,1,-0.000131630330717835,-0.000131630330717835,-0.000131630330717835,2000
within-run measured-initial-state sensitivity,held,2,pilot,R-P2,totalRMS,1,1,1,-0.00028715307629136,-0.00028715307629136,-0.00028715307629136,2000
within-run measured-initial-state sensitivity,held,2,pilot,R-P2,cleanModelRMS,1,1,1,-0.00123589235464072,-0.00123589235464072,-0.00123589235464072,2000
within-run measured-initial-state sensitivity,held,2,pilot,R-P2,initializationEffectRMS,1,1,1,2.54590610965898e-05,2.54590610965898e-05,2.54590610965898e-05,2000
within-run measured-initial-state sensitivity,held,2,pilot,R-P2,meanCrossTerm,1,1,1,-5.03952546350567e-07,-5.03952546350567e-07,-5.03952546350567e-07,2000
within-run measured-initial-state sensitivity,held,5,pilot,S-A,measuredModelRMS,1,1,1,-0.0556592756172281,-0.0556592756172281,-0.0556592756172281,2000
within-run measured-initial-state sensitivity,held,5,pilot,S-A,freezingRMS,1,1,1,1.3339305438739e-17,1.3339305438739e-17,1.3339305438739e-17,2000
within-run measured-initial-state sensitivity,held,5,pilot,S-A,totalRMS,1,1,1,-0.055659275617228,-0.055659275617228,-0.055659275617228,2000
within-run measured-initial-state sensitivity,held,5,pilot,S-A,cleanModelRMS,1,1,1,-0.0568981118217446,-0.0568981118217446,-0.0568981118217446,2000
within-run measured-initial-state sensitivity,held,5,pilot,S-A,initializationEffectRMS,1,1,1,0.0002919049506849,0.0002919049506849,0.0002919049506849,2000
within-run measured-initial-state sensitivity,held,5,pilot,S-A,meanCrossTerm,1,1,1,3.18954185950095e-18,3.18954185950095e-18,3.18954185950095e-18,2000
within-run measured-initial-state sensitivity,held,5,pilot,S-W,measuredModelRMS,1,1,1,-0.0891626786120752,-0.0891626786120752,-0.0891626786120752,2000
within-run measured-initial-state sensitivity,held,5,pilot,S-W,freezingRMS,1,1,1,-3.69121748312e-18,-3.69121748312e-18,-3.69121748312e-18,2000
within-run measured-initial-state sensitivity,held,5,pilot,S-W,totalRMS,1,1,1,-0.0891626786120752,-0.0891626786120752,-0.0891626786120752,2000
within-run measured-initial-state sensitivity,held,5,pilot,S-W,cleanModelRMS,1,1,1,-0.0906648252402509,-0.0906648252402509,-0.0906648252402509,2000
within-run measured-initial-state sensitivity,held,5,pilot,S-W,initializationEffectRMS,1,1,1,-0.00024553853482854,-0.00024553853482854,-0.00024553853482854,2000
within-run measured-initial-state sensitivity,held,5,pilot,S-W,meanCrossTerm,1,1,1,-5.31580919888639e-18,-5.31580919888639e-18,-5.31580919888639e-18,2000
within-run measured-initial-state sensitivity,held,5,pilot,S-R,measuredModelRMS,1,1,1,-5.90786440027502e-05,-5.90786440027502e-05,-5.90786440027502e-05,2000
within-run measured-initial-state sensitivity,held,5,pilot,S-R,freezingRMS,1,1,1,-6.7651861061283e-17,-6.7651861061283e-17,-6.7651861061283e-17,2000
within-run measured-initial-state sensitivity,held,5,pilot,S-R,totalRMS,1,1,1,-5.90786440027001e-05,-5.90786440027001e-05,-5.90786440027001e-05,2000
within-run measured-initial-state sensitivity,held,5,pilot,S-R,cleanModelRMS,1,1,1,-8.6119245781979e-05,-8.6119245781979e-05,-8.6119245781979e-05,2000
within-run measured-initial-state sensitivity,held,5,pilot,S-R,initializationEffectRMS,1,1,1,5.84452781979966e-07,5.84452781979966e-07,5.84452781979966e-07,2000
within-run measured-initial-state sensitivity,held,5,pilot,S-R,meanCrossTerm,1,1,1,1.83178467158434e-19,1.83178467158434e-19,1.83178467158434e-19,2000
within-run measured-initial-state sensitivity,held,5,pilot,R-P2,measuredModelRMS,1,1,1,-0.00017067181175291,-0.00017067181175291,-0.00017067181175291,2000
within-run measured-initial-state sensitivity,held,5,pilot,R-P2,freezingRMS,1,1,1,-0.00127451930888017,-0.00127451930888017,-0.00127451930888017,2000
within-run measured-initial-state sensitivity,held,5,pilot,R-P2,totalRMS,1,1,1,-0.00109167012833229,-0.00109167012833229,-0.00109167012833229,2000
within-run measured-initial-state sensitivity,held,5,pilot,R-P2,cleanModelRMS,1,1,1,-0.000653411948035388,-0.000653411948035388,-0.000653411948035388,2000
within-run measured-initial-state sensitivity,held,5,pilot,R-P2,initializationEffectRMS,1,1,1,4.382143133514e-05,4.382143133514e-05,4.382143133514e-05,2000
within-run measured-initial-state sensitivity,held,5,pilot,R-P2,meanCrossTerm,1,1,1,-3.09966213948796e-06,-3.09966213948796e-06,-3.09966213948796e-06,2000
within-run measured-initial-state sensitivity,held,10,pilot,S-A,measuredModelRMS,1,1,1,-0.0837524526032097,-0.0837524526032097,-0.0837524526032097,2000
within-run measured-initial-state sensitivity,held,10,pilot,S-A,freezingRMS,1,1,1,1.3125781174983e-17,1.3125781174983e-17,1.3125781174983e-17,2000
within-run measured-initial-state sensitivity,held,10,pilot,S-A,totalRMS,1,1,1,-0.0837524526032096,-0.0837524526032096,-0.0837524526032096,2000
within-run measured-initial-state sensitivity,held,10,pilot,S-A,cleanModelRMS,1,1,1,-0.0838627352923533,-0.0838627352923533,-0.0838627352923533,2000
within-run measured-initial-state sensitivity,held,10,pilot,S-A,initializationEffectRMS,1,1,1,0.000126791268361943,0.000126791268361943,0.000126791268361943,2000
within-run measured-initial-state sensitivity,held,10,pilot,S-A,meanCrossTerm,1,1,1,4.53880405482834e-18,4.53880405482834e-18,4.53880405482834e-18,2000
within-run measured-initial-state sensitivity,held,10,pilot,S-W,measuredModelRMS,1,1,1,-0.12573572771741,-0.12573572771741,-0.12573572771741,2000
within-run measured-initial-state sensitivity,held,10,pilot,S-W,freezingRMS,1,1,1,-1.6053607415104e-17,-1.6053607415104e-17,-1.6053607415104e-17,2000
within-run measured-initial-state sensitivity,held,10,pilot,S-W,totalRMS,1,1,1,-0.12573572771741,-0.12573572771741,-0.12573572771741,2000
within-run measured-initial-state sensitivity,held,10,pilot,S-W,cleanModelRMS,1,1,1,-0.125950463282653,-0.125950463282653,-0.125950463282653,2000
within-run measured-initial-state sensitivity,held,10,pilot,S-W,initializationEffectRMS,1,1,1,-0.00012570198442882,-0.00012570198442882,-0.00012570198442882,2000
within-run measured-initial-state sensitivity,held,10,pilot,S-W,meanCrossTerm,1,1,1,-9.0205148622942e-18,-9.0205148622942e-18,-9.0205148622942e-18,2000
within-run measured-initial-state sensitivity,held,10,pilot,S-R,measuredModelRMS,1,1,1,-8.65054487423569e-05,-8.65054487423569e-05,-8.65054487423569e-05,2000
within-run measured-initial-state sensitivity,held,10,pilot,S-R,freezingRMS,1,1,1,-7.3770463310084e-17,-7.3770463310084e-17,-7.3770463310084e-17,2000
within-run measured-initial-state sensitivity,held,10,pilot,S-R,totalRMS,1,1,1,-8.6505448742315e-05,-8.6505448742315e-05,-8.6505448742315e-05,2000
within-run measured-initial-state sensitivity,held,10,pilot,S-R,cleanModelRMS,1,1,1,-8.3176741447929e-05,-8.3176741447929e-05,-8.3176741447929e-05,2000
within-run measured-initial-state sensitivity,held,10,pilot,S-R,initializationEffectRMS,1,1,1,3.01686057471977e-07,3.01686057471977e-07,3.01686057471977e-07,2000
within-run measured-initial-state sensitivity,held,10,pilot,S-R,meanCrossTerm,1,1,1,7.30501270700563e-20,7.30501270700563e-20,7.30501270700563e-20,2000
within-run measured-initial-state sensitivity,held,10,pilot,R-P2,measuredModelRMS,1,1,1,-0.000560749415132413,-0.000560749415132413,-0.000560749415132413,2000
within-run measured-initial-state sensitivity,held,10,pilot,R-P2,freezingRMS,1,1,1,-0.00348204682741312,-0.00348204682741312,-0.00348204682741312,2000
within-run measured-initial-state sensitivity,held,10,pilot,R-P2,totalRMS,1,1,1,-0.00163577249948481,-0.00163577249948481,-0.00163577249948481,2000
within-run measured-initial-state sensitivity,held,10,pilot,R-P2,cleanModelRMS,1,1,1,-0.000546387905982044,-0.000546387905982044,-0.000546387905982044,2000
within-run measured-initial-state sensitivity,held,10,pilot,R-P2,initializationEffectRMS,1,1,1,1.9906304541959e-05,1.9906304541959e-05,1.9906304541959e-05,2000
within-run measured-initial-state sensitivity,held,10,pilot,R-P2,meanCrossTerm,1,1,1,7.7039300104769e-06,7.7039300104769e-06,7.7039300104769e-06,2000
within-run measured-initial-state sensitivity,held,20,pilot,S-A,measuredModelRMS,1,1,1,-0.0940090780607797,-0.0940090780607797,-0.0940090780607797,2000
within-run measured-initial-state sensitivity,held,20,pilot,S-A,freezingRMS,1,1,1,2.77493679298802e-18,2.77493679298802e-18,2.77493679298802e-18,2000
within-run measured-initial-state sensitivity,held,20,pilot,S-A,totalRMS,1,1,1,-0.0940090780607796,-0.0940090780607796,-0.0940090780607796,2000
within-run measured-initial-state sensitivity,held,20,pilot,S-A,cleanModelRMS,1,1,1,-0.0940109440830175,-0.0940109440830175,-0.0940109440830175,2000
within-run measured-initial-state sensitivity,held,20,pilot,S-A,initializationEffectRMS,1,1,1,8.70636340971289e-06,8.70636340971289e-06,8.70636340971289e-06,2000
within-run measured-initial-state sensitivity,held,20,pilot,S-A,meanCrossTerm,1,1,1,2.62272728235995e-18,2.62272728235995e-18,2.62272728235995e-18,2000
within-run measured-initial-state sensitivity,held,20,pilot,S-W,measuredModelRMS,1,1,1,-0.139208580073459,-0.139208580073459,-0.139208580073459,2000
within-run measured-initial-state sensitivity,held,20,pilot,S-W,freezingRMS,1,1,1,-1.7398024293111e-17,-1.7398024293111e-17,-1.7398024293111e-17,2000
within-run measured-initial-state sensitivity,held,20,pilot,S-W,totalRMS,1,1,1,-0.139208580073459,-0.139208580073459,-0.139208580073459,2000
within-run measured-initial-state sensitivity,held,20,pilot,S-W,cleanModelRMS,1,1,1,-0.139220700843194,-0.139220700843194,-0.139220700843194,2000
within-run measured-initial-state sensitivity,held,20,pilot,S-W,initializationEffectRMS,1,1,1,-1.58328272367371e-05,-1.58328272367371e-05,-1.58328272367371e-05,2000
within-run measured-initial-state sensitivity,held,20,pilot,S-W,meanCrossTerm,1,1,1,-1.09144020458107e-17,-1.09144020458107e-17,-1.09144020458107e-17,2000
within-run measured-initial-state sensitivity,held,20,pilot,S-R,measuredModelRMS,1,1,1,-0.0001050220968392,-0.0001050220968392,-0.0001050220968392,2000
within-run measured-initial-state sensitivity,held,20,pilot,S-R,freezingRMS,1,1,1,-1.24703573939979e-16,-1.24703573939979e-16,-1.24703573939979e-16,2000
within-run measured-initial-state sensitivity,held,20,pilot,S-R,totalRMS,1,1,1,-0.000105022096839168,-0.000105022096839168,-0.000105022096839168,2000
within-run measured-initial-state sensitivity,held,20,pilot,S-R,cleanModelRMS,1,1,1,-0.000104388108420553,-0.000104388108420553,-0.000104388108420553,2000
within-run measured-initial-state sensitivity,held,20,pilot,S-R,initializationEffectRMS,1,1,1,1.5260727843301e-08,1.5260727843301e-08,1.5260727843301e-08,2000
within-run measured-initial-state sensitivity,held,20,pilot,S-R,meanCrossTerm,1,1,1,4.29515202722826e-20,4.29515202722826e-20,4.29515202722826e-20,2000
within-run measured-initial-state sensitivity,held,20,pilot,R-P2,measuredModelRMS,1,1,1,-0.00276546360108611,-0.00276546360108611,-0.00276546360108611,2000
within-run measured-initial-state sensitivity,held,20,pilot,R-P2,freezingRMS,1,1,1,-0.0053229115403978,-0.0053229115403978,-0.0053229115403978,2000
within-run measured-initial-state sensitivity,held,20,pilot,R-P2,totalRMS,1,1,1,-0.00152171652591041,-0.00152171652591041,-0.00152171652591041,2000
within-run measured-initial-state sensitivity,held,20,pilot,R-P2,cleanModelRMS,1,1,1,-0.0027623909283863,-0.0027623909283863,-0.0027623909283863,2000
within-run measured-initial-state sensitivity,held,20,pilot,R-P2,initializationEffectRMS,1,1,1,2.03520614474704e-06,2.03520614474704e-06,2.03520614474704e-06,2000
within-run measured-initial-state sensitivity,held,20,pilot,R-P2,meanCrossTerm,1,1,1,3.56470716012976e-05,3.56470716012976e-05,3.56470716012976e-05,2000
within-run measured-initial-state sensitivity,recordedRateLimited,1,pilot,S-A,measuredModelRMS,1,1,1,-0.00664492089215547,-0.00664492089215547,-0.00664492089215547,2000
within-run measured-initial-state sensitivity,recordedRateLimited,1,pilot,S-A,freezingRMS,1,1,1,1.49415750866516e-17,1.49415750866516e-17,1.49415750866516e-17,2000
within-run measured-initial-state sensitivity,recordedRateLimited,1,pilot,S-A,totalRMS,1,1,1,-0.00664492089215546,-0.00664492089215546,-0.00664492089215546,2000
within-run measured-initial-state sensitivity,recordedRateLimited,1,pilot,S-A,cleanModelRMS,1,1,1,-0.0134481197613028,-0.0134481197613028,-0.0134481197613028,2000
within-run measured-initial-state sensitivity,recordedRateLimited,1,pilot,S-A,initializationEffectRMS,1,1,1,5.22701876428805e-05,5.22701876428805e-05,5.22701876428805e-05,2000
within-run measured-initial-state sensitivity,recordedRateLimited,1,pilot,S-A,meanCrossTerm,1,1,1,1.40625469548813e-19,1.40625469548813e-19,1.40625469548813e-19,2000
within-run measured-initial-state sensitivity,recordedRateLimited,1,pilot,S-W,measuredModelRMS,1,1,1,-0.0177876507331013,-0.0177876507331013,-0.0177876507331013,2000
within-run measured-initial-state sensitivity,recordedRateLimited,1,pilot,S-W,freezingRMS,1,1,1,-1.59829109148061e-17,-1.59829109148061e-17,-1.59829109148061e-17,2000
within-run measured-initial-state sensitivity,recordedRateLimited,1,pilot,S-W,totalRMS,1,1,1,-0.0177876507331013,-0.0177876507331013,-0.0177876507331013,2000
within-run measured-initial-state sensitivity,recordedRateLimited,1,pilot,S-W,cleanModelRMS,1,1,1,-0.0257846887277033,-0.0257846887277033,-0.0257846887277033,2000
within-run measured-initial-state sensitivity,recordedRateLimited,1,pilot,S-W,initializationEffectRMS,1,1,1,-0.0002527336563415,-0.0002527336563415,-0.0002527336563415,2000
within-run measured-initial-state sensitivity,recordedRateLimited,1,pilot,S-W,meanCrossTerm,1,1,1,-5.7704696014641e-20,-5.7704696014641e-20,-5.7704696014641e-20,2000
within-run measured-initial-state sensitivity,recordedRateLimited,1,pilot,S-R,measuredModelRMS,1,1,1,-1.62899433552499e-05,-1.62899433552499e-05,-1.62899433552499e-05,2000
within-run measured-initial-state sensitivity,recordedRateLimited,1,pilot,S-R,freezingRMS,1,1,1,2.52497370871375e-17,2.52497370871375e-17,2.52497370871375e-17,2000
within-run measured-initial-state sensitivity,recordedRateLimited,1,pilot,S-R,totalRMS,1,1,1,-1.62899433552395e-05,-1.62899433552395e-05,-1.62899433552395e-05,2000
within-run measured-initial-state sensitivity,recordedRateLimited,1,pilot,S-R,cleanModelRMS,1,1,1,-3.2991483059181e-05,-3.2991483059181e-05,-3.2991483059181e-05,2000
within-run measured-initial-state sensitivity,recordedRateLimited,1,pilot,S-R,initializationEffectRMS,1,1,1,-7.8958027396013e-07,-7.8958027396013e-07,-7.8958027396013e-07,2000
within-run measured-initial-state sensitivity,recordedRateLimited,1,pilot,S-R,meanCrossTerm,1,1,1,1.49212591060061e-19,1.49212591060061e-19,1.49212591060061e-19,2000
within-run measured-initial-state sensitivity,recordedRateLimited,1,pilot,R-P2,measuredModelRMS,1,1,1,-0.00013720287721879,-0.00013720287721879,-0.00013720287721879,2000
within-run measured-initial-state sensitivity,recordedRateLimited,1,pilot,R-P2,freezingRMS,1,1,1,-1.78542603174924e-17,-1.78542603174924e-17,-1.78542603174924e-17,2000
within-run measured-initial-state sensitivity,recordedRateLimited,1,pilot,R-P2,totalRMS,1,1,1,-0.00013720287721879,-0.00013720287721879,-0.00013720287721879,2000
within-run measured-initial-state sensitivity,recordedRateLimited,1,pilot,R-P2,cleanModelRMS,1,1,1,-0.000865860496312738,-0.000865860496312738,-0.000865860496312738,2000
within-run measured-initial-state sensitivity,recordedRateLimited,1,pilot,R-P2,initializationEffectRMS,1,1,1,7.57050722616052e-06,7.57050722616052e-06,7.57050722616052e-06,2000
within-run measured-initial-state sensitivity,recordedRateLimited,1,pilot,R-P2,meanCrossTerm,1,1,1,-3.83004763892188e-20,-3.83004763892188e-20,-3.83004763892188e-20,2000
within-run measured-initial-state sensitivity,recordedRateLimited,2,pilot,S-A,measuredModelRMS,1,1,1,-0.0189188473189498,-0.0189188473189498,-0.0189188473189498,2000
within-run measured-initial-state sensitivity,recordedRateLimited,2,pilot,S-A,freezingRMS,1,1,1,0.00220003768660191,0.00220003768660191,0.00220003768660191,2000
within-run measured-initial-state sensitivity,recordedRateLimited,2,pilot,S-A,totalRMS,1,1,1,-0.0186054317163098,-0.0186054317163098,-0.0186054317163098,2000
within-run measured-initial-state sensitivity,recordedRateLimited,2,pilot,S-A,cleanModelRMS,1,1,1,-0.0238605684537991,-0.0238605684537991,-0.0238605684537991,2000
within-run measured-initial-state sensitivity,recordedRateLimited,2,pilot,S-A,initializationEffectRMS,1,1,1,0.00016146858663955,0.00016146858663955,0.00016146858663955,2000
within-run measured-initial-state sensitivity,recordedRateLimited,2,pilot,S-A,meanCrossTerm,1,1,1,-1.74921450919825e-06,-1.74921450919825e-06,-1.74921450919825e-06,2000
within-run measured-initial-state sensitivity,recordedRateLimited,2,pilot,S-W,measuredModelRMS,1,1,1,-0.0407930846106596,-0.0407930846106596,-0.0407930846106596,2000
within-run measured-initial-state sensitivity,recordedRateLimited,2,pilot,S-W,freezingRMS,1,1,1,0.00016282004996897,0.00016282004996897,0.00016282004996897,2000
within-run measured-initial-state sensitivity,recordedRateLimited,2,pilot,S-W,totalRMS,1,1,1,-0.0400580226902026,-0.0400580226902026,-0.0400580226902026,2000
within-run measured-initial-state sensitivity,recordedRateLimited,2,pilot,S-W,cleanModelRMS,1,1,1,-0.0460452432752568,-0.0460452432752568,-0.0460452432752568,2000
within-run measured-initial-state sensitivity,recordedRateLimited,2,pilot,S-W,initializationEffectRMS,1,1,1,-0.00030377347796832,-0.00030377347796832,-0.00030377347796832,2000
within-run measured-initial-state sensitivity,recordedRateLimited,2,pilot,S-W,meanCrossTerm,1,1,1,4.06499516070264e-05,4.06499516070264e-05,4.06499516070264e-05,2000
within-run measured-initial-state sensitivity,recordedRateLimited,2,pilot,S-R,measuredModelRMS,1,1,1,-2.60398978192905e-05,-2.60398978192905e-05,-2.60398978192905e-05,2000
within-run measured-initial-state sensitivity,recordedRateLimited,2,pilot,S-R,freezingRMS,1,1,1,2.76725733530138e-07,2.76725733530138e-07,2.76725733530138e-07,2000
within-run measured-initial-state sensitivity,recordedRateLimited,2,pilot,S-R,totalRMS,1,1,1,-2.70522270971298e-05,-2.70522270971298e-05,-2.70522270971298e-05,2000
within-run measured-initial-state sensitivity,recordedRateLimited,2,pilot,S-R,cleanModelRMS,1,1,1,-8.71775574073989e-05,-8.71775574073989e-05,-8.71775574073989e-05,2000
within-run measured-initial-state sensitivity,recordedRateLimited,2,pilot,S-R,initializationEffectRMS,1,1,1,-3.63986294080014e-07,-3.63986294080014e-07,-3.63986294080014e-07,2000
within-run measured-initial-state sensitivity,recordedRateLimited,2,pilot,S-R,meanCrossTerm,1,1,1,-2.78949265315199e-08,-2.78949265315199e-08,-2.78949265315199e-08,2000
within-run measured-initial-state sensitivity,recordedRateLimited,2,pilot,R-P2,measuredModelRMS,1,1,1,-0.00023621393442813,-0.00023621393442813,-0.00023621393442813,2000
within-run measured-initial-state sensitivity,recordedRateLimited,2,pilot,R-P2,freezingRMS,1,1,1,1.09308670668998e-05,1.09308670668998e-05,1.09308670668998e-05,2000
within-run measured-initial-state sensitivity,recordedRateLimited,2,pilot,R-P2,totalRMS,1,1,1,-0.00031778425038063,-0.00031778425038063,-0.00031778425038063,2000
within-run measured-initial-state sensitivity,recordedRateLimited,2,pilot,R-P2,cleanModelRMS,1,1,1,-0.00105687051797698,-0.00105687051797698,-0.00105687051797698,2000
within-run measured-initial-state sensitivity,recordedRateLimited,2,pilot,R-P2,initializationEffectRMS,1,1,1,2.60417291234006e-05,2.60417291234006e-05,2.60417291234006e-05,2000
within-run measured-initial-state sensitivity,recordedRateLimited,2,pilot,R-P2,meanCrossTerm,1,1,1,-1.0761427519148e-06,-1.0761427519148e-06,-1.0761427519148e-06,2000
within-run measured-initial-state sensitivity,recordedRateLimited,5,pilot,S-A,measuredModelRMS,1,1,1,-0.0377738595388297,-0.0377738595388297,-0.0377738595388297,2000
within-run measured-initial-state sensitivity,recordedRateLimited,5,pilot,S-A,freezingRMS,1,1,1,0.011231130610032,0.011231130610032,0.011231130610032,2000
within-run measured-initial-state sensitivity,recordedRateLimited,5,pilot,S-A,totalRMS,1,1,1,-0.0283251251261704,-0.0283251251261704,-0.0283251251261704,2000
within-run measured-initial-state sensitivity,recordedRateLimited,5,pilot,S-A,cleanModelRMS,1,1,1,-0.0393513151027234,-0.0393513151027234,-0.0393513151027234,2000
within-run measured-initial-state sensitivity,recordedRateLimited,5,pilot,S-A,initializationEffectRMS,1,1,1,0.00027646652857858,0.00027646652857858,0.00027646652857858,2000
within-run measured-initial-state sensitivity,recordedRateLimited,5,pilot,S-A,meanCrossTerm,1,1,1,-1.45041776183084e-06,-1.45041776183084e-06,-1.45041776183084e-06,2000
within-run measured-initial-state sensitivity,recordedRateLimited,5,pilot,S-W,measuredModelRMS,1,1,1,-0.0784490389055393,-0.0784490389055393,-0.0784490389055393,2000
within-run measured-initial-state sensitivity,recordedRateLimited,5,pilot,S-W,freezingRMS,1,1,1,0.00657581410278299,0.00657581410278299,0.00657581410278299,2000
within-run measured-initial-state sensitivity,recordedRateLimited,5,pilot,S-W,totalRMS,1,1,1,-0.0714970455319814,-0.0714970455319814,-0.0714970455319814,2000
within-run measured-initial-state sensitivity,recordedRateLimited,5,pilot,S-W,cleanModelRMS,1,1,1,-0.0801377278710589,-0.0801377278710589,-0.0801377278710589,2000
within-run measured-initial-state sensitivity,recordedRateLimited,5,pilot,S-W,initializationEffectRMS,1,1,1,-0.00023355074288448,-0.00023355074288448,-0.00023355074288448,2000
within-run measured-initial-state sensitivity,recordedRateLimited,5,pilot,S-W,meanCrossTerm,1,1,1,-0.000387102611686384,-0.000387102611686384,-0.000387102611686384,2000
within-run measured-initial-state sensitivity,recordedRateLimited,5,pilot,S-R,measuredModelRMS,1,1,1,-5.68776561199499e-05,-5.68776561199499e-05,-5.68776561199499e-05,2000
within-run measured-initial-state sensitivity,recordedRateLimited,5,pilot,S-R,freezingRMS,1,1,1,-2.20115691399007e-05,-2.20115691399007e-05,-2.20115691399007e-05,2000
within-run measured-initial-state sensitivity,recordedRateLimited,5,pilot,S-R,totalRMS,1,1,1,1.34541194946013e-05,1.34541194946013e-05,1.34541194946013e-05,2000
within-run measured-initial-state sensitivity,recordedRateLimited,5,pilot,S-R,cleanModelRMS,1,1,1,-0.000123017517687467,-0.000123017517687467,-0.000123017517687467,2000
within-run measured-initial-state sensitivity,recordedRateLimited,5,pilot,S-R,initializationEffectRMS,1,1,1,5.67699892259962e-07,5.67699892259962e-07,5.67699892259962e-07,2000
within-run measured-initial-state sensitivity,recordedRateLimited,5,pilot,S-R,meanCrossTerm,1,1,1,1.01578652417381e-06,1.01578652417381e-06,1.01578652417381e-06,2000
within-run measured-initial-state sensitivity,recordedRateLimited,5,pilot,R-P2,measuredModelRMS,1,1,1,0.0001786295837419,0.0001786295837419,0.0001786295837419,2000
within-run measured-initial-state sensitivity,recordedRateLimited,5,pilot,R-P2,freezingRMS,1,1,1,0.0004160456310171,0.0004160456310171,0.0004160456310171,2000
within-run measured-initial-state sensitivity,recordedRateLimited,5,pilot,R-P2,totalRMS,1,1,1,0.000251212313801999,0.000251212313801999,0.000251212313801999,2000
within-run measured-initial-state sensitivity,recordedRateLimited,5,pilot,R-P2,cleanModelRMS,1,1,1,-3.607878113715e-05,-3.607878113715e-05,-3.607878113715e-05,2000
within-run measured-initial-state sensitivity,recordedRateLimited,5,pilot,R-P2,initializationEffectRMS,1,1,1,4.197444519788e-05,4.197444519788e-05,4.197444519788e-05,2000
within-run measured-initial-state sensitivity,recordedRateLimited,5,pilot,R-P2,meanCrossTerm,1,1,1,-4.22954425395763e-06,-4.22954425395763e-06,-4.22954425395763e-06,2000
within-run measured-initial-state sensitivity,recordedRateLimited,10,pilot,S-A,measuredModelRMS,1,1,1,-0.0440175353756549,-0.0440175353756549,-0.0440175353756549,2000
within-run measured-initial-state sensitivity,recordedRateLimited,10,pilot,S-A,freezingRMS,1,1,1,0.0162675616044904,0.0162675616044904,0.0162675616044904,2000
within-run measured-initial-state sensitivity,recordedRateLimited,10,pilot,S-A,totalRMS,1,1,1,-0.0284975860171078,-0.0284975860171078,-0.0284975860171078,2000
within-run measured-initial-state sensitivity,recordedRateLimited,10,pilot,S-A,cleanModelRMS,1,1,1,-0.0442061833878925,-0.0442061833878925,-0.0442061833878925,2000
within-run measured-initial-state sensitivity,recordedRateLimited,10,pilot,S-A,initializationEffectRMS,1,1,1,0.000115096029698981,0.000115096029698981,0.000115096029698981,2000
within-run measured-initial-state sensitivity,recordedRateLimited,10,pilot,S-A,meanCrossTerm,1,1,1,1.48909307788039e-06,1.48909307788039e-06,1.48909307788039e-06,2000
within-run measured-initial-state sensitivity,recordedRateLimited,10,pilot,S-W,measuredModelRMS,1,1,1,-0.0923939239312171,-0.0923939239312171,-0.0923939239312171,2000
within-run measured-initial-state sensitivity,recordedRateLimited,10,pilot,S-W,freezingRMS,1,1,1,0.0087802929149633,0.0087802929149633,0.0087802929149633,2000
within-run measured-initial-state sensitivity,recordedRateLimited,10,pilot,S-W,totalRMS,1,1,1,-0.0805892646967962,-0.0805892646967962,-0.0805892646967962,2000
within-run measured-initial-state sensitivity,recordedRateLimited,10,pilot,S-W,cleanModelRMS,1,1,1,-0.0926259368017253,-0.0926259368017253,-0.0926259368017253,2000
within-run measured-initial-state sensitivity,recordedRateLimited,10,pilot,S-W,initializationEffectRMS,1,1,1,-0.000117142290993719,-0.000117142290993719,-0.000117142290993719,2000
within-run measured-initial-state sensitivity,recordedRateLimited,10,pilot,S-W,meanCrossTerm,1,1,1,-0.000648841025002588,-0.000648841025002588,-0.000648841025002588,2000
within-run measured-initial-state sensitivity,recordedRateLimited,10,pilot,S-R,measuredModelRMS,1,1,1,-9.9875666162681e-05,-9.9875666162681e-05,-9.9875666162681e-05,2000
within-run measured-initial-state sensitivity,recordedRateLimited,10,pilot,S-R,freezingRMS,1,1,1,-3.49258410506023e-05,-3.49258410506023e-05,-3.49258410506023e-05,2000
within-run measured-initial-state sensitivity,recordedRateLimited,10,pilot,S-R,totalRMS,1,1,1,3.42593980229983e-06,3.42593980229983e-06,3.42593980229983e-06,2000
within-run measured-initial-state sensitivity,recordedRateLimited,10,pilot,S-R,cleanModelRMS,1,1,1,-0.000112013497815498,-0.000112013497815498,-0.000112013497815498,2000
within-run measured-initial-state sensitivity,recordedRateLimited,10,pilot,S-R,initializationEffectRMS,1,1,1,3.09337754685046e-07,3.09337754685046e-07,3.09337754685046e-07,2000
within-run measured-initial-state sensitivity,recordedRateLimited,10,pilot,S-R,meanCrossTerm,1,1,1,1.42193139427261e-06,1.42193139427261e-06,1.42193139427261e-06,2000
within-run measured-initial-state sensitivity,recordedRateLimited,10,pilot,R-P2,measuredModelRMS,1,1,1,5.2862787023571e-05,5.2862787023571e-05,5.2862787023571e-05,2000
within-run measured-initial-state sensitivity,recordedRateLimited,10,pilot,R-P2,freezingRMS,1,1,1,0.000723506536006502,0.000723506536006502,0.000723506536006502,2000
within-run measured-initial-state sensitivity,recordedRateLimited,10,pilot,R-P2,totalRMS,1,1,1,0.000895683040333101,0.000895683040333101,0.000895683040333101,2000
within-run measured-initial-state sensitivity,recordedRateLimited,10,pilot,R-P2,cleanModelRMS,1,1,1,-2.3506900991061e-05,-2.3506900991061e-05,-2.3506900991061e-05,2000
within-run measured-initial-state sensitivity,recordedRateLimited,10,pilot,R-P2,initializationEffectRMS,1,1,1,1.7286484098269e-05,1.7286484098269e-05,1.7286484098269e-05,2000
within-run measured-initial-state sensitivity,recordedRateLimited,10,pilot,R-P2,meanCrossTerm,1,1,1,5.29073426030689e-06,5.29073426030689e-06,5.29073426030689e-06,2000
within-run measured-initial-state sensitivity,recordedRateLimited,20,pilot,S-A,measuredModelRMS,1,1,1,-0.0500533351536712,-0.0500533351536712,-0.0500533351536712,2000
within-run measured-initial-state sensitivity,recordedRateLimited,20,pilot,S-A,freezingRMS,1,1,1,0.0352680134370906,0.0352680134370906,0.0352680134370906,2000
within-run measured-initial-state sensitivity,recordedRateLimited,20,pilot,S-A,totalRMS,1,1,1,-0.0164357104806525,-0.0164357104806525,-0.0164357104806525,2000
within-run measured-initial-state sensitivity,recordedRateLimited,20,pilot,S-A,cleanModelRMS,1,1,1,-0.0500584140054822,-0.0500584140054822,-0.0500584140054822,2000
within-run measured-initial-state sensitivity,recordedRateLimited,20,pilot,S-A,initializationEffectRMS,1,1,1,5.52088514540087e-06,5.52088514540087e-06,5.52088514540087e-06,2000
within-run measured-initial-state sensitivity,recordedRateLimited,20,pilot,S-A,meanCrossTerm,1,1,1,-2.06972218324962e-05,-2.06972218324962e-05,-2.06972218324962e-05,2000
within-run measured-initial-state sensitivity,recordedRateLimited,20,pilot,S-W,measuredModelRMS,1,1,1,-0.114016104616777,-0.114016104616777,-0.114016104616777,2000
within-run measured-initial-state sensitivity,recordedRateLimited,20,pilot,S-W,freezingRMS,1,1,1,-7.42830810156053e-05,-7.42830810156053e-05,-7.42830810156053e-05,2000
within-run measured-initial-state sensitivity,recordedRateLimited,20,pilot,S-W,totalRMS,1,1,1,-0.104383887631459,-0.104383887631459,-0.104383887631459,2000
within-run measured-initial-state sensitivity,recordedRateLimited,20,pilot,S-W,cleanModelRMS,1,1,1,-0.114023820552292,-0.114023820552292,-0.114023820552292,2000
within-run measured-initial-state sensitivity,recordedRateLimited,20,pilot,S-W,initializationEffectRMS,1,1,1,-1.43631814792204e-05,-1.43631814792204e-05,-1.43631814792204e-05,2000
within-run measured-initial-state sensitivity,recordedRateLimited,20,pilot,S-W,meanCrossTerm,1,1,1,-0.00488271144148893,-0.00488271144148893,-0.00488271144148893,2000
within-run measured-initial-state sensitivity,recordedRateLimited,20,pilot,S-R,measuredModelRMS,1,1,1,-5.129888926625e-05,-5.129888926625e-05,-5.129888926625e-05,2000
within-run measured-initial-state sensitivity,recordedRateLimited,20,pilot,S-R,freezingRMS,1,1,1,8.21606825964979e-05,8.21606825964979e-05,8.21606825964979e-05,2000
within-run measured-initial-state sensitivity,recordedRateLimited,20,pilot,S-R,totalRMS,1,1,1,0.000167703180846697,0.000167703180846697,0.000167703180846697,2000
within-run measured-initial-state sensitivity,recordedRateLimited,20,pilot,S-R,cleanModelRMS,1,1,1,-5.16228126242399e-05,-5.16228126242399e-05,-5.16228126242399e-05,2000
within-run measured-initial-state sensitivity,recordedRateLimited,20,pilot,S-R,initializationEffectRMS,1,1,1,6.63684571278987e-09,6.63684571278987e-09,6.63684571278987e-09,2000
within-run measured-initial-state sensitivity,recordedRateLimited,20,pilot,S-R,meanCrossTerm,1,1,1,6.0673237775459e-06,6.0673237775459e-06,6.0673237775459e-06,2000
within-run measured-initial-state sensitivity,recordedRateLimited,20,pilot,R-P2,measuredModelRMS,1,1,1,-0.00028155858920623,-0.00028155858920623,-0.00028155858920623,2000
within-run measured-initial-state sensitivity,recordedRateLimited,20,pilot,R-P2,freezingRMS,1,1,1,-0.003112605630791,-0.003112605630791,-0.003112605630791,2000
within-run measured-initial-state sensitivity,recordedRateLimited,20,pilot,R-P2,totalRMS,1,1,1,-0.0026282920514091,-0.0026282920514091,-0.0026282920514091,2000
within-run measured-initial-state sensitivity,recordedRateLimited,20,pilot,R-P2,cleanModelRMS,1,1,1,-0.00028395122162218,-0.00028395122162218,-0.00028395122162218,2000
within-run measured-initial-state sensitivity,recordedRateLimited,20,pilot,R-P2,initializationEffectRMS,1,1,1,9.59380895072511e-07,9.59380895072511e-07,9.59380895072511e-07,2000
within-run measured-initial-state sensitivity,recordedRateLimited,20,pilot,R-P2,meanCrossTerm,1,1,1,3.96042188029822e-05,3.96042188029822e-05,3.96042188029822e-05,2000
within-run measured-initial-state sensitivity,held,1,confirmation,S-A,measuredModelRMS,40,40,40,-0.00968394971493639,-0.0103545963973444,-0.00898992518424501,2000
within-run measured-initial-state sensitivity,held,1,confirmation,S-A,freezingRMS,40,40,40,0,-6.0383814967457e-18,1.03081620004859e-17,2000
within-run measured-initial-state sensitivity,held,1,confirmation,S-A,totalRMS,40,40,40,-0.00968394971493639,-0.0103068812022159,-0.00901380813115747,2000
within-run measured-initial-state sensitivity,held,1,confirmation,S-A,cleanModelRMS,40,40,40,-0.0142138977174643,-0.0143106019533244,-0.0141635385954467,2000
within-run measured-initial-state sensitivity,held,1,confirmation,S-A,initializationEffectRMS,40,40,40,4.4886867995165e-05,1.79248055462949e-05,0.00010246458534467,2000
within-run measured-initial-state sensitivity,held,1,confirmation,S-A,meanCrossTerm,40,40,40,-4.25008363361714e-20,-7.15317123978508e-20,2.5770444120108e-21,2000
within-run measured-initial-state sensitivity,held,1,confirmation,S-W,measuredModelRMS,40,40,40,-0.0223913879672802,-0.0228109916291175,-0.0214762183710178,2000
within-run measured-initial-state sensitivity,held,1,confirmation,S-W,freezingRMS,40,40,40,0,-6.1061340522855e-18,5.6449611063228e-18,2000
within-run measured-initial-state sensitivity,held,1,confirmation,S-W,totalRMS,40,40,40,-0.0223913879672802,-0.0228258951787298,-0.0214762183710178,2000
within-run measured-initial-state sensitivity,held,1,confirmation,S-W,cleanModelRMS,40,40,40,-0.02720542101516,-0.0274355948762635,-0.0271276138089128,2000
within-run measured-initial-state sensitivity,held,1,confirmation,S-W,initializationEffectRMS,40,40,40,-0.000208993869289015,-0.000304939352494448,-5.466293226707e-05,2000
within-run measured-initial-state sensitivity,held,1,confirmation,S-W,meanCrossTerm,40,40,40,7.71222034608935e-21,-7.78682566435168e-20,9.04674881433183e-20,2000
within-run measured-initial-state sensitivity,held,1,confirmation,S-R,measuredModelRMS,40,40,40,-1.73024697987254e-05,-2.58688580962703e-05,-9.97679067018522e-06,2000
within-run measured-initial-state sensitivity,held,1,confirmation,S-R,freezingRMS,40,40,40,1.03081620004859e-17,4.45159679495295e-18,1.36597657299534e-17,2000
within-run measured-initial-state sensitivity,held,1,confirmation,S-R,totalRMS,40,40,40,-1.73024697987254e-05,-2.62404933554354e-05,-9.88570344111249e-06,2000
within-run measured-initial-state sensitivity,held,1,confirmation,S-R,cleanModelRMS,40,40,40,-2.35727292354854e-05,-5.3200607164953e-05,-9.90249057029302e-06,2000
within-run measured-initial-state sensitivity,held,1,confirmation,S-R,initializationEffectRMS,40,40,40,5.80168632440068e-07,-8.64367938320162e-07,2.2610239433004e-06,2000
within-run measured-initial-state sensitivity,held,1,confirmation,S-R,meanCrossTerm,40,40,40,0,-1.28684600582145e-20,1.34501200492473e-20,2000
within-run measured-initial-state sensitivity,held,1,confirmation,R-P2,measuredModelRMS,40,40,40,-5.31984400830897e-05,-8.366242026427e-05,-1.31143163538851e-05,2000
within-run measured-initial-state sensitivity,held,1,confirmation,R-P2,freezingRMS,40,40,40,-1.03081620004859e-17,-1.23379185168935e-17,-4.6334130861657e-18,2000
within-run measured-initial-state sensitivity,held,1,confirmation,R-P2,totalRMS,40,40,40,-5.3198440083085e-05,-8.36624202642652e-05,-1.31315983735751e-05,2000
within-run measured-initial-state sensitivity,held,1,confirmation,R-P2,cleanModelRMS,40,40,40,-0.000195363724434758,-0.000411166531547684,-7.29054152565e-05,2000
within-run measured-initial-state sensitivity,held,1,confirmation,R-P2,initializationEffectRMS,40,40,40,1.63311816721995e-06,-3.8738442391037e-07,4.66179236629019e-06,2000
within-run measured-initial-state sensitivity,held,1,confirmation,R-P2,meanCrossTerm,40,40,40,9.42360746132401e-21,-2.03215145289574e-20,2.80274407339192e-20,2000
within-run measured-initial-state sensitivity,held,2,confirmation,S-A,measuredModelRMS,40,40,40,-0.0232667081726136,-0.0235028506391631,-0.0226595913136347,2000
within-run measured-initial-state sensitivity,held,2,confirmation,S-A,freezingRMS,40,40,40,1.0208250865946e-17,5.1839604285827e-18,2.1597662734518e-17,2000
within-run measured-initial-state sensitivity,held,2,confirmation,S-A,totalRMS,40,40,40,-0.0232667081726136,-0.0235028506391631,-0.0226464135793747,2000
within-run measured-initial-state sensitivity,held,2,confirmation,S-A,cleanModelRMS,40,40,40,-0.0264268359698993,-0.0265611988750817,-0.0262320639485725,2000
within-run measured-initial-state sensitivity,held,2,confirmation,S-A,initializationEffectRMS,40,40,40,0.00015323587658839,0.000124352795009175,0.000205637949594605,2000
within-run measured-initial-state sensitivity,held,2,confirmation,S-A,meanCrossTerm,40,40,40,1.13632448276162e-19,-1.45321226883679e-19,2.26199017809128e-19,2000
within-run measured-initial-state sensitivity,held,2,confirmation,S-W,measuredModelRMS,40,40,40,-0.0454640270979754,-0.0456624197980348,-0.0447721875735147,2000
within-run measured-initial-state sensitivity,held,2,confirmation,S-W,freezingRMS,40,40,40,-5.00621057286535e-18,-9.64628160543785e-18,3.12571244920485e-18,2000
within-run measured-initial-state sensitivity,held,2,confirmation,S-W,totalRMS,40,40,40,-0.0454640270979754,-0.0456607357693806,-0.0447721875735148,2000
within-run measured-initial-state sensitivity,held,2,confirmation,S-W,cleanModelRMS,40,40,40,-0.0485209257006595,-0.0488321059557726,-0.0483327566033339,2000
within-run measured-initial-state sensitivity,held,2,confirmation,S-W,initializationEffectRMS,40,40,40,-0.00025048751431104,-0.00037042408631486,-6.39230973035639e-05,2000
within-run measured-initial-state sensitivity,held,2,confirmation,S-W,meanCrossTerm,40,40,40,-1.66633674880085e-19,-1.16751757411139e-18,7.1108962417027e-19,2000
within-run measured-initial-state sensitivity,held,2,confirmation,S-R,measuredModelRMS,40,40,40,-4.11068842206151e-05,-5.13671183192798e-05,-2.13526356193801e-05,2000
within-run measured-initial-state sensitivity,held,2,confirmation,S-R,freezingRMS,40,40,40,5.9566020294607e-18,3.17860783378185e-18,1.42779040197604e-17,2000
within-run measured-initial-state sensitivity,held,2,confirmation,S-R,totalRMS,40,40,40,-4.11068842206199e-05,-5.12852401017548e-05,-2.13526356193749e-05,2000
within-run measured-initial-state sensitivity,held,2,confirmation,S-R,cleanModelRMS,40,40,40,-8.1728611254734e-05,-0.000105399170540075,-2.8905265220228e-05,2000
within-run measured-initial-state sensitivity,held,2,confirmation,S-R,initializationEffectRMS,40,40,40,1.84053957289995e-06,1.40681618179903e-07,5.16583846918005e-06,2000
within-run measured-initial-state sensitivity,held,2,confirmation,S-R,meanCrossTerm,40,40,40,3.19372910775734e-20,-2.42907070626276e-20,8.3021519100423e-20,2000
within-run measured-initial-state sensitivity,held,2,confirmation,R-P2,measuredModelRMS,40,40,40,-0.00011691019406691,-0.00016143461763997,-1.81308551643004e-05,2000
within-run measured-initial-state sensitivity,held,2,confirmation,R-P2,freezingRMS,40,40,40,-9.38243348307271e-05,-0.0001040205254525,-7.6861684620997e-05,2000
within-run measured-initial-state sensitivity,held,2,confirmation,R-P2,totalRMS,40,40,40,-0.000108096682268095,-0.00018130188552373,-2.44382305553698e-05,2000
within-run measured-initial-state sensitivity,held,2,confirmation,R-P2,cleanModelRMS,40,40,40,-0.000256799469347066,-0.000578547296431053,-0.000108939459195855,2000
within-run measured-initial-state sensitivity,held,2,confirmation,R-P2,initializationEffectRMS,40,40,40,6.23788040234529e-06,-1.60581382473027e-06,8.65234645541996e-06,2000
within-run measured-initial-state sensitivity,held,2,confirmation,R-P2,meanCrossTerm,40,40,40,4.90575646000035e-08,-6.48009956115554e-08,8.57893069840103e-08,2000
within-run measured-initial-state sensitivity,held,5,confirmation,S-A,measuredModelRMS,40,40,40,-0.0580742068819918,-0.0585114989150115,-0.0577320684980588,2000
within-run measured-initial-state sensitivity,held,5,confirmation,S-A,freezingRMS,40,40,40,1.62861910919735e-17,1.06639608486945e-17,3.49547614319995e-17,2000
within-run measured-initial-state sensitivity,held,5,confirmation,S-A,totalRMS,40,40,40,-0.0580742068819918,-0.0585114989150115,-0.05775135402814,2000
within-run measured-initial-state sensitivity,held,5,confirmation,S-A,cleanModelRMS,40,40,40,-0.0588659886443066,-0.0593253159988464,-0.0586356364159315,2000
within-run measured-initial-state sensitivity,held,5,confirmation,S-A,initializationEffectRMS,40,40,40,0.00026105831036574,0.000229015389023588,0.00030594220499212,2000
within-run measured-initial-state sensitivity,held,5,confirmation,S-A,meanCrossTerm,40,40,40,-7.04466284044687e-19,-1.28696548734656e-18,1.11851703238476e-18,2000
within-run measured-initial-state sensitivity,held,5,confirmation,S-W,measuredModelRMS,40,40,40,-0.0950474149925254,-0.0953227027214711,-0.094647154968979,2000
within-run measured-initial-state sensitivity,held,5,confirmation,S-W,freezingRMS,40,40,40,-1.13658463502005e-17,-2.4448350333201e-17,-7.62592192500504e-19,2000
within-run measured-initial-state sensitivity,held,5,confirmation,S-W,totalRMS,40,40,40,-0.0950474149925255,-0.0953705095397547,-0.0946471549689789,2000
within-run measured-initial-state sensitivity,held,5,confirmation,S-W,cleanModelRMS,40,40,40,-0.0959079000785373,-0.0962966984542062,-0.0956038522761074,2000
within-run measured-initial-state sensitivity,held,5,confirmation,S-W,initializationEffectRMS,40,40,40,-0.00020262271373365,-0.00029280314278209,-2.28418017802e-05,2000
within-run measured-initial-state sensitivity,held,5,confirmation,S-W,meanCrossTerm,40,40,40,-6.9321981442255e-20,-3.16599790560064e-18,3.5378677365146e-18,2000
within-run measured-initial-state sensitivity,held,5,confirmation,S-R,measuredModelRMS,40,40,40,-0.000113120686322035,-0.000207798546555135,-4.45887167103199e-05,2000
within-run measured-initial-state sensitivity,held,5,confirmation,S-R,freezingRMS,40,40,40,1.24750491358135e-17,-4.06417312837851e-18,2.02986418433765e-17,2000
within-run measured-initial-state sensitivity,held,5,confirmation,S-R,totalRMS,40,40,40,-0.000113120686322055,-0.000207798546555115,-4.4293174854755e-05,2000
within-run measured-initial-state sensitivity,held,5,confirmation,S-R,cleanModelRMS,40,40,40,-0.000252382392743515,-0.000327657643180937,-0.000158261615390026,2000
within-run measured-initial-state sensitivity,held,5,confirmation,S-R,initializationEffectRMS,40,40,40,4.03599133950506e-06,1.69273257330017e-07,7.33693593966999e-06,2000
within-run measured-initial-state sensitivity,held,5,confirmation,S-R,meanCrossTerm,40,40,40,-1.2959810701419e-20,-7.34178068637309e-20,3.94137812950216e-20,2000
within-run measured-initial-state sensitivity,held,5,confirmation,R-P2,measuredModelRMS,40,40,40,-0.00015659336761057,-0.00035758085231767,-8.72627411684999e-05,2000
within-run measured-initial-state sensitivity,held,5,confirmation,R-P2,freezingRMS,40,40,40,-0.000902051351874887,-0.0013064629229288,-0.000687735997700589,2000
within-run measured-initial-state sensitivity,held,5,confirmation,R-P2,totalRMS,40,40,40,-0.000217099542604855,-0.000379287280516755,-6.71666799826851e-05,2000
within-run measured-initial-state sensitivity,held,5,confirmation,R-P2,cleanModelRMS,40,40,40,-0.000294714607421656,-0.00044136982058044,-0.000101509123334485,2000
within-run measured-initial-state sensitivity,held,5,confirmation,R-P2,initializationEffectRMS,40,40,40,4.61370826058494e-06,-8.62970140224999e-06,1.1043509713375e-05,2000
within-run measured-initial-state sensitivity,held,5,confirmation,R-P2,meanCrossTerm,40,40,40,4.16700301372505e-07,-6.35851415795604e-08,7.92216518300578e-07,2000
within-run measured-initial-state sensitivity,held,10,confirmation,S-A,measuredModelRMS,40,40,40,-0.0854605259468265,-0.085879183846512,-0.0852939605984055,2000
within-run measured-initial-state sensitivity,held,10,confirmation,S-A,freezingRMS,40,40,40,4.1571678975231e-17,3.2735948326078e-17,5.61001079972515e-17,2000
within-run measured-initial-state sensitivity,held,10,confirmation,S-A,totalRMS,40,40,40,-0.0854605259468264,-0.085879183846512,-0.0852939605984055,2000
within-run measured-initial-state sensitivity,held,10,confirmation,S-A,cleanModelRMS,40,40,40,-0.0855628040636728,-0.0859685338623959,-0.0853338187507832,2000
within-run measured-initial-state sensitivity,held,10,confirmation,S-A,initializationEffectRMS,40,40,40,0.000114421905684528,0.000103074589913026,0.000134537103604197,2000
within-run measured-initial-state sensitivity,held,10,confirmation,S-A,meanCrossTerm,40,40,40,6.19253224334309e-19,-1.88511845967113e-18,2.6547707396276e-18,2000
within-run measured-initial-state sensitivity,held,10,confirmation,S-W,measuredModelRMS,40,40,40,-0.132958683863046,-0.133353907816955,-0.132362690232859,2000
within-run measured-initial-state sensitivity,held,10,confirmation,S-W,freezingRMS,40,40,40,-6.91300542116999e-18,-2.96307627189825e-17,1.34844713471975e-17,2000
within-run measured-initial-state sensitivity,held,10,confirmation,S-W,totalRMS,40,40,40,-0.132958683863046,-0.133353907816955,-0.132362690232859,2000
within-run measured-initial-state sensitivity,held,10,confirmation,S-W,cleanModelRMS,40,40,40,-0.133066081764765,-0.1335081123639,-0.132533161156143,2000
within-run measured-initial-state sensitivity,held,10,confirmation,S-W,initializationEffectRMS,40,40,40,-9.7874986524963e-05,-0.000129706846554848,-5.36020437635535e-05,2000
within-run measured-initial-state sensitivity,held,10,confirmation,S-W,meanCrossTerm,40,40,40,-1.05388342156112e-18,-7.47801367381654e-18,3.46160039230463e-18,2000
within-run measured-initial-state sensitivity,held,10,confirmation,S-R,measuredModelRMS,40,40,40,-0.000561852180950715,-0.000765625894093406,-0.000375933401860325,2000
within-run measured-initial-state sensitivity,held,10,confirmation,S-R,freezingRMS,40,40,40,2.3222627093632e-17,-2.0864531611935e-18,3.5961278680029e-17,2000
within-run measured-initial-state sensitivity,held,10,confirmation,S-R,totalRMS,40,40,40,-0.00056185218095078,-0.000746794137958417,-0.000382196275984207,2000
within-run measured-initial-state sensitivity,held,10,confirmation,S-R,cleanModelRMS,40,40,40,-0.000684022136932934,-0.000789137845745639,-0.000451887833237984,2000
within-run measured-initial-state sensitivity,held,10,confirmation,S-R,initializationEffectRMS,40,40,40,1.49309226055849e-06,2.26464380820128e-08,2.93235232724499e-06,2000
within-run measured-initial-state sensitivity,held,10,confirmation,S-R,meanCrossTerm,40,40,40,4.04094790754318e-21,-4.45715057575844e-20,3.85308175157656e-20,2000
within-run measured-initial-state sensitivity,held,10,confirmation,R-P2,measuredModelRMS,40,40,40,-0.000867462292845434,-0.000992527688969568,-0.000384002007198295,2000
within-run measured-initial-state sensitivity,held,10,confirmation,R-P2,freezingRMS,40,40,40,-0.00226343705655004,-0.0042424861263587,-0.00199375757964741,2000
within-run measured-initial-state sensitivity,held,10,confirmation,R-P2,totalRMS,40,40,40,-0.000415810649282985,-0.00114178520240332,-0.000162572154736756,2000
within-run measured-initial-state sensitivity,held,10,confirmation,R-P2,cleanModelRMS,40,40,40,-0.000827077647835845,-0.0009920778654993,-0.000354669548192465,2000
within-run measured-initial-state sensitivity,held,10,confirmation,R-P2,initializationEffectRMS,40,40,40,-1.38772304750484e-07,-6.49417822127951e-06,4.34888334851798e-06,2000
within-run measured-initial-state sensitivity,held,10,confirmation,R-P2,meanCrossTerm,40,40,40,1.02067524527194e-05,5.149310372218e-06,1.50729601660024e-05,2000
within-run measured-initial-state sensitivity,held,20,confirmation,S-A,measuredModelRMS,40,40,40,-0.0954497038689678,-0.0957283383357084,-0.0951905686702722,2000
within-run measured-initial-state sensitivity,held,20,confirmation,S-A,freezingRMS,40,40,40,5.7649900513155e-17,2.6614576367913e-17,7.80745515636165e-17,2000
within-run measured-initial-state sensitivity,held,20,confirmation,S-A,totalRMS,40,40,40,-0.0954497038689678,-0.0957283383357083,-0.0951905686702722,2000
within-run measured-initial-state sensitivity,held,20,confirmation,S-A,cleanModelRMS,40,40,40,-0.0954494452724933,-0.0957293857286963,-0.0951867527219247,2000
within-run measured-initial-state sensitivity,held,20,confirmation,S-A,initializationEffectRMS,40,40,40,8.33291708766431e-06,6.97752356296438e-06,9.69120763234226e-06,2000
within-run measured-initial-state sensitivity,held,20,confirmation,S-A,meanCrossTerm,40,40,40,8.87805905423024e-19,-1.64435309602051e-18,4.07806329700885e-18,2000
within-run measured-initial-state sensitivity,held,20,confirmation,S-W,measuredModelRMS,40,40,40,-0.147127502052708,-0.147410051840482,-0.146238866881506,2000
within-run measured-initial-state sensitivity,held,20,confirmation,S-W,freezingRMS,40,40,40,-3.7823746107995e-18,-1.77544588925065e-17,6.62929803323048e-18,2000
within-run measured-initial-state sensitivity,held,20,confirmation,S-W,totalRMS,40,40,40,-0.147127502052708,-0.147410051840482,-0.14627434636876,2000
within-run measured-initial-state sensitivity,held,20,confirmation,S-W,cleanModelRMS,40,40,40,-0.147127464205687,-0.147416080062796,-0.146241552293507,2000
within-run measured-initial-state sensitivity,held,20,confirmation,S-W,initializationEffectRMS,40,40,40,-1.17274370749357e-05,-1.56167982834569e-05,-8.08770272814538e-06,2000
within-run measured-initial-state sensitivity,held,20,confirmation,S-W,meanCrossTerm,40,40,40,-5.17069817262186e-18,-8.11256121651311e-18,1.0467579014129e-18,2000
within-run measured-initial-state sensitivity,held,20,confirmation,S-R,measuredModelRMS,40,40,40,-0.000852945206827819,-0.00116298750341152,-0.000446875796869469,2000
within-run measured-initial-state sensitivity,held,20,confirmation,S-R,freezingRMS,40,40,40,2.08443014190855e-17,5.45714418391852e-18,4.32064341101206e-17,2000
within-run measured-initial-state sensitivity,held,20,confirmation,S-R,totalRMS,40,40,40,-0.000852945206827758,-0.00118011993172162,-0.000446875796869491,2000
within-run measured-initial-state sensitivity,held,20,confirmation,S-R,cleanModelRMS,40,40,40,-0.000854568246796004,-0.00116891163651896,-0.000449309074992791,2000
within-run measured-initial-state sensitivity,held,20,confirmation,S-R,initializationEffectRMS,40,40,40,8.21236379006998e-08,-1.10030924762546e-09,2.43641798266831e-07,2000
within-run measured-initial-state sensitivity,held,20,confirmation,S-R,meanCrossTerm,40,40,40,-2.77830940709157e-20,-1.04132541481144e-19,2.95212924798495e-20,2000
within-run measured-initial-state sensitivity,held,20,confirmation,R-P2,measuredModelRMS,40,40,40,-0.00177626083025803,-0.00256634303848119,-0.000944836854169795,2000
within-run measured-initial-state sensitivity,held,20,confirmation,R-P2,freezingRMS,40,40,40,-0.00367591372496732,-0.00705644568441987,-0.00299228349404133,2000
within-run measured-initial-state sensitivity,held,20,confirmation,R-P2,totalRMS,40,40,40,-0.00062757610470536,-0.00185182537423887,-0.000163490333398172,2000
within-run measured-initial-state sensitivity,held,20,confirmation,R-P2,cleanModelRMS,40,40,40,-0.00177599987285458,-0.00255732796810567,-0.00094532975623871,2000
within-run measured-initial-state sensitivity,held,20,confirmation,R-P2,initializationEffectRMS,40,40,40,-1.5303899754723e-07,-9.19861029489426e-07,3.35651702861835e-07,2000
within-run measured-initial-state sensitivity,held,20,confirmation,R-P2,meanCrossTerm,40,40,40,2.548445166129e-05,1.50528248034619e-05,5.24215540899838e-05,2000
within-run measured-initial-state sensitivity,recordedRateLimited,1,confirmation,S-A,measuredModelRMS,40,40,40,-0.00968394971493639,-0.010306881202216,-0.00898992518424501,2000
within-run measured-initial-state sensitivity,recordedRateLimited,1,confirmation,S-A,freezingRMS,40,40,40,0,-6.0383814967457e-18,1.03081620004859e-17,2000
within-run measured-initial-state sensitivity,recordedRateLimited,1,confirmation,S-A,totalRMS,40,40,40,-0.00968394971493639,-0.0102591660070875,-0.00898992518424501,2000
within-run measured-initial-state sensitivity,recordedRateLimited,1,confirmation,S-A,cleanModelRMS,40,40,40,-0.0142138977174643,-0.0142871931347139,-0.01415471195418,2000
within-run measured-initial-state sensitivity,recordedRateLimited,1,confirmation,S-A,initializationEffectRMS,40,40,40,4.4886867995165e-05,1.79248055462949e-05,0.000108274097951905,2000
within-run measured-initial-state sensitivity,recordedRateLimited,1,confirmation,S-A,meanCrossTerm,40,40,40,-4.25008363361714e-20,-7.02660466361373e-20,2.5770444120108e-21,2000
within-run measured-initial-state sensitivity,recordedRateLimited,1,confirmation,S-W,measuredModelRMS,40,40,40,-0.0223913879672802,-0.022931977595822,-0.0214762183710178,2000
within-run measured-initial-state sensitivity,recordedRateLimited,1,confirmation,S-W,freezingRMS,40,40,40,0,-6.03922840368995e-18,5.6449611063228e-18,2000
within-run measured-initial-state sensitivity,recordedRateLimited,1,confirmation,S-W,totalRMS,40,40,40,-0.0223913879672802,-0.0228109916291174,-0.0214762183710178,2000
within-run measured-initial-state sensitivity,recordedRateLimited,1,confirmation,S-W,cleanModelRMS,40,40,40,-0.02720542101516,-0.0274355948762635,-0.0271285023211496,2000
within-run measured-initial-state sensitivity,recordedRateLimited,1,confirmation,S-W,initializationEffectRMS,40,40,40,-0.000208993869289015,-0.000304631598091715,-5.10425173731051e-05,2000
within-run measured-initial-state sensitivity,recordedRateLimited,1,confirmation,S-W,meanCrossTerm,40,40,40,7.71222034608935e-21,-7.78682566435168e-20,8.37364688717677e-20,2000
within-run measured-initial-state sensitivity,recordedRateLimited,1,confirmation,S-R,measuredModelRMS,40,40,40,-1.73024697987254e-05,-2.66121286146108e-05,-9.97679067018522e-06,2000
within-run measured-initial-state sensitivity,recordedRateLimited,1,confirmation,S-R,freezingRMS,40,40,40,1.03081620004859e-17,4.45159679495295e-18,1.27645433750375e-17,2000
within-run measured-initial-state sensitivity,recordedRateLimited,1,confirmation,S-R,totalRMS,40,40,40,-1.73024697987254e-05,-2.62404933554354e-05,-9.97679067018999e-06,2000
within-run measured-initial-state sensitivity,recordedRateLimited,1,confirmation,S-R,cleanModelRMS,40,40,40,-2.35727292354854e-05,-5.3200607164953e-05,-9.90249057029302e-06,2000
within-run measured-initial-state sensitivity,recordedRateLimited,1,confirmation,S-R,initializationEffectRMS,40,40,40,5.80168632440068e-07,-8.64367938320162e-07,2.2610239433004e-06,2000
within-run measured-initial-state sensitivity,recordedRateLimited,1,confirmation,S-R,meanCrossTerm,40,40,40,0,-1.30266829752031e-20,1.46369017208965e-20,2000
within-run measured-initial-state sensitivity,recordedRateLimited,1,confirmation,R-P2,measuredModelRMS,40,40,40,-5.31984400830897e-05,-8.366242026427e-05,-1.31315983735751e-05,2000
within-run measured-initial-state sensitivity,recordedRateLimited,1,confirmation,R-P2,freezingRMS,40,40,40,-1.03081620004859e-17,-1.23379185168935e-17,-4.6334130861657e-18,2000
within-run measured-initial-state sensitivity,recordedRateLimited,1,confirmation,R-P2,totalRMS,40,40,40,-5.3198440083085e-05,-8.36493635951547e-05,-1.31315983735751e-05,2000
within-run measured-initial-state sensitivity,recordedRateLimited,1,confirmation,R-P2,cleanModelRMS,40,40,40,-0.000195363724434758,-0.000432938610806025,-7.5452196088888e-05,2000
within-run measured-initial-state sensitivity,recordedRateLimited,1,confirmation,R-P2,initializationEffectRMS,40,40,40,1.63311816721995e-06,-3.82819369944883e-07,4.78802185873003e-06,2000
within-run measured-initial-state sensitivity,recordedRateLimited,1,confirmation,R-P2,meanCrossTerm,40,40,40,9.42360746132401e-21,-2.03215145289574e-20,2.80274407339192e-20,2000
within-run measured-initial-state sensitivity,recordedRateLimited,2,confirmation,S-A,measuredModelRMS,40,40,40,-0.0216586968281752,-0.0220117580227161,-0.0210250225505598,2000
within-run measured-initial-state sensitivity,recordedRateLimited,2,confirmation,S-A,freezingRMS,40,40,40,0.00214259644465879,0.00212972741755266,0.00215848272029342,2000
within-run measured-initial-state sensitivity,recordedRateLimited,2,confirmation,S-A,totalRMS,40,40,40,-0.0210277836183689,-0.0212683050764223,-0.0205161376597131,2000
within-run measured-initial-state sensitivity,recordedRateLimited,2,confirmation,S-A,cleanModelRMS,40,40,40,-0.0249628002618556,-0.0250598944751313,-0.0248637779071276,2000
within-run measured-initial-state sensitivity,recordedRateLimited,2,confirmation,S-A,initializationEffectRMS,40,40,40,0.000141464511554465,0.000103937595460237,0.00021620870256186,2000
within-run measured-initial-state sensitivity,recordedRateLimited,2,confirmation,S-A,meanCrossTerm,40,40,40,2.7953835625263e-06,2.26644186965457e-07,4.1084067850293e-06,2000
within-run measured-initial-state sensitivity,recordedRateLimited,2,confirmation,S-W,measuredModelRMS,40,40,40,-0.0448803574344087,-0.045204237025343,-0.0441526463168092,2000
within-run measured-initial-state sensitivity,recordedRateLimited,2,confirmation,S-W,freezingRMS,40,40,40,0.0001437143944555,0.000130767617514025,0.000158907216556605,2000
within-run measured-initial-state sensitivity,recordedRateLimited,2,confirmation,S-W,totalRMS,40,40,40,-0.043988754865503,-0.0443358172699916,-0.0433002843998157,2000
within-run measured-initial-state sensitivity,recordedRateLimited,2,confirmation,S-W,cleanModelRMS,40,40,40,-0.0482666922607835,-0.0483268235859982,-0.0481509334253495,2000
within-run measured-initial-state sensitivity,recordedRateLimited,2,confirmation,S-W,initializationEffectRMS,40,40,40,-0.000259155934136245,-0.00038410574043031,-5.84651651946791e-05,2000
within-run measured-initial-state sensitivity,recordedRateLimited,2,confirmation,S-W,meanCrossTerm,40,40,40,2.82533637190378e-05,2.72627716090991e-05,2.9074169647412e-05,2000
within-run measured-initial-state sensitivity,recordedRateLimited,2,confirmation,S-R,measuredModelRMS,40,40,40,-3.33291599467303e-05,-5.13945657714347e-05,-1.73117521047902e-05,2000
within-run measured-initial-state sensitivity,recordedRateLimited,2,confirmation,S-R,freezingRMS,40,40,40,4.72216340823982e-06,7.88466001915055e-07,1.68231261602943e-05,2000
within-run measured-initial-state sensitivity,recordedRateLimited,2,confirmation,S-R,totalRMS,40,40,40,-3.60145196767101e-05,-4.20417526492748e-05,-1.26317163946252e-05,2000
within-run measured-initial-state sensitivity,recordedRateLimited,2,confirmation,S-R,cleanModelRMS,40,40,40,-8.8066731898331e-05,-0.000125240895994422,-2.71626500049131e-05,2000
within-run measured-initial-state sensitivity,recordedRateLimited,2,confirmation,S-R,initializationEffectRMS,40,40,40,1.75880276650966e-06,2.78601583469928e-09,4.78204240994453e-06,2000
within-run measured-initial-state sensitivity,recordedRateLimited,2,confirmation,S-R,meanCrossTerm,40,40,40,5.85804839601999e-08,-6.00096211337226e-08,1.1990265331674e-07,2000
within-run measured-initial-state sensitivity,recordedRateLimited,2,confirmation,R-P2,measuredModelRMS,40,40,40,-8.7650651612405e-05,-0.000137451071965585,-3.05758370504798e-05,2000
within-run measured-initial-state sensitivity,recordedRateLimited,2,confirmation,R-P2,freezingRMS,40,40,40,6.59036770270065e-07,-5.44032723776742e-05,7.32218043320752e-05,2000
within-run measured-initial-state sensitivity,recordedRateLimited,2,confirmation,R-P2,totalRMS,40,40,40,1.98120736426498e-05,-7.27746589183423e-05,6.00462872126454e-05,2000
within-run measured-initial-state sensitivity,recordedRateLimited,2,confirmation,R-P2,cleanModelRMS,40,40,40,-0.000232395242326965,-0.000323103187121204,-7.6699812434632e-05,2000
within-run measured-initial-state sensitivity,recordedRateLimited,2,confirmation,R-P2,initializationEffectRMS,40,40,40,6.16023162733521e-06,-2.62992166269503e-06,9.08438612118008e-06,2000
within-run measured-initial-state sensitivity,recordedRateLimited,2,confirmation,R-P2,meanCrossTerm,40,40,40,5.01458796341637e-07,-9.85745513533007e-08,1.09754293161913e-06,2000
within-run measured-initial-state sensitivity,recordedRateLimited,5,confirmation,S-A,measuredModelRMS,40,40,40,-0.0394152283069059,-0.0396089611644558,-0.0391245422733618,2000
within-run measured-initial-state sensitivity,recordedRateLimited,5,confirmation,S-A,freezingRMS,40,40,40,0.0107749938765145,0.0106600709858204,0.0109642901099132,2000
within-run measured-initial-state sensitivity,recordedRateLimited,5,confirmation,S-A,totalRMS,40,40,40,-0.0299750765299147,-0.0301602227335015,-0.0297395434191795,2000
within-run measured-initial-state sensitivity,recordedRateLimited,5,confirmation,S-A,cleanModelRMS,40,40,40,-0.0403827245139248,-0.0405359490153123,-0.0401367020326064,2000
within-run measured-initial-state sensitivity,recordedRateLimited,5,confirmation,S-A,initializationEffectRMS,40,40,40,0.00024383963786405,0.0002026105065167,0.00027446505457101,2000
within-run measured-initial-state sensitivity,recordedRateLimited,5,confirmation,S-A,meanCrossTerm,40,40,40,2.2042723024233e-06,4.06774801259043e-07,6.24134416657363e-06,2000
within-run measured-initial-state sensitivity,recordedRateLimited,5,confirmation,S-W,measuredModelRMS,40,40,40,-0.0817626578142054,-0.0820454107283855,-0.0814456250959499,2000
within-run measured-initial-state sensitivity,recordedRateLimited,5,confirmation,S-W,freezingRMS,40,40,40,0.00597698910581275,0.00584640968387451,0.00620281110214564,2000
within-run measured-initial-state sensitivity,recordedRateLimited,5,confirmation,S-W,totalRMS,40,40,40,-0.0749459634902075,-0.0753587385753904,-0.0745298938638175,2000
within-run measured-initial-state sensitivity,recordedRateLimited,5,confirmation,S-W,cleanModelRMS,40,40,40,-0.0825702096994713,-0.0828649008878829,-0.0824046484474283,2000
within-run measured-initial-state sensitivity,recordedRateLimited,5,confirmation,S-W,initializationEffectRMS,40,40,40,-0.00020280298423885,-0.00028762864607373,-7.88631584400367e-05,2000
within-run measured-initial-state sensitivity,recordedRateLimited,5,confirmation,S-W,meanCrossTerm,40,40,40,-0.000407778843511702,-0.000414560899781452,-0.000400004973036385,2000
within-run measured-initial-state sensitivity,recordedRateLimited,5,confirmation,S-R,measuredModelRMS,40,40,40,-8.5264291961185e-05,-0.00013088685622513,-5.084796637153e-05,2000
within-run measured-initial-state sensitivity,recordedRateLimited,5,confirmation,S-R,freezingRMS,40,40,40,-2.9887651136996e-06,-1.71823171936994e-05,1.40003697940002e-05,2000
within-run measured-initial-state sensitivity,recordedRateLimited,5,confirmation,S-R,totalRMS,40,40,40,9.47819516208493e-05,3.27518299444501e-05,0.000205569251924,2000
within-run measured-initial-state sensitivity,recordedRateLimited,5,confirmation,S-R,cleanModelRMS,40,40,40,-0.000178206855443618,-0.000257990751061589,-7.7288114034615e-05,2000
within-run measured-initial-state sensitivity,recordedRateLimited,5,confirmation,S-R,initializationEffectRMS,40,40,40,3.74286408862004e-06,2.03647786860012e-07,6.49445092486007e-06,2000
within-run measured-initial-state sensitivity,recordedRateLimited,5,confirmation,S-R,meanCrossTerm,40,40,40,3.08378634350399e-06,1.41246555090225e-06,4.9060199994202e-06,2000
within-run measured-initial-state sensitivity,recordedRateLimited,5,confirmation,R-P2,measuredModelRMS,40,40,40,-7.92428940765801e-05,-0.000129138999995636,-3.092823467181e-05,2000
within-run measured-initial-state sensitivity,recordedRateLimited,5,confirmation,R-P2,freezingRMS,40,40,40,-9.93118844418005e-05,-0.0005232586207971,0.000220763686110249,2000
within-run measured-initial-state sensitivity,recordedRateLimited,5,confirmation,R-P2,totalRMS,40,40,40,-9.28788536139003e-05,-0.000390470740264,0.00011770515132635,2000
within-run measured-initial-state sensitivity,recordedRateLimited,5,confirmation,R-P2,cleanModelRMS,40,40,40,-8.57024413610099e-05,-0.00016133678096574,-5.31804497577765e-05,2000
within-run measured-initial-state sensitivity,recordedRateLimited,5,confirmation,R-P2,initializationEffectRMS,40,40,40,5.4258762887051e-06,-7.64708160283989e-06,1.120642040133e-05,2000
within-run measured-initial-state sensitivity,recordedRateLimited,5,confirmation,R-P2,meanCrossTerm,40,40,40,-6.22613484194415e-07,-1.61933045708676e-06,2.35060575748132e-06,2000
within-run measured-initial-state sensitivity,recordedRateLimited,10,confirmation,S-A,measuredModelRMS,40,40,40,-0.0454662311351572,-0.0456447599452894,-0.0453438179316098,2000
within-run measured-initial-state sensitivity,recordedRateLimited,10,confirmation,S-A,freezingRMS,40,40,40,0.0155403825649251,0.0152870996016088,0.015877209252995,2000
within-run measured-initial-state sensitivity,recordedRateLimited,10,confirmation,S-A,totalRMS,40,40,40,-0.0308790484089282,-0.0310715206312076,-0.0306867391881949,2000
within-run measured-initial-state sensitivity,recordedRateLimited,10,confirmation,S-A,cleanModelRMS,40,40,40,-0.045530058985869,-0.0457781924651601,-0.0454190456120389,2000
within-run measured-initial-state sensitivity,recordedRateLimited,10,confirmation,S-A,initializationEffectRMS,40,40,40,0.000101111621098951,9.02215255790655e-05,0.000107205358226516,2000
within-run measured-initial-state sensitivity,recordedRateLimited,10,confirmation,S-A,meanCrossTerm,40,40,40,-1.51064919287889e-07,-1.99808541709045e-06,1.00617451430725e-06,2000
within-run measured-initial-state sensitivity,recordedRateLimited,10,confirmation,S-W,measuredModelRMS,40,40,40,-0.0973503008208005,-0.0975005361922528,-0.0972088451950712,2000
within-run measured-initial-state sensitivity,recordedRateLimited,10,confirmation,S-W,freezingRMS,40,40,40,0.00770457952875227,0.00752694114023167,0.00808905202381949,2000
within-run measured-initial-state sensitivity,recordedRateLimited,10,confirmation,S-W,totalRMS,40,40,40,-0.0865672060021053,-0.0868477716156655,-0.0863491575550012,2000
within-run measured-initial-state sensitivity,recordedRateLimited,10,confirmation,S-W,cleanModelRMS,40,40,40,-0.0974457025398523,-0.0976240695871257,-0.0972430771273642,2000
within-run measured-initial-state sensitivity,recordedRateLimited,10,confirmation,S-W,initializationEffectRMS,40,40,40,-0.000111065173141166,-0.000130264360454504,-7.0322911006275e-05,2000
within-run measured-initial-state sensitivity,recordedRateLimited,10,confirmation,S-W,meanCrossTerm,40,40,40,-0.000712045966243145,-0.000729771529806076,-0.000700233436296785,2000
within-run measured-initial-state sensitivity,recordedRateLimited,10,confirmation,S-R,measuredModelRMS,40,40,40,-0.000180250361842198,-0.000299858240703379,-0.000109101683949263,2000
within-run measured-initial-state sensitivity,recordedRateLimited,10,confirmation,S-R,freezingRMS,40,40,40,3.07135015314985e-06,-3.9477854890101e-05,6.06887416779011e-05,2000
within-run measured-initial-state sensitivity,recordedRateLimited,10,confirmation,S-R,totalRMS,40,40,40,9.61387224571487e-05,1.2973318980849e-05,0.000284855455343449,2000
within-run measured-initial-state sensitivity,recordedRateLimited,10,confirmation,S-R,cleanModelRMS,40,40,40,-0.000186105886869258,-0.000301970246004535,-8.88812317523576e-05,2000
within-run measured-initial-state sensitivity,recordedRateLimited,10,confirmation,S-R,initializationEffectRMS,40,40,40,1.59379530685098e-06,6.79348727339931e-08,2.57238126885349e-06,2000
within-run measured-initial-state sensitivity,recordedRateLimited,10,confirmation,S-R,meanCrossTerm,40,40,40,4.90899899098794e-06,1.88491238140873e-06,7.20334335107337e-06,2000
within-run measured-initial-state sensitivity,recordedRateLimited,10,confirmation,R-P2,measuredModelRMS,40,40,40,-8.24974550759555e-05,-0.000139014686386081,-3.86307255979201e-05,2000
within-run measured-initial-state sensitivity,recordedRateLimited,10,confirmation,R-P2,freezingRMS,40,40,40,-8.362742544095e-05,-0.0006655946510314,0.000325729387497,2000
within-run measured-initial-state sensitivity,recordedRateLimited,10,confirmation,R-P2,totalRMS,40,40,40,-9.26491964161015e-05,-0.000467558174666101,0.0003024778107406,2000
within-run measured-initial-state sensitivity,recordedRateLimited,10,confirmation,R-P2,cleanModelRMS,40,40,40,-8.67108614952565e-05,-0.000148767402938044,-1.60707568868201e-05,2000
within-run measured-initial-state sensitivity,recordedRateLimited,10,confirmation,R-P2,initializationEffectRMS,40,40,40,2.10448476312299e-06,-3.78009828155302e-06,4.43198830468201e-06,2000
within-run measured-initial-state sensitivity,recordedRateLimited,10,confirmation,R-P2,meanCrossTerm,40,40,40,6.15790064791055e-07,-2.78256302082934e-06,2.51983296318633e-06,2000
within-run measured-initial-state sensitivity,recordedRateLimited,20,confirmation,S-A,measuredModelRMS,40,40,40,-0.0512653356017889,-0.0515129992312965,-0.0511474485062791,2000
within-run measured-initial-state sensitivity,recordedRateLimited,20,confirmation,S-A,freezingRMS,40,40,40,0.0360735732748157,0.0358509117495166,0.036210788401492,2000
within-run measured-initial-state sensitivity,recordedRateLimited,20,confirmation,S-A,totalRMS,40,40,40,-0.0168167754393519,-0.0170459607141611,-0.0165346679759441,2000
within-run measured-initial-state sensitivity,recordedRateLimited,20,confirmation,S-A,cleanModelRMS,40,40,40,-0.0512675309232122,-0.051512510968761,-0.0511474818540148,2000
within-run measured-initial-state sensitivity,recordedRateLimited,20,confirmation,S-A,initializationEffectRMS,40,40,40,5.18292532945389e-06,4.8596077099005e-06,5.80135508418565e-06,2000
within-run measured-initial-state sensitivity,recordedRateLimited,20,confirmation,S-A,meanCrossTerm,40,40,40,-1.78670336451343e-05,-2.1724146970349e-05,-1.39777192892533e-05,2000
within-run measured-initial-state sensitivity,recordedRateLimited,20,confirmation,S-W,measuredModelRMS,40,40,40,-0.117959447858643,-0.118222806559076,-0.117723897536414,2000
within-run measured-initial-state sensitivity,recordedRateLimited,20,confirmation,S-W,freezingRMS,40,40,40,-0.000840090952254648,-0.00112724926006005,-0.0005762146622184,2000
within-run measured-initial-state sensitivity,recordedRateLimited,20,confirmation,S-W,totalRMS,40,40,40,-0.107705602059452,-0.107999124734149,-0.107497509261569,2000
within-run measured-initial-state sensitivity,recordedRateLimited,20,confirmation,S-W,cleanModelRMS,40,40,40,-0.117959723397229,-0.118226923763938,-0.117723920389084,2000
within-run measured-initial-state sensitivity,recordedRateLimited,20,confirmation,S-W,initializationEffectRMS,40,40,40,-1.25833677162587e-05,-1.50292386308971e-05,-1.06452180310161e-05,2000
within-run measured-initial-state sensitivity,recordedRateLimited,20,confirmation,S-W,meanCrossTerm,40,40,40,-0.00503707600051646,-0.00507070043715657,-0.00499064746859584,2000
within-run measured-initial-state sensitivity,recordedRateLimited,20,confirmation,S-R,measuredModelRMS,40,40,40,-0.000169260595780375,-0.00027858678228138,-9.82862233768974e-05,2000
within-run measured-initial-state sensitivity,recordedRateLimited,20,confirmation,S-R,freezingRMS,40,40,40,0.00020357964067505,9.90450290141998e-05,0.000383286219076549,2000
within-run measured-initial-state sensitivity,recordedRateLimited,20,confirmation,S-R,totalRMS,40,40,40,0.000406773980185602,0.000174750221608497,0.0007168209156534,2000
within-run measured-initial-state sensitivity,recordedRateLimited,20,confirmation,S-R,cleanModelRMS,40,40,40,-0.000169360852649375,-0.000278558352669735,-9.83003758672606e-05,2000
within-run measured-initial-state sensitivity,recordedRateLimited,20,confirmation,S-R,initializationEffectRMS,40,40,40,9.38461598987105e-08,-2.34422613078494e-09,1.40184550575135e-07,2000
within-run measured-initial-state sensitivity,recordedRateLimited,20,confirmation,S-R,meanCrossTerm,40,40,40,1.49443555509765e-05,4.81076386086801e-06,2.44806930608743e-05,2000
within-run measured-initial-state sensitivity,recordedRateLimited,20,confirmation,R-P2,measuredModelRMS,40,40,40,-0.000225610756990035,-0.000336374395267275,-0.00015090624781625,2000
within-run measured-initial-state sensitivity,recordedRateLimited,20,confirmation,R-P2,freezingRMS,40,40,40,0.000112670254872101,-0.000461614725779349,0.000704538419563474,2000
within-run measured-initial-state sensitivity,recordedRateLimited,20,confirmation,R-P2,totalRMS,40,40,40,0.000110581259534101,-0.000327271344689899,0.000671161996291348,2000
within-run measured-initial-state sensitivity,recordedRateLimited,20,confirmation,R-P2,cleanModelRMS,40,40,40,-0.00022552949086522,-0.000336644798249489,-0.000150981283221315,2000
within-run measured-initial-state sensitivity,recordedRateLimited,20,confirmation,R-P2,initializationEffectRMS,40,40,40,1.2031789757536e-07,-2.63358072741295e-07,2.69095250564404e-07,2000
within-run measured-initial-state sensitivity,recordedRateLimited,20,confirmation,R-P2,meanCrossTerm,40,40,40,-3.26014173864248e-06,-1.02331631357654e-05,1.3409367520512e-05,2000
