campaign,window,contrast,metric,attemptedPairs,completePairs,finitePairs,medianDifference,lower95,upper95,bootstrapResamples
pilot,whole,S-A,trackingRMS,1,1,1,-0.00678380000532157,-0.00678380000532157,-0.00678380000532157,2000
pilot,whole,S-A,inputRMS,1,1,1,0.00344160583956565,0.00344160583956565,0.00344160583956565,2000
pilot,whole,S-A,meanAbsoluteIncrement,1,1,1,-0.000928472424869332,-0.000928472424869332,-0.000928472424869332,2000
pilot,whole,S-A,peakTrackingError,1,1,1,0.0049147279598768,0.0049147279598768,0.0049147279598768,2000
pilot,whole,S-A,totalInputVariation,1,1,1,-1.11323843741833,-1.11323843741833,-1.11323843741833,2000
pilot,whole,S-A,predictionTrueRMS,1,1,1,-0.0104461887283561,-0.0104461887283561,-0.0104461887283561,2000
pilot,whole,S-A,predictionMeasuredRMS,1,1,1,-0.00792698459996203,-0.00792698459996203,-0.00792698459996203,2000
pilot,whole,S-A,parameterScaledRMSPercent,1,1,0,NaN,NaN,NaN,2000
pilot,whole,S-A,parameterFinalScaledPercent,1,1,0,NaN,NaN,NaN,2000
pilot,whole,S-W,trackingRMS,1,1,1,-0.0275232287380455,-0.0275232287380455,-0.0275232287380455,2000
pilot,whole,S-W,inputRMS,1,1,1,0.00650983283622153,0.00650983283622153,0.00650983283622153,2000
pilot,whole,S-W,meanAbsoluteIncrement,1,1,1,-0.00375769734216128,-0.00375769734216128,-0.00375769734216128,2000
pilot,whole,S-W,peakTrackingError,1,1,1,-0.237014551681852,-0.237014551681852,-0.237014551681852,2000
pilot,whole,S-W,totalInputVariation,1,1,1,-4.50547911325138,-4.50547911325138,-4.50547911325138,2000
pilot,whole,S-W,predictionTrueRMS,1,1,1,-0.022308245485634,-0.022308245485634,-0.022308245485634,2000
pilot,whole,S-W,predictionMeasuredRMS,1,1,1,-0.0187807451684312,-0.0187807451684312,-0.0187807451684312,2000
pilot,whole,S-W,parameterScaledRMSPercent,1,1,0,NaN,NaN,NaN,2000
pilot,whole,S-W,parameterFinalScaledPercent,1,1,0,NaN,NaN,NaN,2000
pilot,whole,S-R,trackingRMS,1,1,1,1.16477586010744e-05,1.16477586010744e-05,1.16477586010744e-05,2000
pilot,whole,S-R,inputRMS,1,1,1,6.39289975631896e-05,6.39289975631896e-05,6.39289975631896e-05,2000
pilot,whole,S-R,meanAbsoluteIncrement,1,1,1,-4.04067936698588e-05,-4.04067936698588e-05,-4.04067936698588e-05,2000
pilot,whole,S-R,peakTrackingError,1,1,1,0.000504803948656263,0.000504803948656263,0.000504803948656263,2000
pilot,whole,S-R,totalInputVariation,1,1,1,-0.0484477456101615,-0.0484477456101615,-0.0484477456101615,2000
pilot,whole,S-R,predictionTrueRMS,1,1,1,-1.45947505605128e-05,-1.45947505605128e-05,-1.45947505605128e-05,2000
pilot,whole,S-R,predictionMeasuredRMS,1,1,1,-8.35750384476849e-06,-8.35750384476849e-06,-8.35750384476849e-06,2000
pilot,whole,S-R,parameterScaledRMSPercent,1,1,1,0.0250614963544231,0.0250614963544231,0.0250614963544231,2000
pilot,whole,S-R,parameterFinalScaledPercent,1,1,1,0.0346985018210977,0.0346985018210977,0.0346985018210977,2000
pilot,whole,R-P2,trackingRMS,1,1,1,-0.000178658345360842,-0.000178658345360842,-0.000178658345360842,2000
pilot,whole,R-P2,inputRMS,1,1,1,9.41562787669659e-05,9.41562787669659e-05,9.41562787669659e-05,2000
pilot,whole,R-P2,meanAbsoluteIncrement,1,1,1,-6.52674923821983e-06,-6.52674923821983e-06,-6.52674923821983e-06,2000
pilot,whole,R-P2,peakTrackingError,1,1,1,-0.00443072658144883,-0.00443072658144883,-0.00443072658144883,2000
pilot,whole,R-P2,totalInputVariation,1,1,1,-0.00782557233662473,-0.00782557233662473,-0.00782557233662473,2000
pilot,whole,R-P2,predictionTrueRMS,1,1,1,-2.40028613222249e-05,-2.40028613222249e-05,-2.40028613222249e-05,2000
pilot,whole,R-P2,predictionMeasuredRMS,1,1,1,-1.12261369006588e-05,-1.12261369006588e-05,-1.12261369006588e-05,2000
pilot,whole,R-P2,parameterScaledRMSPercent,1,1,1,-0.179133709234726,-0.179133709234726,-0.179133709234726,2000
pilot,whole,R-P2,parameterFinalScaledPercent,1,1,1,-0.000670301972293952,-0.000670301972293952,-0.000670301972293952,2000
pilot,stationary,S-A,trackingRMS,1,1,1,-0.00422779107035071,-0.00422779107035071,-0.00422779107035071,2000
pilot,stationary,S-A,inputRMS,1,1,1,0.00247795204624829,0.00247795204624829,0.00247795204624829,2000
pilot,stationary,S-A,meanAbsoluteIncrement,1,1,1,-0.000664722249691076,-0.000664722249691076,-0.000664722249691076,2000
pilot,stationary,S-A,peakTrackingError,1,1,1,0.0749093662353355,0.0749093662353355,0.0749093662353355,2000
pilot,stationary,S-A,totalInputVariation,1,1,1,-0.398833349814645,-0.398833349814645,-0.398833349814645,2000
pilot,stationary,S-A,predictionTrueRMS,1,1,1,-0.00898216151617527,-0.00898216151617527,-0.00898216151617527,2000
pilot,stationary,S-A,predictionMeasuredRMS,1,1,1,-0.00691792847034694,-0.00691792847034694,-0.00691792847034694,2000
pilot,stationary,S-A,parameterScaledRMSPercent,1,1,0,NaN,NaN,NaN,2000
pilot,stationary,S-A,parameterFinalScaledPercent,1,1,0,NaN,NaN,NaN,2000
pilot,stationary,S-W,trackingRMS,1,1,1,-0.0309449364927146,-0.0309449364927146,-0.0309449364927146,2000
pilot,stationary,S-W,inputRMS,1,1,1,0.00440486848708482,0.00440486848708482,0.00440486848708482,2000
pilot,stationary,S-W,meanAbsoluteIncrement,1,1,1,-0.00386948897060116,-0.00386948897060116,-0.00386948897060116,2000
pilot,stationary,S-W,peakTrackingError,1,1,1,-0.237014551681852,-0.237014551681852,-0.237014551681852,2000
pilot,stationary,S-W,totalInputVariation,1,1,1,-2.3216933823607,-2.3216933823607,-2.3216933823607,2000
pilot,stationary,S-W,predictionTrueRMS,1,1,1,-0.0197135904055394,-0.0197135904055394,-0.0197135904055394,2000
pilot,stationary,S-W,predictionMeasuredRMS,1,1,1,-0.0164965500788977,-0.0164965500788977,-0.0164965500788977,2000
pilot,stationary,S-W,parameterScaledRMSPercent,1,1,0,NaN,NaN,NaN,2000
pilot,stationary,S-W,parameterFinalScaledPercent,1,1,0,NaN,NaN,NaN,2000
pilot,stationary,S-R,trackingRMS,1,1,1,2.81568298117416e-05,2.81568298117416e-05,2.81568298117416e-05,2000
pilot,stationary,S-R,inputRMS,1,1,1,1.50378924114736e-05,1.50378924114736e-05,1.50378924114736e-05,2000
pilot,stationary,S-R,meanAbsoluteIncrement,1,1,1,-2.29509789745931e-05,-2.29509789745931e-05,-2.29509789745931e-05,2000
pilot,stationary,S-R,peakTrackingError,1,1,1,0.000504803948656263,0.000504803948656263,0.000504803948656263,2000
pilot,stationary,S-R,totalInputVariation,1,1,1,-0.0137705873847551,-0.0137705873847551,-0.0137705873847551,2000
pilot,stationary,S-R,predictionTrueRMS,1,1,1,-9.60632041371954e-06,-9.60632041371954e-06,-9.60632041371954e-06,2000
pilot,stationary,S-R,predictionMeasuredRMS,1,1,1,-7.71044164554063e-06,-7.71044164554063e-06,-7.71044164554063e-06,2000
pilot,stationary,S-R,parameterScaledRMSPercent,1,1,1,0.0273810036956839,0.0273810036956839,0.0273810036956839,2000
pilot,stationary,S-R,parameterFinalScaledPercent,1,1,1,0.0346985018210977,0.0346985018210977,0.0346985018210977,2000
pilot,stationary,R-P2,trackingRMS,1,1,1,-0.000203113794982529,-0.000203113794982529,-0.000203113794982529,2000
pilot,stationary,R-P2,inputRMS,1,1,1,7.99407760500026e-05,7.99407760500026e-05,7.99407760500026e-05,2000
pilot,stationary,R-P2,meanAbsoluteIncrement,1,1,1,5.39384882156969e-05,5.39384882156969e-05,5.39384882156969e-05,2000
pilot,stationary,R-P2,peakTrackingError,1,1,1,-0.00443072658144883,-0.00443072658144883,-0.00443072658144883,2000
pilot,stationary,R-P2,totalInputVariation,1,1,1,0.032363092929419,0.032363092929419,0.032363092929419,2000
pilot,stationary,R-P2,predictionTrueRMS,1,1,1,-1.04973048087207e-05,-1.04973048087207e-05,-1.04973048087207e-05,2000
pilot,stationary,R-P2,predictionMeasuredRMS,1,1,1,-1.14632170447465e-05,-1.14632170447465e-05,-1.14632170447465e-05,2000
pilot,stationary,R-P2,parameterScaledRMSPercent,1,1,1,-0.167056132527537,-0.167056132527537,-0.167056132527537,2000
pilot,stationary,R-P2,parameterFinalScaledPercent,1,1,1,-0.000670301972293952,-0.000670301972293952,-0.000670301972293952,2000
confirmation,whole,S-A,trackingRMS,40,40,40,-0.00689668606241468,-0.00696162051899572,-0.006854479645045,2000
confirmation,whole,S-A,inputRMS,40,40,40,0.00433214488475903,0.00431963633567159,0.00434325899725285,2000
confirmation,whole,S-A,meanAbsoluteIncrement,40,40,40,-0.000794892298056804,-0.000820520949861526,-0.000770389122760327,2000
confirmation,whole,S-A,peakTrackingError,40,40,40,0.00698778710375209,0.0051370166946636,0.00848966733429313,2000
confirmation,whole,S-A,totalInputVariation,40,40,40,-0.953075865370108,-0.983804618883969,-0.922400590974355,2000
confirmation,whole,S-A,predictionTrueRMS,40,40,40,-0.0106983281256352,-0.0108666741329212,-0.0106157478021644,2000
confirmation,whole,S-A,predictionMeasuredRMS,40,40,40,-0.00804279407424237,-0.00808027216902436,-0.00795419018738258,2000
confirmation,whole,S-A,parameterScaledRMSPercent,40,40,0,NaN,NaN,NaN,2000
confirmation,whole,S-A,parameterFinalScaledPercent,40,40,0,NaN,NaN,NaN,2000
confirmation,whole,S-W,trackingRMS,40,40,40,-0.0274321969695934,-0.0275297493742558,-0.0273687669128118,2000
confirmation,whole,S-W,inputRMS,40,40,40,0.00847257992420569,0.00844224773263244,0.00851451864560146,2000
confirmation,whole,S-W,meanAbsoluteIncrement,40,40,40,-0.00345599669541947,-0.00350105240798963,-0.00337383578546851,2000
confirmation,whole,S-W,peakTrackingError,40,40,40,-0.231834836792357,-0.232758023907943,-0.230030295635879,2000
confirmation,whole,S-W,totalInputVariation,40,40,40,-4.14374003780794,-4.19776183717957,-4.04522910677675,2000
confirmation,whole,S-W,predictionTrueRMS,40,40,40,-0.0226004989879069,-0.0227372418486042,-0.0225332387354555,2000
confirmation,whole,S-W,predictionMeasuredRMS,40,40,40,-0.0188945598684829,-0.0189798581081895,-0.0188198846685918,2000
confirmation,whole,S-W,parameterScaledRMSPercent,40,40,0,NaN,NaN,NaN,2000
confirmation,whole,S-W,parameterFinalScaledPercent,40,40,0,NaN,NaN,NaN,2000
confirmation,whole,S-R,trackingRMS,40,40,40,1.93650489314912e-05,7.67865456200237e-06,3.06186987465672e-05,2000
confirmation,whole,S-R,inputRMS,40,40,40,6.01706163750049e-05,3.430572697663e-05,8.46934442681746e-05,2000
confirmation,whole,S-R,meanAbsoluteIncrement,40,40,40,-4.02900607988704e-05,-4.21025658131034e-05,-3.83381012487808e-05,2000
confirmation,whole,S-R,peakTrackingError,40,40,40,0.000920328632082412,0.000336914398973875,0.00145189652745954,2000
confirmation,whole,S-R,totalInputVariation,40,40,40,-0.0483077828978455,-0.0503509578808732,-0.0458851281763568,2000
confirmation,whole,S-R,predictionTrueRMS,40,40,40,-1.64040854460585e-05,-2.02287764247857e-05,-1.42644000816483e-05,2000
confirmation,whole,S-R,predictionMeasuredRMS,40,40,40,-8.87241120834433e-06,-9.36279378787805e-06,-8.42919977354314e-06,2000
confirmation,whole,S-R,parameterScaledRMSPercent,40,40,40,0.0040034387925147,-0.00734211597812635,0.00999213640090441,2000
confirmation,whole,S-R,parameterFinalScaledPercent,40,40,40,0.0223098572863641,0.0199260862671604,0.0294536764697914,2000
confirmation,whole,R-P2,trackingRMS,40,40,40,2.15187181206097e-05,-1.1491238376786e-05,5.03509810522777e-05,2000
confirmation,whole,R-P2,inputRMS,40,40,40,-1.72288392660813e-05,-5.36907523667474e-05,2.35992472197299e-06,2000
confirmation,whole,R-P2,meanAbsoluteIncrement,40,40,40,-2.66480408769969e-05,-3.2682231649349e-05,-2.20697148706969e-05,2000
confirmation,whole,R-P2,peakTrackingError,40,40,40,0.000837345942950762,-6.43816899608685e-05,0.00190672147612904,2000
confirmation,whole,R-P2,totalInputVariation,40,40,40,-0.0319510010115192,-0.0391859957475695,-0.0262577383954508,2000
confirmation,whole,R-P2,predictionTrueRMS,40,40,40,-1.48884722305865e-05,-2.00203065446676e-05,-1.00076475390712e-05,2000
confirmation,whole,R-P2,predictionMeasuredRMS,40,40,40,-8.11126067410111e-06,-9.32336525553881e-06,-6.99774070059278e-06,2000
confirmation,whole,R-P2,parameterScaledRMSPercent,40,40,40,-0.164373924380769,-0.219764829235742,-0.116449970365302,2000
confirmation,whole,R-P2,parameterFinalScaledPercent,40,40,40,-0.082244222513896,-0.139958499415326,-0.0632324196935937,2000
confirmation,stationary,S-A,trackingRMS,40,40,40,-0.00384082340925215,-0.00395391787960587,-0.00374480998419967,2000
confirmation,stationary,S-A,inputRMS,40,40,40,0.00298923857379477,0.00296886177626488,0.00300715632866058,2000
confirmation,stationary,S-A,meanAbsoluteIncrement,40,40,40,-0.000483520996743168,-0.000511264870604339,-0.00044362608165615,2000
confirmation,stationary,S-A,peakTrackingError,40,40,40,0.0804511846990493,0.079507930064605,0.0825662107149188,2000
confirmation,stationary,S-A,totalInputVariation,40,40,40,-0.290112598045901,-0.308511290606166,-0.26617564899369,2000
confirmation,stationary,S-A,predictionTrueRMS,40,40,40,-0.00926093432692131,-0.00938609477049128,-0.00917934945699611,2000
confirmation,stationary,S-A,predictionMeasuredRMS,40,40,40,-0.00674631439511928,-0.00683649735130043,-0.00668983294448193,2000
confirmation,stationary,S-A,parameterScaledRMSPercent,40,40,0,NaN,NaN,NaN,2000
confirmation,stationary,S-A,parameterFinalScaledPercent,40,40,0,NaN,NaN,NaN,2000
confirmation,stationary,S-W,trackingRMS,40,40,40,-0.030026714770665,-0.0301523621707957,-0.0299476111897248,2000
confirmation,stationary,S-W,inputRMS,40,40,40,0.00571540187720118,0.00568445493086164,0.00575004490414563,2000
confirmation,stationary,S-W,meanAbsoluteIncrement,40,40,40,-0.00340312627990837,-0.00346439068371163,-0.00331844940833456,2000
confirmation,stationary,S-W,peakTrackingError,40,40,40,-0.231834836792357,-0.232758023907943,-0.230019234454321,2000
confirmation,stationary,S-W,totalInputVariation,40,40,40,-2.04187576794502,-2.07644695286927,-1.98906922630212,2000
confirmation,stationary,S-W,predictionTrueRMS,40,40,40,-0.0198231536563767,-0.0199963760976426,-0.0196794814903814,2000
confirmation,stationary,S-W,predictionMeasuredRMS,40,40,40,-0.0162143235297432,-0.0163711540399679,-0.0161274015624739,2000
confirmation,stationary,S-W,parameterScaledRMSPercent,40,40,0,NaN,NaN,NaN,2000
confirmation,stationary,S-W,parameterFinalScaledPercent,40,40,0,NaN,NaN,NaN,2000
confirmation,stationary,S-R,trackingRMS,40,40,40,4.16893434028315e-05,1.74228030093934e-05,8.01867462361106e-05,2000
confirmation,stationary,S-R,inputRMS,40,40,40,1.5531586056633e-05,2.90597552451144e-06,2.59237142175572e-05,2000
confirmation,stationary,S-R,meanAbsoluteIncrement,40,40,40,-2.06411440752015e-05,-2.19262363103517e-05,-1.31460417813339e-05,2000
confirmation,stationary,S-R,peakTrackingError,40,40,40,0.00101039111995854,0.000572829103458516,0.00145018197694546,2000
confirmation,stationary,S-R,totalInputVariation,40,40,40,-0.0123846864451211,-0.0131557417862105,-0.00828930988891408,2000
confirmation,stationary,S-R,predictionTrueRMS,40,40,40,-9.70355911588013e-06,-1.15284354137886e-05,-8.01516599995911e-06,2000
confirmation,stationary,S-R,predictionMeasuredRMS,40,40,40,-5.08738847262297e-06,-6.04769126762075e-06,-4.34480355460815e-06,2000
confirmation,stationary,S-R,parameterScaledRMSPercent,40,40,40,0.00746140582085363,-0.00570907100424638,0.0114964730799835,2000
confirmation,stationary,S-R,parameterFinalScaledPercent,40,40,40,0.0223098572863641,0.0199260862671604,0.02861382645978,2000
confirmation,stationary,R-P2,trackingRMS,40,40,40,0.000128045346175061,7.00680846625265e-05,0.000202564706577875,2000
confirmation,stationary,R-P2,inputRMS,40,40,40,-6.07999928922687e-06,-3.32969712376618e-05,1.88958355168967e-05,2000
confirmation,stationary,R-P2,meanAbsoluteIncrement,40,40,40,3.17140964343487e-05,2.10222958645905e-05,3.82348169850767e-05,2000
confirmation,stationary,R-P2,peakTrackingError,40,40,40,0.00177735440714688,-0.000195420976336236,0.0027276692692158,2000
confirmation,stationary,R-P2,totalInputVariation,40,40,40,0.0190284578606095,0.0126736739338453,0.0225804983740927,2000
confirmation,stationary,R-P2,predictionTrueRMS,40,40,40,-3.57984760679473e-06,-8.33846207108808e-06,-2.18627467626475e-06,2000
confirmation,stationary,R-P2,predictionMeasuredRMS,40,40,40,-5.97148023628608e-06,-7.19002266742069e-06,-2.884853789944e-06,2000
confirmation,stationary,R-P2,parameterScaledRMSPercent,40,40,40,-0.160466172364916,-0.197343056512884,-0.104624229723601,2000
confirmation,stationary,R-P2,parameterFinalScaledPercent,40,40,40,-0.082244222513896,-0.144484387643646,-0.0496475998098695,2000
