campaign,model,noise,attempted,completed,incomplete,runsWithIdentificationRejections,onlineIdentificationRejections,runsWithInitializationRejections,initializationRejections,totalIdentificationRejections,runsWithControlRejections,controlRejections,invalidForecasts,invalidMeasuredAuditQueries
pilot,A,0,1,1,0,0,0,0,0,0,0,0,0,0
pilot,A,1,1,1,0,0,0,0,0,0,0,0,0,0
pilot,S,0,1,1,0,0,0,0,0,0,0,0,0,0
pilot,S,1,1,1,0,0,0,0,0,0,0,0,0,0
pilot,W,0,1,1,0,0,0,0,0,0,0,0,0,0
pilot,W,1,1,1,0,0,0,0,0,0,0,0,0,0
pilot,R,0,1,1,0,0,0,0,0,0,0,0,0,0
pilot,R,1,1,1,0,0,0,0,0,0,0,0,0,0
pilot,P2,0,1,1,0,0,0,0,0,0,0,0,0,0
pilot,P2,1,1,1,0,0,0,0,0,0,0,0,0,0
pilot,K,0,1,1,0,0,0,0,0,0,0,0,0,0
pilot,K,1,1,1,0,0,0,0,0,0,0,0,0,0
confirmation,A,0,1,1,0,0,0,0,0,0,0,0,0,0
confirmation,A,1,40,40,0,0,0,0,0,0,0,0,0,0
confirmation,S,0,1,1,0,0,0,0,0,0,0,0,0,0
confirmation,S,1,40,40,0,0,0,0,0,0,0,0,0,0
confirmation,W,0,1,1,0,0,0,0,0,0,0,0,0,0
confirmation,W,1,40,40,0,0,0,0,0,0,0,0,0,0
confirmation,R,0,1,1,0,0,0,0,0,0,0,0,0,0
confirmation,R,1,40,40,0,0,0,0,0,0,0,0,0,0
confirmation,P2,0,1,1,0,0,0,0,0,0,0,0,0,0
confirmation,P2,1,40,40,0,0,0,0,0,0,0,0,0,0
confirmation,K,0,1,1,0,0,0,0,0,0,0,0,0,0
confirmation,K,1,40,40,0,0,0,0,0,0,0,0,0,0
