runId,executionStatus,identifier,message,stackEntries
"R_double_A_000","COMPLETED","","",0
"R_double_A_001","COMPLETED","","",0
"R_double_A_002","COMPLETED","","",0
"R_double_A_003","COMPLETED","","",0
"R_double_A_004","COMPLETED","","",0
"R_double_A_005","COMPLETED","","",0
"R_double_A_006","COMPLETED","","",0
"R_double_A_007","COMPLETED","","",0
"R_double_A_008","COMPLETED","","",0
"R_double_A_009","COMPLETED","","",0
"R_double_A_010","COMPLETED","","",0
"R_double_A_011","COMPLETED","","",0
"R_double_A_012","COMPLETED","","",0
"R_double_A_013","COMPLETED","","",0
"R_double_A_014","COMPLETED","","",0
"R_double_A_015","COMPLETED","","",0
"R_double_A_016","COMPLETED","","",0
"R_double_A_017","COMPLETED","","",0
"R_double_A_018","COMPLETED","","",0
"R_double_A_019","COMPLETED","","",0
"R_double_A_020","COMPLETED","","",0
"R_double_A_021","COMPLETED","","",0
"R_double_A_022","COMPLETED","","",0
"R_double_A_023","COMPLETED","","",0
"R_double_A_024","COMPLETED","","",0
"R_double_A_025","COMPLETED","","",0
"R_double_A_026","COMPLETED","","",0
"R_double_A_027","COMPLETED","","",0
"R_double_A_028","COMPLETED","","",0
"R_double_A_029","COMPLETED","","",0
"R_double_A_030","COMPLETED","","",0
"R_double_A_031","COMPLETED","","",0
"R_double_A_032","COMPLETED","","",0
"R_double_A_033","COMPLETED","","",0
"R_double_A_034","COMPLETED","","",0
"R_double_A_035","COMPLETED","","",0
"R_double_A_036","COMPLETED","","",0
"R_double_A_037","COMPLETED","","",0
"R_double_A_038","COMPLETED","","",0
"R_double_A_039","COMPLETED","","",0
"R_double_A_040","COMPLETED","","",0
"R_double_K_000","COMPLETED","","",0
"R_double_K_001","COMPLETED","","",0
"R_double_K_002","COMPLETED","","",0
"R_double_K_003","COMPLETED","","",0
"R_double_K_004","COMPLETED","","",0
"R_double_K_005","COMPLETED","","",0
"R_double_K_006","COMPLETED","","",0
"R_double_K_007","COMPLETED","","",0
"R_double_K_008","COMPLETED","","",0
"R_double_K_009","COMPLETED","","",0
"R_double_K_010","COMPLETED","","",0
"R_double_K_011","COMPLETED","","",0
"R_double_K_012","COMPLETED","","",0
"R_double_K_013","COMPLETED","","",0
"R_double_K_014","COMPLETED","","",0
"R_double_K_015","COMPLETED","","",0
"R_double_K_016","COMPLETED","","",0
"R_double_K_017","COMPLETED","","",0
"R_double_K_018","COMPLETED","","",0
"R_double_K_019","COMPLETED","","",0
"R_double_K_020","COMPLETED","","",0
"R_double_K_021","COMPLETED","","",0
"R_double_K_022","COMPLETED","","",0
"R_double_K_023","COMPLETED","","",0
"R_double_K_024","COMPLETED","","",0
"R_double_K_025","COMPLETED","","",0
"R_double_K_026","COMPLETED","","",0
"R_double_K_027","COMPLETED","","",0
"R_double_K_028","COMPLETED","","",0
"R_double_K_029","COMPLETED","","",0
"R_double_K_030","COMPLETED","","",0
"R_double_K_031","COMPLETED","","",0
"R_double_K_032","COMPLETED","","",0
"R_double_K_033","COMPLETED","","",0
"R_double_K_034","COMPLETED","","",0
"R_double_K_035","COMPLETED","","",0
"R_double_K_036","COMPLETED","","",0
"R_double_K_037","COMPLETED","","",0
"R_double_K_038","COMPLETED","","",0
"R_double_K_039","COMPLETED","","",0
"R_double_K_040","COMPLETED","","",0
"R_double_P2_000","COMPLETED","","",0
"R_double_P2_001","COMPLETED","","",0
"R_double_P2_002","COMPLETED","","",0
"R_double_P2_003","COMPLETED","","",0
"R_double_P2_004","COMPLETED","","",0
"R_double_P2_005","COMPLETED","","",0
"R_double_P2_006","COMPLETED","","",0
"R_double_P2_007","COMPLETED","","",0
"R_double_P2_008","COMPLETED","","",0
"R_double_P2_009","COMPLETED","","",0
"R_double_P2_010","COMPLETED","","",0
"R_double_P2_011","COMPLETED","","",0
"R_double_P2_012","COMPLETED","","",0
"R_double_P2_013","COMPLETED","","",0
"R_double_P2_014","COMPLETED","","",0
"R_double_P2_015","COMPLETED","","",0
"R_double_P2_016","COMPLETED","","",0
"R_double_P2_017","COMPLETED","","",0
"R_double_P2_018","COMPLETED","","",0
"R_double_P2_019","COMPLETED","","",0
"R_double_P2_020","COMPLETED","","",0
"R_double_P2_021","COMPLETED","","",0
"R_double_P2_022","COMPLETED","","",0
"R_double_P2_023","COMPLETED","","",0
"R_double_P2_024","COMPLETED","","",0
"R_double_P2_025","COMPLETED","","",0
"R_double_P2_026","COMPLETED","","",0
"R_double_P2_027","COMPLETED","","",0
"R_double_P2_028","COMPLETED","","",0
"R_double_P2_029","COMPLETED","","",0
"R_double_P2_030","COMPLETED","","",0
"R_double_P2_031","COMPLETED","","",0
"R_double_P2_032","COMPLETED","","",0
"R_double_P2_033","COMPLETED","","",0
"R_double_P2_034","COMPLETED","","",0
"R_double_P2_035","COMPLETED","","",0
"R_double_P2_036","COMPLETED","","",0
"R_double_P2_037","COMPLETED","","",0
"R_double_P2_038","COMPLETED","","",0
"R_double_P2_039","COMPLETED","","",0
"R_double_P2_040","COMPLETED","","",0
"R_double_R_000","COMPLETED","","",0
"R_double_R_001","COMPLETED","","",0
"R_double_R_002","COMPLETED","","",0
"R_double_R_003","COMPLETED","","",0
"R_double_R_004","COMPLETED","","",0
"R_double_R_005","COMPLETED","","",0
"R_double_R_006","COMPLETED","","",0
"R_double_R_007","COMPLETED","","",0
"R_double_R_008","COMPLETED","","",0
"R_double_R_009","COMPLETED","","",0
"R_double_R_010","COMPLETED","","",0
"R_double_R_011","COMPLETED","","",0
"R_double_R_012","COMPLETED","","",0
"R_double_R_013","COMPLETED","","",0
"R_double_R_014","COMPLETED","","",0
"R_double_R_015","COMPLETED","","",0
"R_double_R_016","COMPLETED","","",0
"R_double_R_017","COMPLETED","","",0
"R_double_R_018","COMPLETED","","",0
"R_double_R_019","COMPLETED","","",0
"R_double_R_020","COMPLETED","","",0
"R_double_R_021","COMPLETED","","",0
"R_double_R_022","COMPLETED","","",0
"R_double_R_023","COMPLETED","","",0
"R_double_R_024","COMPLETED","","",0
"R_double_R_025","COMPLETED","","",0
"R_double_R_026","COMPLETED","","",0
"R_double_R_027","COMPLETED","","",0
"R_double_R_028","COMPLETED","","",0
"R_double_R_029","COMPLETED","","",0
"R_double_R_030","COMPLETED","","",0
"R_double_R_031","COMPLETED","","",0
"R_double_R_032","COMPLETED","","",0
"R_double_R_033","COMPLETED","","",0
"R_double_R_034","COMPLETED","","",0
"R_double_R_035","COMPLETED","","",0
"R_double_R_036","COMPLETED","","",0
"R_double_R_037","COMPLETED","","",0
"R_double_R_038","COMPLETED","","",0
"R_double_R_039","COMPLETED","","",0
"R_double_R_040","COMPLETED","","",0
"R_double_S_000","COMPLETED","","",0
"R_double_S_001","COMPLETED","","",0
"R_double_S_002","COMPLETED","","",0
"R_double_S_003","COMPLETED","","",0
"R_double_S_004","COMPLETED","","",0
"R_double_S_005","COMPLETED","","",0
"R_double_S_006","COMPLETED","","",0
"R_double_S_007","COMPLETED","","",0
"R_double_S_008","COMPLETED","","",0
"R_double_S_009","COMPLETED","","",0
"R_double_S_010","COMPLETED","","",0
"R_double_S_011","COMPLETED","","",0
"R_double_S_012","COMPLETED","","",0
"R_double_S_013","COMPLETED","","",0
"R_double_S_014","COMPLETED","","",0
"R_double_S_015","COMPLETED","","",0
"R_double_S_016","COMPLETED","","",0
"R_double_S_017","COMPLETED","","",0
"R_double_S_018","COMPLETED","","",0
"R_double_S_019","COMPLETED","","",0
"R_double_S_020","COMPLETED","","",0
"R_double_S_021","COMPLETED","","",0
"R_double_S_022","COMPLETED","","",0
"R_double_S_023","COMPLETED","","",0
"R_double_S_024","COMPLETED","","",0
"R_double_S_025","COMPLETED","","",0
"R_double_S_026","COMPLETED","","",0
"R_double_S_027","COMPLETED","","",0
"R_double_S_028","COMPLETED","","",0
"R_double_S_029","COMPLETED","","",0
"R_double_S_030","COMPLETED","","",0
"R_double_S_031","COMPLETED","","",0
"R_double_S_032","COMPLETED","","",0
"R_double_S_033","COMPLETED","","",0
"R_double_S_034","COMPLETED","","",0
"R_double_S_035","COMPLETED","","",0
"R_double_S_036","COMPLETED","","",0
"R_double_S_037","COMPLETED","","",0
"R_double_S_038","COMPLETED","","",0
"R_double_S_039","COMPLETED","","",0
"R_double_S_040","COMPLETED","","",0
"R_double_W_000","COMPLETED","","",0
"R_double_W_001","COMPLETED","","",0
"R_double_W_002","COMPLETED","","",0
"R_double_W_003","COMPLETED","","",0
"R_double_W_004","COMPLETED","","",0
"R_double_W_005","COMPLETED","","",0
"R_double_W_006","COMPLETED","","",0
"R_double_W_007","COMPLETED","","",0
"R_double_W_008","COMPLETED","","",0
"R_double_W_009","COMPLETED","","",0
"R_double_W_010","COMPLETED","","",0
"R_double_W_011","COMPLETED","","",0
"R_double_W_012","COMPLETED","","",0
"R_double_W_013","COMPLETED","","",0
"R_double_W_014","COMPLETED","","",0
"R_double_W_015","COMPLETED","","",0
"R_double_W_016","COMPLETED","","",0
"R_double_W_017","COMPLETED","","",0
"R_double_W_018","COMPLETED","","",0
"R_double_W_019","COMPLETED","","",0
"R_double_W_020","COMPLETED","","",0
"R_double_W_021","COMPLETED","","",0
"R_double_W_022","COMPLETED","","",0
"R_double_W_023","COMPLETED","","",0
"R_double_W_024","COMPLETED","","",0
"R_double_W_025","COMPLETED","","",0
"R_double_W_026","COMPLETED","","",0
"R_double_W_027","COMPLETED","","",0
"R_double_W_028","COMPLETED","","",0
"R_double_W_029","COMPLETED","","",0
"R_double_W_030","COMPLETED","","",0
"R_double_W_031","COMPLETED","","",0
"R_double_W_032","COMPLETED","","",0
"R_double_W_033","COMPLETED","","",0
"R_double_W_034","COMPLETED","","",0
"R_double_W_035","COMPLETED","","",0
"R_double_W_036","COMPLETED","","",0
"R_double_W_037","COMPLETED","","",0
"R_double_W_038","COMPLETED","","",0
"R_double_W_039","COMPLETED","","",0
"R_double_W_040","COMPLETED","","",0
"R_half_A_000","COMPLETED","","",0
"R_half_A_001","COMPLETED","","",0
"R_half_A_002","COMPLETED","","",0
"R_half_A_003","COMPLETED","","",0
"R_half_A_004","COMPLETED","","",0
"R_half_A_005","COMPLETED","","",0
"R_half_A_006","COMPLETED","","",0
"R_half_A_007","COMPLETED","","",0
"R_half_A_008","COMPLETED","","",0
"R_half_A_009","COMPLETED","","",0
"R_half_A_010","COMPLETED","","",0
"R_half_A_011","COMPLETED","","",0
"R_half_A_012","COMPLETED","","",0
"R_half_A_013","COMPLETED","","",0
"R_half_A_014","COMPLETED","","",0
"R_half_A_015","COMPLETED","","",0
"R_half_A_016","COMPLETED","","",0
"R_half_A_017","COMPLETED","","",0
"R_half_A_018","COMPLETED","","",0
"R_half_A_019","COMPLETED","","",0
"R_half_A_020","COMPLETED","","",0
"R_half_A_021","COMPLETED","","",0
"R_half_A_022","COMPLETED","","",0
"R_half_A_023","COMPLETED","","",0
"R_half_A_024","COMPLETED","","",0
"R_half_A_025","COMPLETED","","",0
"R_half_A_026","COMPLETED","","",0
"R_half_A_027","COMPLETED","","",0
"R_half_A_028","COMPLETED","","",0
"R_half_A_029","COMPLETED","","",0
"R_half_A_030","COMPLETED","","",0
"R_half_A_031","COMPLETED","","",0
"R_half_A_032","COMPLETED","","",0
"R_half_A_033","COMPLETED","","",0
"R_half_A_034","COMPLETED","","",0
"R_half_A_035","COMPLETED","","",0
"R_half_A_036","COMPLETED","","",0
"R_half_A_037","COMPLETED","","",0
"R_half_A_038","COMPLETED","","",0
"R_half_A_039","COMPLETED","","",0
"R_half_A_040","COMPLETED","","",0
"R_half_K_000","COMPLETED","","",0
"R_half_K_001","COMPLETED","","",0
"R_half_K_002","COMPLETED","","",0
"R_half_K_003","COMPLETED","","",0
"R_half_K_004","COMPLETED","","",0
"R_half_K_005","COMPLETED","","",0
"R_half_K_006","COMPLETED","","",0
"R_half_K_007","COMPLETED","","",0
"R_half_K_008","COMPLETED","","",0
"R_half_K_009","COMPLETED","","",0
"R_half_K_010","COMPLETED","","",0
"R_half_K_011","COMPLETED","","",0
"R_half_K_012","COMPLETED","","",0
"R_half_K_013","COMPLETED","","",0
"R_half_K_014","COMPLETED","","",0
"R_half_K_015","COMPLETED","","",0
"R_half_K_016","COMPLETED","","",0
"R_half_K_017","COMPLETED","","",0
"R_half_K_018","COMPLETED","","",0
"R_half_K_019","COMPLETED","","",0
"R_half_K_020","COMPLETED","","",0
"R_half_K_021","COMPLETED","","",0
"R_half_K_022","COMPLETED","","",0
"R_half_K_023","COMPLETED","","",0
"R_half_K_024","COMPLETED","","",0
"R_half_K_025","COMPLETED","","",0
"R_half_K_026","COMPLETED","","",0
"R_half_K_027","COMPLETED","","",0
"R_half_K_028","COMPLETED","","",0
"R_half_K_029","COMPLETED","","",0
"R_half_K_030","COMPLETED","","",0
"R_half_K_031","COMPLETED","","",0
"R_half_K_032","COMPLETED","","",0
"R_half_K_033","COMPLETED","","",0
"R_half_K_034","COMPLETED","","",0
"R_half_K_035","COMPLETED","","",0
"R_half_K_036","COMPLETED","","",0
"R_half_K_037","COMPLETED","","",0
"R_half_K_038","COMPLETED","","",0
"R_half_K_039","COMPLETED","","",0
"R_half_K_040","COMPLETED","","",0
"R_half_P2_000","COMPLETED","","",0
"R_half_P2_001","COMPLETED","","",0
"R_half_P2_002","COMPLETED","","",0
"R_half_P2_003","COMPLETED","","",0
"R_half_P2_004","COMPLETED","","",0
"R_half_P2_005","COMPLETED","","",0
"R_half_P2_006","COMPLETED","","",0
"R_half_P2_007","COMPLETED","","",0
"R_half_P2_008","COMPLETED","","",0
"R_half_P2_009","COMPLETED","","",0
"R_half_P2_010","COMPLETED","","",0
"R_half_P2_011","COMPLETED","","",0
"R_half_P2_012","COMPLETED","","",0
"R_half_P2_013","COMPLETED","","",0
"R_half_P2_014","COMPLETED","","",0
"R_half_P2_015","COMPLETED","","",0
"R_half_P2_016","COMPLETED","","",0
"R_half_P2_017","COMPLETED","","",0
"R_half_P2_018","COMPLETED","","",0
"R_half_P2_019","COMPLETED","","",0
"R_half_P2_020","COMPLETED","","",0
"R_half_P2_021","COMPLETED","","",0
"R_half_P2_022","COMPLETED","","",0
"R_half_P2_023","COMPLETED","","",0
"R_half_P2_024","COMPLETED","","",0
"R_half_P2_025","COMPLETED","","",0
"R_half_P2_026","COMPLETED","","",0
"R_half_P2_027","COMPLETED","","",0
"R_half_P2_028","COMPLETED","","",0
"R_half_P2_029","COMPLETED","","",0
"R_half_P2_030","COMPLETED","","",0
"R_half_P2_031","COMPLETED","","",0
"R_half_P2_032","COMPLETED","","",0
"R_half_P2_033","COMPLETED","","",0
"R_half_P2_034","COMPLETED","","",0
"R_half_P2_035","COMPLETED","","",0
"R_half_P2_036","COMPLETED","","",0
"R_half_P2_037","COMPLETED","","",0
"R_half_P2_038","COMPLETED","","",0
"R_half_P2_039","COMPLETED","","",0
"R_half_P2_040","COMPLETED","","",0
"R_half_R_000","COMPLETED","","",0
"R_half_R_001","COMPLETED","","",0
"R_half_R_002","COMPLETED","","",0
"R_half_R_003","COMPLETED","","",0
"R_half_R_004","COMPLETED","","",0
"R_half_R_005","COMPLETED","","",0
"R_half_R_006","COMPLETED","","",0
"R_half_R_007","COMPLETED","","",0
"R_half_R_008","COMPLETED","","",0
"R_half_R_009","COMPLETED","","",0
"R_half_R_010","COMPLETED","","",0
"R_half_R_011","COMPLETED","","",0
"R_half_R_012","COMPLETED","","",0
"R_half_R_013","COMPLETED","","",0
"R_half_R_014","COMPLETED","","",0
"R_half_R_015","COMPLETED","","",0
"R_half_R_016","COMPLETED","","",0
"R_half_R_017","COMPLETED","","",0
"R_half_R_018","COMPLETED","","",0
"R_half_R_019","COMPLETED","","",0
"R_half_R_020","COMPLETED","","",0
"R_half_R_021","COMPLETED","","",0
"R_half_R_022","COMPLETED","","",0
"R_half_R_023","COMPLETED","","",0
"R_half_R_024","COMPLETED","","",0
"R_half_R_025","COMPLETED","","",0
"R_half_R_026","COMPLETED","","",0
"R_half_R_027","COMPLETED","","",0
"R_half_R_028","COMPLETED","","",0
"R_half_R_029","COMPLETED","","",0
"R_half_R_030","COMPLETED","","",0
"R_half_R_031","COMPLETED","","",0
"R_half_R_032","COMPLETED","","",0
"R_half_R_033","COMPLETED","","",0
"R_half_R_034","COMPLETED","","",0
"R_half_R_035","COMPLETED","","",0
"R_half_R_036","COMPLETED","","",0
"R_half_R_037","COMPLETED","","",0
"R_half_R_038","COMPLETED","","",0
"R_half_R_039","COMPLETED","","",0
"R_half_R_040","COMPLETED","","",0
"R_half_S_000","COMPLETED","","",0
"R_half_S_001","COMPLETED","","",0
"R_half_S_002","COMPLETED","","",0
"R_half_S_003","COMPLETED","","",0
"R_half_S_004","COMPLETED","","",0
"R_half_S_005","COMPLETED","","",0
"R_half_S_006","COMPLETED","","",0
"R_half_S_007","COMPLETED","","",0
"R_half_S_008","COMPLETED","","",0
"R_half_S_009","COMPLETED","","",0
"R_half_S_010","COMPLETED","","",0
"R_half_S_011","COMPLETED","","",0
"R_half_S_012","COMPLETED","","",0
"R_half_S_013","COMPLETED","","",0
"R_half_S_014","COMPLETED","","",0
"R_half_S_015","COMPLETED","","",0
"R_half_S_016","COMPLETED","","",0
"R_half_S_017","COMPLETED","","",0
"R_half_S_018","COMPLETED","","",0
"R_half_S_019","COMPLETED","","",0
"R_half_S_020","COMPLETED","","",0
"R_half_S_021","COMPLETED","","",0
"R_half_S_022","COMPLETED","","",0
"R_half_S_023","COMPLETED","","",0
"R_half_S_024","COMPLETED","","",0
"R_half_S_025","COMPLETED","","",0
"R_half_S_026","COMPLETED","","",0
"R_half_S_027","COMPLETED","","",0
"R_half_S_028","COMPLETED","","",0
"R_half_S_029","COMPLETED","","",0
"R_half_S_030","COMPLETED","","",0
"R_half_S_031","COMPLETED","","",0
"R_half_S_032","COMPLETED","","",0
"R_half_S_033","COMPLETED","","",0
"R_half_S_034","COMPLETED","","",0
"R_half_S_035","COMPLETED","","",0
"R_half_S_036","COMPLETED","","",0
"R_half_S_037","COMPLETED","","",0
"R_half_S_038","COMPLETED","","",0
"R_half_S_039","COMPLETED","","",0
"R_half_S_040","COMPLETED","","",0
"R_half_W_000","COMPLETED","","",0
"R_half_W_001","COMPLETED","","",0
"R_half_W_002","COMPLETED","","",0
"R_half_W_003","COMPLETED","","",0
"R_half_W_004","COMPLETED","","",0
"R_half_W_005","COMPLETED","","",0
"R_half_W_006","COMPLETED","","",0
"R_half_W_007","COMPLETED","","",0
"R_half_W_008","COMPLETED","","",0
"R_half_W_009","COMPLETED","","",0
"R_half_W_010","COMPLETED","","",0
"R_half_W_011","COMPLETED","","",0
"R_half_W_012","COMPLETED","","",0
"R_half_W_013","COMPLETED","","",0
"R_half_W_014","COMPLETED","","",0
"R_half_W_015","COMPLETED","","",0
"R_half_W_016","COMPLETED","","",0
"R_half_W_017","COMPLETED","","",0
"R_half_W_018","COMPLETED","","",0
"R_half_W_019","COMPLETED","","",0
"R_half_W_020","COMPLETED","","",0
"R_half_W_021","COMPLETED","","",0
"R_half_W_022","COMPLETED","","",0
"R_half_W_023","COMPLETED","","",0
"R_half_W_024","COMPLETED","","",0
"R_half_W_025","COMPLETED","","",0
"R_half_W_026","COMPLETED","","",0
"R_half_W_027","COMPLETED","","",0
"R_half_W_028","COMPLETED","","",0
"R_half_W_029","COMPLETED","","",0
"R_half_W_030","COMPLETED","","",0
"R_half_W_031","COMPLETED","","",0
"R_half_W_032","COMPLETED","","",0
"R_half_W_033","COMPLETED","","",0
"R_half_W_034","COMPLETED","","",0
"R_half_W_035","COMPLETED","","",0
"R_half_W_036","COMPLETED","","",0
"R_half_W_037","COMPLETED","","",0
"R_half_W_038","COMPLETED","","",0
"R_half_W_039","COMPLETED","","",0
"R_half_W_040","COMPLETED","","",0
"baseline_A_000","COMPLETED","","",0
"baseline_A_001","COMPLETED","","",0
"baseline_A_002","COMPLETED","","",0
"baseline_A_003","COMPLETED","","",0
"baseline_A_004","COMPLETED","","",0
"baseline_A_005","COMPLETED","","",0
"baseline_A_006","COMPLETED","","",0
"baseline_A_007","COMPLETED","","",0
"baseline_A_008","COMPLETED","","",0
"baseline_A_009","COMPLETED","","",0
"baseline_A_010","COMPLETED","","",0
"baseline_A_011","COMPLETED","","",0
"baseline_A_012","COMPLETED","","",0
"baseline_A_013","COMPLETED","","",0
"baseline_A_014","COMPLETED","","",0
"baseline_A_015","COMPLETED","","",0
"baseline_A_016","COMPLETED","","",0
"baseline_A_017","COMPLETED","","",0
"baseline_A_018","COMPLETED","","",0
"baseline_A_019","COMPLETED","","",0
"baseline_A_020","COMPLETED","","",0
"baseline_A_021","COMPLETED","","",0
"baseline_A_022","COMPLETED","","",0
"baseline_A_023","COMPLETED","","",0
"baseline_A_024","COMPLETED","","",0
"baseline_A_025","COMPLETED","","",0
"baseline_A_026","COMPLETED","","",0
"baseline_A_027","COMPLETED","","",0
"baseline_A_028","COMPLETED","","",0
"baseline_A_029","COMPLETED","","",0
"baseline_A_030","COMPLETED","","",0
"baseline_A_031","COMPLETED","","",0
"baseline_A_032","COMPLETED","","",0
"baseline_A_033","COMPLETED","","",0
"baseline_A_034","COMPLETED","","",0
"baseline_A_035","COMPLETED","","",0
"baseline_A_036","COMPLETED","","",0
"baseline_A_037","COMPLETED","","",0
"baseline_A_038","COMPLETED","","",0
"baseline_A_039","COMPLETED","","",0
"baseline_A_040","COMPLETED","","",0
"baseline_K_000","COMPLETED","","",0
"baseline_K_001","COMPLETED","","",0
"baseline_K_002","COMPLETED","","",0
"baseline_K_003","COMPLETED","","",0
"baseline_K_004","COMPLETED","","",0
"baseline_K_005","COMPLETED","","",0
"baseline_K_006","COMPLETED","","",0
"baseline_K_007","COMPLETED","","",0
"baseline_K_008","COMPLETED","","",0
"baseline_K_009","COMPLETED","","",0
"baseline_K_010","COMPLETED","","",0
"baseline_K_011","COMPLETED","","",0
"baseline_K_012","COMPLETED","","",0
"baseline_K_013","COMPLETED","","",0
"baseline_K_014","COMPLETED","","",0
"baseline_K_015","COMPLETED","","",0
"baseline_K_016","COMPLETED","","",0
"baseline_K_017","COMPLETED","","",0
"baseline_K_018","COMPLETED","","",0
"baseline_K_019","COMPLETED","","",0
"baseline_K_020","COMPLETED","","",0
"baseline_K_021","COMPLETED","","",0
"baseline_K_022","COMPLETED","","",0
"baseline_K_023","COMPLETED","","",0
"baseline_K_024","COMPLETED","","",0
"baseline_K_025","COMPLETED","","",0
"baseline_K_026","COMPLETED","","",0
"baseline_K_027","COMPLETED","","",0
"baseline_K_028","COMPLETED","","",0
"baseline_K_029","COMPLETED","","",0
"baseline_K_030","COMPLETED","","",0
"baseline_K_031","COMPLETED","","",0
"baseline_K_032","COMPLETED","","",0
"baseline_K_033","COMPLETED","","",0
"baseline_K_034","COMPLETED","","",0
"baseline_K_035","COMPLETED","","",0
"baseline_K_036","COMPLETED","","",0
"baseline_K_037","COMPLETED","","",0
"baseline_K_038","COMPLETED","","",0
"baseline_K_039","COMPLETED","","",0
"baseline_K_040","COMPLETED","","",0
"baseline_P2_000","COMPLETED","","",0
"baseline_P2_001","COMPLETED","","",0
"baseline_P2_002","COMPLETED","","",0
"baseline_P2_003","COMPLETED","","",0
"baseline_P2_004","COMPLETED","","",0
"baseline_P2_005","COMPLETED","","",0
"baseline_P2_006","COMPLETED","","",0
"baseline_P2_007","COMPLETED","","",0
"baseline_P2_008","COMPLETED","","",0
"baseline_P2_009","COMPLETED","","",0
"baseline_P2_010","COMPLETED","","",0
"baseline_P2_011","COMPLETED","","",0
"baseline_P2_012","COMPLETED","","",0
"baseline_P2_013","COMPLETED","","",0
"baseline_P2_014","COMPLETED","","",0
"baseline_P2_015","COMPLETED","","",0
"baseline_P2_016","COMPLETED","","",0
"baseline_P2_017","COMPLETED","","",0
"baseline_P2_018","COMPLETED","","",0
"baseline_P2_019","COMPLETED","","",0
"baseline_P2_020","COMPLETED","","",0
"baseline_P2_021","COMPLETED","","",0
"baseline_P2_022","COMPLETED","","",0
"baseline_P2_023","COMPLETED","","",0
"baseline_P2_024","COMPLETED","","",0
"baseline_P2_025","COMPLETED","","",0
"baseline_P2_026","COMPLETED","","",0
"baseline_P2_027","COMPLETED","","",0
"baseline_P2_028","COMPLETED","","",0
"baseline_P2_029","COMPLETED","","",0
"baseline_P2_030","COMPLETED","","",0
"baseline_P2_031","COMPLETED","","",0
"baseline_P2_032","COMPLETED","","",0
"baseline_P2_033","COMPLETED","","",0
"baseline_P2_034","COMPLETED","","",0
"baseline_P2_035","COMPLETED","","",0
"baseline_P2_036","COMPLETED","","",0
"baseline_P2_037","COMPLETED","","",0
"baseline_P2_038","COMPLETED","","",0
"baseline_P2_039","COMPLETED","","",0
"baseline_P2_040","COMPLETED","","",0
"baseline_R_000","COMPLETED","","",0
"baseline_R_001","COMPLETED","","",0
"baseline_R_002","COMPLETED","","",0
"baseline_R_003","COMPLETED","","",0
"baseline_R_004","COMPLETED","","",0
"baseline_R_005","COMPLETED","","",0
"baseline_R_006","COMPLETED","","",0
"baseline_R_007","COMPLETED","","",0
"baseline_R_008","COMPLETED","","",0
"baseline_R_009","COMPLETED","","",0
"baseline_R_010","COMPLETED","","",0
"baseline_R_011","COMPLETED","","",0
"baseline_R_012","COMPLETED","","",0
"baseline_R_013","COMPLETED","","",0
"baseline_R_014","COMPLETED","","",0
"baseline_R_015","COMPLETED","","",0
"baseline_R_016","COMPLETED","","",0
"baseline_R_017","COMPLETED","","",0
"baseline_R_018","COMPLETED","","",0
"baseline_R_019","COMPLETED","","",0
"baseline_R_020","COMPLETED","","",0
"baseline_R_021","COMPLETED","","",0
"baseline_R_022","COMPLETED","","",0
"baseline_R_023","COMPLETED","","",0
"baseline_R_024","COMPLETED","","",0
"baseline_R_025","COMPLETED","","",0
"baseline_R_026","COMPLETED","","",0
"baseline_R_027","COMPLETED","","",0
"baseline_R_028","COMPLETED","","",0
"baseline_R_029","COMPLETED","","",0
"baseline_R_030","COMPLETED","","",0
"baseline_R_031","COMPLETED","","",0
"baseline_R_032","COMPLETED","","",0
"baseline_R_033","COMPLETED","","",0
"baseline_R_034","COMPLETED","","",0
"baseline_R_035","COMPLETED","","",0
"baseline_R_036","COMPLETED","","",0
"baseline_R_037","COMPLETED","","",0
"baseline_R_038","COMPLETED","","",0
"baseline_R_039","COMPLETED","","",0
"baseline_R_040","COMPLETED","","",0
"baseline_S_000","COMPLETED","","",0
"baseline_S_001","COMPLETED","","",0
"baseline_S_002","COMPLETED","","",0
"baseline_S_003","COMPLETED","","",0
"baseline_S_004","COMPLETED","","",0
"baseline_S_005","COMPLETED","","",0
"baseline_S_006","COMPLETED","","",0
"baseline_S_007","COMPLETED","","",0
"baseline_S_008","COMPLETED","","",0
"baseline_S_009","COMPLETED","","",0
"baseline_S_010","COMPLETED","","",0
"baseline_S_011","COMPLETED","","",0
"baseline_S_012","COMPLETED","","",0
"baseline_S_013","COMPLETED","","",0
"baseline_S_014","COMPLETED","","",0
"baseline_S_015","COMPLETED","","",0
"baseline_S_016","COMPLETED","","",0
"baseline_S_017","COMPLETED","","",0
"baseline_S_018","COMPLETED","","",0
"baseline_S_019","COMPLETED","","",0
"baseline_S_020","COMPLETED","","",0
"baseline_S_021","COMPLETED","","",0
"baseline_S_022","COMPLETED","","",0
"baseline_S_023","COMPLETED","","",0
"baseline_S_024","COMPLETED","","",0
"baseline_S_025","COMPLETED","","",0
"baseline_S_026","COMPLETED","","",0
"baseline_S_027","COMPLETED","","",0
"baseline_S_028","COMPLETED","","",0
"baseline_S_029","COMPLETED","","",0
"baseline_S_030","COMPLETED","","",0
"baseline_S_031","COMPLETED","","",0
"baseline_S_032","COMPLETED","","",0
"baseline_S_033","COMPLETED","","",0
"baseline_S_034","COMPLETED","","",0
"baseline_S_035","COMPLETED","","",0
"baseline_S_036","COMPLETED","","",0
"baseline_S_037","COMPLETED","","",0
"baseline_S_038","COMPLETED","","",0
"baseline_S_039","COMPLETED","","",0
"baseline_S_040","COMPLETED","","",0
"baseline_W_000","COMPLETED","","",0
"baseline_W_001","COMPLETED","","",0
"baseline_W_002","COMPLETED","","",0
"baseline_W_003","COMPLETED","","",0
"baseline_W_004","COMPLETED","","",0
"baseline_W_005","COMPLETED","","",0
"baseline_W_006","COMPLETED","","",0
"baseline_W_007","COMPLETED","","",0
"baseline_W_008","COMPLETED","","",0
"baseline_W_009","COMPLETED","","",0
"baseline_W_010","COMPLETED","","",0
"baseline_W_011","COMPLETED","","",0
"baseline_W_012","COMPLETED","","",0
"baseline_W_013","COMPLETED","","",0
"baseline_W_014","COMPLETED","","",0
"baseline_W_015","COMPLETED","","",0
"baseline_W_016","COMPLETED","","",0
"baseline_W_017","COMPLETED","","",0
"baseline_W_018","COMPLETED","","",0
"baseline_W_019","COMPLETED","","",0
"baseline_W_020","COMPLETED","","",0
"baseline_W_021","COMPLETED","","",0
"baseline_W_022","COMPLETED","","",0
"baseline_W_023","COMPLETED","","",0
"baseline_W_024","COMPLETED","","",0
"baseline_W_025","COMPLETED","","",0
"baseline_W_026","COMPLETED","","",0
"baseline_W_027","COMPLETED","","",0
"baseline_W_028","COMPLETED","","",0
"baseline_W_029","COMPLETED","","",0
"baseline_W_030","COMPLETED","","",0
"baseline_W_031","COMPLETED","","",0
"baseline_W_032","COMPLETED","","",0
"baseline_W_033","COMPLETED","","",0
"baseline_W_034","COMPLETED","","",0
"baseline_W_035","COMPLETED","","",0
"baseline_W_036","COMPLETED","","",0
"baseline_W_037","COMPLETED","","",0
"baseline_W_038","COMPLETED","","",0
"baseline_W_039","COMPLETED","","",0
"baseline_W_040","COMPLETED","","",0
"fit_100_A_000","COMPLETED","","",0
"fit_100_A_001","COMPLETED","","",0
"fit_100_A_002","COMPLETED","","",0
"fit_100_A_003","COMPLETED","","",0
"fit_100_A_004","COMPLETED","","",0
"fit_100_A_005","COMPLETED","","",0
"fit_100_A_006","COMPLETED","","",0
"fit_100_A_007","COMPLETED","","",0
"fit_100_A_008","COMPLETED","","",0
"fit_100_A_009","COMPLETED","","",0
"fit_100_A_010","COMPLETED","","",0
"fit_100_A_011","COMPLETED","","",0
"fit_100_A_012","COMPLETED","","",0
"fit_100_A_013","COMPLETED","","",0
"fit_100_A_014","COMPLETED","","",0
"fit_100_A_015","COMPLETED","","",0
"fit_100_A_016","COMPLETED","","",0
"fit_100_A_017","COMPLETED","","",0
"fit_100_A_018","COMPLETED","","",0
"fit_100_A_019","COMPLETED","","",0
"fit_100_A_020","COMPLETED","","",0
"fit_100_A_021","COMPLETED","","",0
"fit_100_A_022","COMPLETED","","",0
"fit_100_A_023","COMPLETED","","",0
"fit_100_A_024","COMPLETED","","",0
"fit_100_A_025","COMPLETED","","",0
"fit_100_A_026","COMPLETED","","",0
"fit_100_A_027","COMPLETED","","",0
"fit_100_A_028","COMPLETED","","",0
"fit_100_A_029","COMPLETED","","",0
"fit_100_A_030","COMPLETED","","",0
"fit_100_A_031","COMPLETED","","",0
"fit_100_A_032","COMPLETED","","",0
"fit_100_A_033","COMPLETED","","",0
"fit_100_A_034","COMPLETED","","",0
"fit_100_A_035","COMPLETED","","",0
"fit_100_A_036","COMPLETED","","",0
"fit_100_A_037","COMPLETED","","",0
"fit_100_A_038","COMPLETED","","",0
"fit_100_A_039","COMPLETED","","",0
"fit_100_A_040","COMPLETED","","",0
"fit_100_P2_000","COMPLETED","","",0
"fit_100_P2_001","COMPLETED","","",0
"fit_100_P2_002","COMPLETED","","",0
"fit_100_P2_003","COMPLETED","","",0
"fit_100_P2_004","COMPLETED","","",0
"fit_100_P2_005","COMPLETED","","",0
"fit_100_P2_006","COMPLETED","","",0
"fit_100_P2_007","COMPLETED","","",0
"fit_100_P2_008","COMPLETED","","",0
"fit_100_P2_009","COMPLETED","","",0
"fit_100_P2_010","COMPLETED","","",0
"fit_100_P2_011","COMPLETED","","",0
"fit_100_P2_012","COMPLETED","","",0
"fit_100_P2_013","COMPLETED","","",0
"fit_100_P2_014","COMPLETED","","",0
"fit_100_P2_015","COMPLETED","","",0
"fit_100_P2_016","COMPLETED","","",0
"fit_100_P2_017","COMPLETED","","",0
"fit_100_P2_018","COMPLETED","","",0
"fit_100_P2_019","COMPLETED","","",0
"fit_100_P2_020","COMPLETED","","",0
"fit_100_P2_021","COMPLETED","","",0
"fit_100_P2_022","COMPLETED","","",0
"fit_100_P2_023","COMPLETED","","",0
"fit_100_P2_024","COMPLETED","","",0
"fit_100_P2_025","COMPLETED","","",0
"fit_100_P2_026","COMPLETED","","",0
"fit_100_P2_027","COMPLETED","","",0
"fit_100_P2_028","COMPLETED","","",0
"fit_100_P2_029","COMPLETED","","",0
"fit_100_P2_030","COMPLETED","","",0
"fit_100_P2_031","COMPLETED","","",0
"fit_100_P2_032","COMPLETED","","",0
"fit_100_P2_033","COMPLETED","","",0
"fit_100_P2_034","COMPLETED","","",0
"fit_100_P2_035","COMPLETED","","",0
"fit_100_P2_036","COMPLETED","","",0
"fit_100_P2_037","COMPLETED","","",0
"fit_100_P2_038","COMPLETED","","",0
"fit_100_P2_039","COMPLETED","","",0
"fit_100_P2_040","COMPLETED","","",0
"fit_100_R_000","COMPLETED","","",0
"fit_100_R_001","COMPLETED","","",0
"fit_100_R_002","COMPLETED","","",0
"fit_100_R_003","COMPLETED","","",0
"fit_100_R_004","COMPLETED","","",0
"fit_100_R_005","COMPLETED","","",0
"fit_100_R_006","COMPLETED","","",0
"fit_100_R_007","COMPLETED","","",0
"fit_100_R_008","COMPLETED","","",0
"fit_100_R_009","COMPLETED","","",0
"fit_100_R_010","COMPLETED","","",0
"fit_100_R_011","COMPLETED","","",0
"fit_100_R_012","COMPLETED","","",0
"fit_100_R_013","COMPLETED","","",0
"fit_100_R_014","COMPLETED","","",0
"fit_100_R_015","COMPLETED","","",0
"fit_100_R_016","COMPLETED","","",0
"fit_100_R_017","COMPLETED","","",0
"fit_100_R_018","COMPLETED","","",0
"fit_100_R_019","COMPLETED","","",0
"fit_100_R_020","COMPLETED","","",0
"fit_100_R_021","COMPLETED","","",0
"fit_100_R_022","COMPLETED","","",0
"fit_100_R_023","COMPLETED","","",0
"fit_100_R_024","COMPLETED","","",0
"fit_100_R_025","COMPLETED","","",0
"fit_100_R_026","COMPLETED","","",0
"fit_100_R_027","COMPLETED","","",0
"fit_100_R_028","COMPLETED","","",0
"fit_100_R_029","COMPLETED","","",0
"fit_100_R_030","COMPLETED","","",0
"fit_100_R_031","COMPLETED","","",0
"fit_100_R_032","COMPLETED","","",0
"fit_100_R_033","COMPLETED","","",0
"fit_100_R_034","COMPLETED","","",0
"fit_100_R_035","COMPLETED","","",0
"fit_100_R_036","COMPLETED","","",0
"fit_100_R_037","COMPLETED","","",0
"fit_100_R_038","COMPLETED","","",0
"fit_100_R_039","COMPLETED","","",0
"fit_100_R_040","COMPLETED","","",0
"fit_100_S_000","COMPLETED","","",0
"fit_100_S_001","COMPLETED","","",0
"fit_100_S_002","COMPLETED","","",0
"fit_100_S_003","COMPLETED","","",0
"fit_100_S_004","COMPLETED","","",0
"fit_100_S_005","COMPLETED","","",0
"fit_100_S_006","COMPLETED","","",0
"fit_100_S_007","COMPLETED","","",0
"fit_100_S_008","COMPLETED","","",0
"fit_100_S_009","COMPLETED","","",0
"fit_100_S_010","COMPLETED","","",0
"fit_100_S_011","COMPLETED","","",0
"fit_100_S_012","COMPLETED","","",0
"fit_100_S_013","COMPLETED","","",0
"fit_100_S_014","COMPLETED","","",0
"fit_100_S_015","COMPLETED","","",0
"fit_100_S_016","COMPLETED","","",0
"fit_100_S_017","COMPLETED","","",0
"fit_100_S_018","COMPLETED","","",0
"fit_100_S_019","COMPLETED","","",0
"fit_100_S_020","COMPLETED","","",0
"fit_100_S_021","COMPLETED","","",0
"fit_100_S_022","COMPLETED","","",0
"fit_100_S_023","COMPLETED","","",0
"fit_100_S_024","COMPLETED","","",0
"fit_100_S_025","COMPLETED","","",0
"fit_100_S_026","COMPLETED","","",0
"fit_100_S_027","COMPLETED","","",0
"fit_100_S_028","COMPLETED","","",0
"fit_100_S_029","COMPLETED","","",0
"fit_100_S_030","COMPLETED","","",0
"fit_100_S_031","COMPLETED","","",0
"fit_100_S_032","COMPLETED","","",0
"fit_100_S_033","COMPLETED","","",0
"fit_100_S_034","COMPLETED","","",0
"fit_100_S_035","COMPLETED","","",0
"fit_100_S_036","COMPLETED","","",0
"fit_100_S_037","COMPLETED","","",0
"fit_100_S_038","COMPLETED","","",0
"fit_100_S_039","COMPLETED","","",0
"fit_100_S_040","COMPLETED","","",0
"fit_100_W_000","COMPLETED","","",0
"fit_100_W_001","COMPLETED","","",0
"fit_100_W_002","COMPLETED","","",0
"fit_100_W_003","COMPLETED","","",0
"fit_100_W_004","COMPLETED","","",0
"fit_100_W_005","COMPLETED","","",0
"fit_100_W_006","COMPLETED","","",0
"fit_100_W_007","COMPLETED","","",0
"fit_100_W_008","COMPLETED","","",0
"fit_100_W_009","COMPLETED","","",0
"fit_100_W_010","COMPLETED","","",0
"fit_100_W_011","COMPLETED","","",0
"fit_100_W_012","COMPLETED","","",0
"fit_100_W_013","COMPLETED","","",0
"fit_100_W_014","COMPLETED","","",0
"fit_100_W_015","COMPLETED","","",0
"fit_100_W_016","COMPLETED","","",0
"fit_100_W_017","COMPLETED","","",0
"fit_100_W_018","COMPLETED","","",0
"fit_100_W_019","COMPLETED","","",0
"fit_100_W_020","COMPLETED","","",0
"fit_100_W_021","COMPLETED","","",0
"fit_100_W_022","COMPLETED","","",0
"fit_100_W_023","COMPLETED","","",0
"fit_100_W_024","COMPLETED","","",0
"fit_100_W_025","COMPLETED","","",0
"fit_100_W_026","COMPLETED","","",0
"fit_100_W_027","COMPLETED","","",0
"fit_100_W_028","COMPLETED","","",0
"fit_100_W_029","COMPLETED","","",0
"fit_100_W_030","COMPLETED","","",0
"fit_100_W_031","COMPLETED","","",0
"fit_100_W_032","COMPLETED","","",0
"fit_100_W_033","COMPLETED","","",0
"fit_100_W_034","COMPLETED","","",0
"fit_100_W_035","COMPLETED","","",0
"fit_100_W_036","COMPLETED","","",0
"fit_100_W_037","COMPLETED","","",0
"fit_100_W_038","COMPLETED","","",0
"fit_100_W_039","COMPLETED","","",0
"fit_100_W_040","COMPLETED","","",0
"fit_50_A_000","COMPLETED","","",0
"fit_50_A_001","COMPLETED","","",0
"fit_50_A_002","COMPLETED","","",0
"fit_50_A_003","COMPLETED","","",0
"fit_50_A_004","COMPLETED","","",0
"fit_50_A_005","COMPLETED","","",0
"fit_50_A_006","COMPLETED","","",0
"fit_50_A_007","COMPLETED","","",0
"fit_50_A_008","COMPLETED","","",0
"fit_50_A_009","COMPLETED","","",0
"fit_50_A_010","COMPLETED","","",0
"fit_50_A_011","COMPLETED","","",0
"fit_50_A_012","COMPLETED","","",0
"fit_50_A_013","COMPLETED","","",0
"fit_50_A_014","COMPLETED","","",0
"fit_50_A_015","COMPLETED","","",0
"fit_50_A_016","COMPLETED","","",0
"fit_50_A_017","COMPLETED","","",0
"fit_50_A_018","COMPLETED","","",0
"fit_50_A_019","COMPLETED","","",0
"fit_50_A_020","COMPLETED","","",0
"fit_50_A_021","COMPLETED","","",0
"fit_50_A_022","COMPLETED","","",0
"fit_50_A_023","COMPLETED","","",0
"fit_50_A_024","COMPLETED","","",0
"fit_50_A_025","COMPLETED","","",0
"fit_50_A_026","COMPLETED","","",0
"fit_50_A_027","COMPLETED","","",0
"fit_50_A_028","COMPLETED","","",0
"fit_50_A_029","COMPLETED","","",0
"fit_50_A_030","COMPLETED","","",0
"fit_50_A_031","COMPLETED","","",0
"fit_50_A_032","COMPLETED","","",0
"fit_50_A_033","COMPLETED","","",0
"fit_50_A_034","COMPLETED","","",0
"fit_50_A_035","COMPLETED","","",0
"fit_50_A_036","COMPLETED","","",0
"fit_50_A_037","COMPLETED","","",0
"fit_50_A_038","COMPLETED","","",0
"fit_50_A_039","COMPLETED","","",0
"fit_50_A_040","COMPLETED","","",0
"fit_50_P2_000","COMPLETED","","",0
"fit_50_P2_001","COMPLETED","","",0
"fit_50_P2_002","COMPLETED","","",0
"fit_50_P2_003","COMPLETED","","",0
"fit_50_P2_004","COMPLETED","","",0
"fit_50_P2_005","COMPLETED","","",0
"fit_50_P2_006","COMPLETED","","",0
"fit_50_P2_007","COMPLETED","","",0
"fit_50_P2_008","COMPLETED","","",0
"fit_50_P2_009","COMPLETED","","",0
"fit_50_P2_010","COMPLETED","","",0
"fit_50_P2_011","COMPLETED","","",0
"fit_50_P2_012","COMPLETED","","",0
"fit_50_P2_013","COMPLETED","","",0
"fit_50_P2_014","COMPLETED","","",0
"fit_50_P2_015","COMPLETED","","",0
"fit_50_P2_016","COMPLETED","","",0
"fit_50_P2_017","COMPLETED","","",0
"fit_50_P2_018","COMPLETED","","",0
"fit_50_P2_019","COMPLETED","","",0
"fit_50_P2_020","COMPLETED","","",0
"fit_50_P2_021","COMPLETED","","",0
"fit_50_P2_022","COMPLETED","","",0
"fit_50_P2_023","COMPLETED","","",0
"fit_50_P2_024","COMPLETED","","",0
"fit_50_P2_025","COMPLETED","","",0
"fit_50_P2_026","COMPLETED","","",0
"fit_50_P2_027","COMPLETED","","",0
"fit_50_P2_028","COMPLETED","","",0
"fit_50_P2_029","COMPLETED","","",0
"fit_50_P2_030","COMPLETED","","",0
"fit_50_P2_031","COMPLETED","","",0
"fit_50_P2_032","COMPLETED","","",0
"fit_50_P2_033","COMPLETED","","",0
"fit_50_P2_034","COMPLETED","","",0
"fit_50_P2_035","COMPLETED","","",0
"fit_50_P2_036","COMPLETED","","",0
"fit_50_P2_037","COMPLETED","","",0
"fit_50_P2_038","COMPLETED","","",0
"fit_50_P2_039","COMPLETED","","",0
"fit_50_P2_040","COMPLETED","","",0
"fit_50_R_000","COMPLETED","","",0
"fit_50_R_001","COMPLETED","","",0
"fit_50_R_002","COMPLETED","","",0
"fit_50_R_003","COMPLETED","","",0
"fit_50_R_004","COMPLETED","","",0
"fit_50_R_005","COMPLETED","","",0
"fit_50_R_006","COMPLETED","","",0
"fit_50_R_007","COMPLETED","","",0
"fit_50_R_008","COMPLETED","","",0
"fit_50_R_009","COMPLETED","","",0
"fit_50_R_010","COMPLETED","","",0
"fit_50_R_011","COMPLETED","","",0
"fit_50_R_012","COMPLETED","","",0
"fit_50_R_013","COMPLETED","","",0
"fit_50_R_014","COMPLETED","","",0
"fit_50_R_015","COMPLETED","","",0
"fit_50_R_016","COMPLETED","","",0
"fit_50_R_017","COMPLETED","","",0
"fit_50_R_018","COMPLETED","","",0
"fit_50_R_019","COMPLETED","","",0
"fit_50_R_020","COMPLETED","","",0
"fit_50_R_021","COMPLETED","","",0
"fit_50_R_022","COMPLETED","","",0
"fit_50_R_023","COMPLETED","","",0
"fit_50_R_024","COMPLETED","","",0
"fit_50_R_025","COMPLETED","","",0
"fit_50_R_026","COMPLETED","","",0
"fit_50_R_027","COMPLETED","","",0
"fit_50_R_028","COMPLETED","","",0
"fit_50_R_029","COMPLETED","","",0
"fit_50_R_030","COMPLETED","","",0
"fit_50_R_031","COMPLETED","","",0
"fit_50_R_032","COMPLETED","","",0
"fit_50_R_033","COMPLETED","","",0
"fit_50_R_034","COMPLETED","","",0
"fit_50_R_035","COMPLETED","","",0
"fit_50_R_036","COMPLETED","","",0
"fit_50_R_037","COMPLETED","","",0
"fit_50_R_038","COMPLETED","","",0
"fit_50_R_039","COMPLETED","","",0
"fit_50_R_040","COMPLETED","","",0
"fit_50_S_000","COMPLETED","","",0
"fit_50_S_001","COMPLETED","","",0
"fit_50_S_002","COMPLETED","","",0
"fit_50_S_003","COMPLETED","","",0
"fit_50_S_004","COMPLETED","","",0
"fit_50_S_005","COMPLETED","","",0
"fit_50_S_006","COMPLETED","","",0
"fit_50_S_007","COMPLETED","","",0
"fit_50_S_008","COMPLETED","","",0
"fit_50_S_009","COMPLETED","","",0
"fit_50_S_010","COMPLETED","","",0
"fit_50_S_011","COMPLETED","","",0
"fit_50_S_012","COMPLETED","","",0
"fit_50_S_013","COMPLETED","","",0
"fit_50_S_014","COMPLETED","","",0
"fit_50_S_015","COMPLETED","","",0
"fit_50_S_016","COMPLETED","","",0
"fit_50_S_017","COMPLETED","","",0
"fit_50_S_018","COMPLETED","","",0
"fit_50_S_019","COMPLETED","","",0
"fit_50_S_020","COMPLETED","","",0
"fit_50_S_021","COMPLETED","","",0
"fit_50_S_022","COMPLETED","","",0
"fit_50_S_023","COMPLETED","","",0
"fit_50_S_024","COMPLETED","","",0
"fit_50_S_025","COMPLETED","","",0
"fit_50_S_026","COMPLETED","","",0
"fit_50_S_027","COMPLETED","","",0
"fit_50_S_028","COMPLETED","","",0
"fit_50_S_029","COMPLETED","","",0
"fit_50_S_030","COMPLETED","","",0
"fit_50_S_031","COMPLETED","","",0
"fit_50_S_032","COMPLETED","","",0
"fit_50_S_033","COMPLETED","","",0
"fit_50_S_034","COMPLETED","","",0
"fit_50_S_035","COMPLETED","","",0
"fit_50_S_036","COMPLETED","","",0
"fit_50_S_037","COMPLETED","","",0
"fit_50_S_038","COMPLETED","","",0
"fit_50_S_039","COMPLETED","","",0
"fit_50_S_040","COMPLETED","","",0
"fit_50_W_000","COMPLETED","","",0
"fit_50_W_001","COMPLETED","","",0
"fit_50_W_002","COMPLETED","","",0
"fit_50_W_003","COMPLETED","","",0
"fit_50_W_004","COMPLETED","","",0
"fit_50_W_005","COMPLETED","","",0
"fit_50_W_006","COMPLETED","","",0
"fit_50_W_007","COMPLETED","","",0
"fit_50_W_008","COMPLETED","","",0
"fit_50_W_009","COMPLETED","","",0
"fit_50_W_010","COMPLETED","","",0
"fit_50_W_011","COMPLETED","","",0
"fit_50_W_012","COMPLETED","","",0
"fit_50_W_013","COMPLETED","","",0
"fit_50_W_014","COMPLETED","","",0
"fit_50_W_015","COMPLETED","","",0
"fit_50_W_016","COMPLETED","","",0
"fit_50_W_017","COMPLETED","","",0
"fit_50_W_018","COMPLETED","","",0
"fit_50_W_019","COMPLETED","","",0
"fit_50_W_020","COMPLETED","","",0
"fit_50_W_021","COMPLETED","","",0
"fit_50_W_022","COMPLETED","","",0
"fit_50_W_023","COMPLETED","","",0
"fit_50_W_024","COMPLETED","","",0
"fit_50_W_025","COMPLETED","","",0
"fit_50_W_026","COMPLETED","","",0
"fit_50_W_027","COMPLETED","","",0
"fit_50_W_028","COMPLETED","","",0
"fit_50_W_029","COMPLETED","","",0
"fit_50_W_030","COMPLETED","","",0
"fit_50_W_031","COMPLETED","","",0
"fit_50_W_032","COMPLETED","","",0
"fit_50_W_033","COMPLETED","","",0
"fit_50_W_034","COMPLETED","","",0
"fit_50_W_035","COMPLETED","","",0
"fit_50_W_036","COMPLETED","","",0
"fit_50_W_037","COMPLETED","","",0
"fit_50_W_038","COMPLETED","","",0
"fit_50_W_039","COMPLETED","","",0
"fit_50_W_040","COMPLETED","","",0
"prior_tenfold_A_000","COMPLETED","","",0
"prior_tenfold_A_001","COMPLETED","","",0
"prior_tenfold_A_002","COMPLETED","","",0
"prior_tenfold_A_003","COMPLETED","","",0
"prior_tenfold_A_004","COMPLETED","","",0
"prior_tenfold_A_005","COMPLETED","","",0
"prior_tenfold_A_006","COMPLETED","","",0
"prior_tenfold_A_007","COMPLETED","","",0
"prior_tenfold_A_008","COMPLETED","","",0
"prior_tenfold_A_009","COMPLETED","","",0
"prior_tenfold_A_010","COMPLETED","","",0
"prior_tenfold_A_011","COMPLETED","","",0
"prior_tenfold_A_012","COMPLETED","","",0
"prior_tenfold_A_013","COMPLETED","","",0
"prior_tenfold_A_014","COMPLETED","","",0
"prior_tenfold_A_015","COMPLETED","","",0
"prior_tenfold_A_016","COMPLETED","","",0
"prior_tenfold_A_017","COMPLETED","","",0
"prior_tenfold_A_018","COMPLETED","","",0
"prior_tenfold_A_019","COMPLETED","","",0
"prior_tenfold_A_020","COMPLETED","","",0
"prior_tenfold_A_021","COMPLETED","","",0
"prior_tenfold_A_022","COMPLETED","","",0
"prior_tenfold_A_023","COMPLETED","","",0
"prior_tenfold_A_024","COMPLETED","","",0
"prior_tenfold_A_025","COMPLETED","","",0
"prior_tenfold_A_026","COMPLETED","","",0
"prior_tenfold_A_027","COMPLETED","","",0
"prior_tenfold_A_028","COMPLETED","","",0
"prior_tenfold_A_029","COMPLETED","","",0
"prior_tenfold_A_030","COMPLETED","","",0
"prior_tenfold_A_031","COMPLETED","","",0
"prior_tenfold_A_032","COMPLETED","","",0
"prior_tenfold_A_033","COMPLETED","","",0
"prior_tenfold_A_034","COMPLETED","","",0
"prior_tenfold_A_035","COMPLETED","","",0
"prior_tenfold_A_036","COMPLETED","","",0
"prior_tenfold_A_037","COMPLETED","","",0
"prior_tenfold_A_038","COMPLETED","","",0
"prior_tenfold_A_039","COMPLETED","","",0
"prior_tenfold_A_040","COMPLETED","","",0
"prior_tenfold_P2_000","COMPLETED","","",0
"prior_tenfold_P2_001","COMPLETED","","",0
"prior_tenfold_P2_002","COMPLETED","","",0
"prior_tenfold_P2_003","COMPLETED","","",0
"prior_tenfold_P2_004","COMPLETED","","",0
"prior_tenfold_P2_005","COMPLETED","","",0
"prior_tenfold_P2_006","COMPLETED","","",0
"prior_tenfold_P2_007","COMPLETED","","",0
"prior_tenfold_P2_008","COMPLETED","","",0
"prior_tenfold_P2_009","COMPLETED","","",0
"prior_tenfold_P2_010","COMPLETED","","",0
"prior_tenfold_P2_011","COMPLETED","","",0
"prior_tenfold_P2_012","COMPLETED","","",0
"prior_tenfold_P2_013","COMPLETED","","",0
"prior_tenfold_P2_014","COMPLETED","","",0
"prior_tenfold_P2_015","COMPLETED","","",0
"prior_tenfold_P2_016","COMPLETED","","",0
"prior_tenfold_P2_017","COMPLETED","","",0
"prior_tenfold_P2_018","COMPLETED","","",0
"prior_tenfold_P2_019","COMPLETED","","",0
"prior_tenfold_P2_020","COMPLETED","","",0
"prior_tenfold_P2_021","COMPLETED","","",0
"prior_tenfold_P2_022","COMPLETED","","",0
"prior_tenfold_P2_023","COMPLETED","","",0
"prior_tenfold_P2_024","COMPLETED","","",0
"prior_tenfold_P2_025","COMPLETED","","",0
"prior_tenfold_P2_026","COMPLETED","","",0
"prior_tenfold_P2_027","COMPLETED","","",0
"prior_tenfold_P2_028","COMPLETED","","",0
"prior_tenfold_P2_029","COMPLETED","","",0
"prior_tenfold_P2_030","COMPLETED","","",0
"prior_tenfold_P2_031","COMPLETED","","",0
"prior_tenfold_P2_032","COMPLETED","","",0
"prior_tenfold_P2_033","COMPLETED","","",0
"prior_tenfold_P2_034","COMPLETED","","",0
"prior_tenfold_P2_035","COMPLETED","","",0
"prior_tenfold_P2_036","COMPLETED","","",0
"prior_tenfold_P2_037","COMPLETED","","",0
"prior_tenfold_P2_038","COMPLETED","","",0
"prior_tenfold_P2_039","COMPLETED","","",0
"prior_tenfold_P2_040","COMPLETED","","",0
"prior_tenfold_R_000","COMPLETED","","",0
"prior_tenfold_R_001","COMPLETED","","",0
"prior_tenfold_R_002","COMPLETED","","",0
"prior_tenfold_R_003","COMPLETED","","",0
"prior_tenfold_R_004","COMPLETED","","",0
"prior_tenfold_R_005","COMPLETED","","",0
"prior_tenfold_R_006","COMPLETED","","",0
"prior_tenfold_R_007","COMPLETED","","",0
"prior_tenfold_R_008","COMPLETED","","",0
"prior_tenfold_R_009","COMPLETED","","",0
"prior_tenfold_R_010","COMPLETED","","",0
"prior_tenfold_R_011","COMPLETED","","",0
"prior_tenfold_R_012","COMPLETED","","",0
"prior_tenfold_R_013","COMPLETED","","",0
"prior_tenfold_R_014","COMPLETED","","",0
"prior_tenfold_R_015","COMPLETED","","",0
"prior_tenfold_R_016","COMPLETED","","",0
"prior_tenfold_R_017","COMPLETED","","",0
"prior_tenfold_R_018","COMPLETED","","",0
"prior_tenfold_R_019","COMPLETED","","",0
"prior_tenfold_R_020","COMPLETED","","",0
"prior_tenfold_R_021","COMPLETED","","",0
"prior_tenfold_R_022","COMPLETED","","",0
"prior_tenfold_R_023","COMPLETED","","",0
"prior_tenfold_R_024","COMPLETED","","",0
"prior_tenfold_R_025","COMPLETED","","",0
"prior_tenfold_R_026","COMPLETED","","",0
"prior_tenfold_R_027","COMPLETED","","",0
"prior_tenfold_R_028","COMPLETED","","",0
"prior_tenfold_R_029","COMPLETED","","",0
"prior_tenfold_R_030","COMPLETED","","",0
"prior_tenfold_R_031","COMPLETED","","",0
"prior_tenfold_R_032","COMPLETED","","",0
"prior_tenfold_R_033","COMPLETED","","",0
"prior_tenfold_R_034","COMPLETED","","",0
"prior_tenfold_R_035","COMPLETED","","",0
"prior_tenfold_R_036","COMPLETED","","",0
"prior_tenfold_R_037","COMPLETED","","",0
"prior_tenfold_R_038","COMPLETED","","",0
"prior_tenfold_R_039","COMPLETED","","",0
"prior_tenfold_R_040","COMPLETED","","",0
"prior_tenfold_S_000","COMPLETED","","",0
"prior_tenfold_S_001","COMPLETED","","",0
"prior_tenfold_S_002","COMPLETED","","",0
"prior_tenfold_S_003","COMPLETED","","",0
"prior_tenfold_S_004","COMPLETED","","",0
"prior_tenfold_S_005","COMPLETED","","",0
"prior_tenfold_S_006","COMPLETED","","",0
"prior_tenfold_S_007","COMPLETED","","",0
"prior_tenfold_S_008","COMPLETED","","",0
"prior_tenfold_S_009","COMPLETED","","",0
"prior_tenfold_S_010","COMPLETED","","",0
"prior_tenfold_S_011","COMPLETED","","",0
"prior_tenfold_S_012","COMPLETED","","",0
"prior_tenfold_S_013","COMPLETED","","",0
"prior_tenfold_S_014","COMPLETED","","",0
"prior_tenfold_S_015","COMPLETED","","",0
"prior_tenfold_S_016","COMPLETED","","",0
"prior_tenfold_S_017","COMPLETED","","",0
"prior_tenfold_S_018","COMPLETED","","",0
"prior_tenfold_S_019","COMPLETED","","",0
"prior_tenfold_S_020","COMPLETED","","",0
"prior_tenfold_S_021","COMPLETED","","",0
"prior_tenfold_S_022","COMPLETED","","",0
"prior_tenfold_S_023","COMPLETED","","",0
"prior_tenfold_S_024","COMPLETED","","",0
"prior_tenfold_S_025","COMPLETED","","",0
"prior_tenfold_S_026","COMPLETED","","",0
"prior_tenfold_S_027","COMPLETED","","",0
"prior_tenfold_S_028","COMPLETED","","",0
"prior_tenfold_S_029","COMPLETED","","",0
"prior_tenfold_S_030","COMPLETED","","",0
"prior_tenfold_S_031","COMPLETED","","",0
"prior_tenfold_S_032","COMPLETED","","",0
"prior_tenfold_S_033","COMPLETED","","",0
"prior_tenfold_S_034","COMPLETED","","",0
"prior_tenfold_S_035","COMPLETED","","",0
"prior_tenfold_S_036","COMPLETED","","",0
"prior_tenfold_S_037","COMPLETED","","",0
"prior_tenfold_S_038","COMPLETED","","",0
"prior_tenfold_S_039","COMPLETED","","",0
"prior_tenfold_S_040","COMPLETED","","",0
"prior_tenfold_W_000","COMPLETED","","",0
"prior_tenfold_W_001","COMPLETED","","",0
"prior_tenfold_W_002","COMPLETED","","",0
"prior_tenfold_W_003","COMPLETED","","",0
"prior_tenfold_W_004","COMPLETED","","",0
"prior_tenfold_W_005","COMPLETED","","",0
"prior_tenfold_W_006","COMPLETED","","",0
"prior_tenfold_W_007","COMPLETED","","",0
"prior_tenfold_W_008","COMPLETED","","",0
"prior_tenfold_W_009","COMPLETED","","",0
"prior_tenfold_W_010","COMPLETED","","",0
"prior_tenfold_W_011","COMPLETED","","",0
"prior_tenfold_W_012","COMPLETED","","",0
"prior_tenfold_W_013","COMPLETED","","",0
"prior_tenfold_W_014","COMPLETED","","",0
"prior_tenfold_W_015","COMPLETED","","",0
"prior_tenfold_W_016","COMPLETED","","",0
"prior_tenfold_W_017","COMPLETED","","",0
"prior_tenfold_W_018","COMPLETED","","",0
"prior_tenfold_W_019","COMPLETED","","",0
"prior_tenfold_W_020","COMPLETED","","",0
"prior_tenfold_W_021","COMPLETED","","",0
"prior_tenfold_W_022","COMPLETED","","",0
"prior_tenfold_W_023","COMPLETED","","",0
"prior_tenfold_W_024","COMPLETED","","",0
"prior_tenfold_W_025","COMPLETED","","",0
"prior_tenfold_W_026","COMPLETED","","",0
"prior_tenfold_W_027","COMPLETED","","",0
"prior_tenfold_W_028","COMPLETED","","",0
"prior_tenfold_W_029","COMPLETED","","",0
"prior_tenfold_W_030","COMPLETED","","",0
"prior_tenfold_W_031","COMPLETED","","",0
"prior_tenfold_W_032","COMPLETED","","",0
"prior_tenfold_W_033","COMPLETED","","",0
"prior_tenfold_W_034","COMPLETED","","",0
"prior_tenfold_W_035","COMPLETED","","",0
"prior_tenfold_W_036","COMPLETED","","",0
"prior_tenfold_W_037","COMPLETED","","",0
"prior_tenfold_W_038","COMPLETED","","",0
"prior_tenfold_W_039","COMPLETED","","",0
"prior_tenfold_W_040","COMPLETED","","",0
"prior_tenth_A_000","COMPLETED","","",0
"prior_tenth_A_001","COMPLETED","","",0
"prior_tenth_A_002","COMPLETED","","",0
"prior_tenth_A_003","COMPLETED","","",0
"prior_tenth_A_004","COMPLETED","","",0
"prior_tenth_A_005","COMPLETED","","",0
"prior_tenth_A_006","COMPLETED","","",0
"prior_tenth_A_007","COMPLETED","","",0
"prior_tenth_A_008","COMPLETED","","",0
"prior_tenth_A_009","COMPLETED","","",0
"prior_tenth_A_010","COMPLETED","","",0
"prior_tenth_A_011","COMPLETED","","",0
"prior_tenth_A_012","COMPLETED","","",0
"prior_tenth_A_013","COMPLETED","","",0
"prior_tenth_A_014","COMPLETED","","",0
"prior_tenth_A_015","COMPLETED","","",0
"prior_tenth_A_016","COMPLETED","","",0
"prior_tenth_A_017","COMPLETED","","",0
"prior_tenth_A_018","COMPLETED","","",0
"prior_tenth_A_019","COMPLETED","","",0
"prior_tenth_A_020","COMPLETED","","",0
"prior_tenth_A_021","COMPLETED","","",0
"prior_tenth_A_022","COMPLETED","","",0
"prior_tenth_A_023","COMPLETED","","",0
"prior_tenth_A_024","COMPLETED","","",0
"prior_tenth_A_025","COMPLETED","","",0
"prior_tenth_A_026","COMPLETED","","",0
"prior_tenth_A_027","COMPLETED","","",0
"prior_tenth_A_028","COMPLETED","","",0
"prior_tenth_A_029","COMPLETED","","",0
"prior_tenth_A_030","COMPLETED","","",0
"prior_tenth_A_031","COMPLETED","","",0
"prior_tenth_A_032","COMPLETED","","",0
"prior_tenth_A_033","COMPLETED","","",0
"prior_tenth_A_034","COMPLETED","","",0
"prior_tenth_A_035","COMPLETED","","",0
"prior_tenth_A_036","COMPLETED","","",0
"prior_tenth_A_037","COMPLETED","","",0
"prior_tenth_A_038","COMPLETED","","",0
"prior_tenth_A_039","COMPLETED","","",0
"prior_tenth_A_040","COMPLETED","","",0
"prior_tenth_P2_000","COMPLETED","","",0
"prior_tenth_P2_001","COMPLETED","","",0
"prior_tenth_P2_002","COMPLETED","","",0
"prior_tenth_P2_003","COMPLETED","","",0
"prior_tenth_P2_004","COMPLETED","","",0
"prior_tenth_P2_005","COMPLETED","","",0
"prior_tenth_P2_006","COMPLETED","","",0
"prior_tenth_P2_007","COMPLETED","","",0
"prior_tenth_P2_008","COMPLETED","","",0
"prior_tenth_P2_009","COMPLETED","","",0
"prior_tenth_P2_010","COMPLETED","","",0
"prior_tenth_P2_011","COMPLETED","","",0
"prior_tenth_P2_012","COMPLETED","","",0
"prior_tenth_P2_013","COMPLETED","","",0
"prior_tenth_P2_014","COMPLETED","","",0
"prior_tenth_P2_015","COMPLETED","","",0
"prior_tenth_P2_016","COMPLETED","","",0
"prior_tenth_P2_017","COMPLETED","","",0
"prior_tenth_P2_018","COMPLETED","","",0
"prior_tenth_P2_019","COMPLETED","","",0
"prior_tenth_P2_020","COMPLETED","","",0
"prior_tenth_P2_021","COMPLETED","","",0
"prior_tenth_P2_022","COMPLETED","","",0
"prior_tenth_P2_023","COMPLETED","","",0
"prior_tenth_P2_024","COMPLETED","","",0
"prior_tenth_P2_025","COMPLETED","","",0
"prior_tenth_P2_026","COMPLETED","","",0
"prior_tenth_P2_027","COMPLETED","","",0
"prior_tenth_P2_028","COMPLETED","","",0
"prior_tenth_P2_029","COMPLETED","","",0
"prior_tenth_P2_030","COMPLETED","","",0
"prior_tenth_P2_031","COMPLETED","","",0
"prior_tenth_P2_032","COMPLETED","","",0
"prior_tenth_P2_033","COMPLETED","","",0
"prior_tenth_P2_034","COMPLETED","","",0
"prior_tenth_P2_035","COMPLETED","","",0
"prior_tenth_P2_036","COMPLETED","","",0
"prior_tenth_P2_037","COMPLETED","","",0
"prior_tenth_P2_038","COMPLETED","","",0
"prior_tenth_P2_039","COMPLETED","","",0
"prior_tenth_P2_040","COMPLETED","","",0
"prior_tenth_R_000","COMPLETED","","",0
"prior_tenth_R_001","COMPLETED","","",0
"prior_tenth_R_002","COMPLETED","","",0
"prior_tenth_R_003","COMPLETED","","",0
"prior_tenth_R_004","COMPLETED","","",0
"prior_tenth_R_005","COMPLETED","","",0
"prior_tenth_R_006","COMPLETED","","",0
"prior_tenth_R_007","COMPLETED","","",0
"prior_tenth_R_008","COMPLETED","","",0
"prior_tenth_R_009","COMPLETED","","",0
"prior_tenth_R_010","COMPLETED","","",0
"prior_tenth_R_011","COMPLETED","","",0
"prior_tenth_R_012","COMPLETED","","",0
"prior_tenth_R_013","COMPLETED","","",0
"prior_tenth_R_014","COMPLETED","","",0
"prior_tenth_R_015","COMPLETED","","",0
"prior_tenth_R_016","COMPLETED","","",0
"prior_tenth_R_017","COMPLETED","","",0
"prior_tenth_R_018","COMPLETED","","",0
"prior_tenth_R_019","COMPLETED","","",0
"prior_tenth_R_020","COMPLETED","","",0
"prior_tenth_R_021","COMPLETED","","",0
"prior_tenth_R_022","COMPLETED","","",0
"prior_tenth_R_023","COMPLETED","","",0
"prior_tenth_R_024","COMPLETED","","",0
"prior_tenth_R_025","COMPLETED","","",0
"prior_tenth_R_026","COMPLETED","","",0
"prior_tenth_R_027","COMPLETED","","",0
"prior_tenth_R_028","COMPLETED","","",0
"prior_tenth_R_029","COMPLETED","","",0
"prior_tenth_R_030","COMPLETED","","",0
"prior_tenth_R_031","COMPLETED","","",0
"prior_tenth_R_032","COMPLETED","","",0
"prior_tenth_R_033","COMPLETED","","",0
"prior_tenth_R_034","COMPLETED","","",0
"prior_tenth_R_035","COMPLETED","","",0
"prior_tenth_R_036","COMPLETED","","",0
"prior_tenth_R_037","COMPLETED","","",0
"prior_tenth_R_038","COMPLETED","","",0
"prior_tenth_R_039","COMPLETED","","",0
"prior_tenth_R_040","COMPLETED","","",0
"prior_tenth_S_000","COMPLETED","","",0
"prior_tenth_S_001","COMPLETED","","",0
"prior_tenth_S_002","COMPLETED","","",0
"prior_tenth_S_003","COMPLETED","","",0
"prior_tenth_S_004","COMPLETED","","",0
"prior_tenth_S_005","COMPLETED","","",0
"prior_tenth_S_006","COMPLETED","","",0
"prior_tenth_S_007","COMPLETED","","",0
"prior_tenth_S_008","COMPLETED","","",0
"prior_tenth_S_009","COMPLETED","","",0
"prior_tenth_S_010","COMPLETED","","",0
"prior_tenth_S_011","COMPLETED","","",0
"prior_tenth_S_012","COMPLETED","","",0
"prior_tenth_S_013","COMPLETED","","",0
"prior_tenth_S_014","COMPLETED","","",0
"prior_tenth_S_015","COMPLETED","","",0
"prior_tenth_S_016","COMPLETED","","",0
"prior_tenth_S_017","COMPLETED","","",0
"prior_tenth_S_018","COMPLETED","","",0
"prior_tenth_S_019","COMPLETED","","",0
"prior_tenth_S_020","COMPLETED","","",0
"prior_tenth_S_021","COMPLETED","","",0
"prior_tenth_S_022","COMPLETED","","",0
"prior_tenth_S_023","COMPLETED","","",0
"prior_tenth_S_024","COMPLETED","","",0
"prior_tenth_S_025","COMPLETED","","",0
"prior_tenth_S_026","COMPLETED","","",0
"prior_tenth_S_027","COMPLETED","","",0
"prior_tenth_S_028","COMPLETED","","",0
"prior_tenth_S_029","COMPLETED","","",0
"prior_tenth_S_030","COMPLETED","","",0
"prior_tenth_S_031","COMPLETED","","",0
"prior_tenth_S_032","COMPLETED","","",0
"prior_tenth_S_033","COMPLETED","","",0
"prior_tenth_S_034","COMPLETED","","",0
"prior_tenth_S_035","COMPLETED","","",0
"prior_tenth_S_036","COMPLETED","","",0
"prior_tenth_S_037","COMPLETED","","",0
"prior_tenth_S_038","COMPLETED","","",0
"prior_tenth_S_039","COMPLETED","","",0
"prior_tenth_S_040","COMPLETED","","",0
"prior_tenth_W_000","COMPLETED","","",0
"prior_tenth_W_001","COMPLETED","","",0
"prior_tenth_W_002","COMPLETED","","",0
"prior_tenth_W_003","COMPLETED","","",0
"prior_tenth_W_004","COMPLETED","","",0
"prior_tenth_W_005","COMPLETED","","",0
"prior_tenth_W_006","COMPLETED","","",0
"prior_tenth_W_007","COMPLETED","","",0
"prior_tenth_W_008","COMPLETED","","",0
"prior_tenth_W_009","COMPLETED","","",0
"prior_tenth_W_010","COMPLETED","","",0
"prior_tenth_W_011","COMPLETED","","",0
"prior_tenth_W_012","COMPLETED","","",0
"prior_tenth_W_013","COMPLETED","","",0
"prior_tenth_W_014","COMPLETED","","",0
"prior_tenth_W_015","COMPLETED","","",0
"prior_tenth_W_016","COMPLETED","","",0
"prior_tenth_W_017","COMPLETED","","",0
"prior_tenth_W_018","COMPLETED","","",0
"prior_tenth_W_019","COMPLETED","","",0
"prior_tenth_W_020","COMPLETED","","",0
"prior_tenth_W_021","COMPLETED","","",0
"prior_tenth_W_022","COMPLETED","","",0
"prior_tenth_W_023","COMPLETED","","",0
"prior_tenth_W_024","COMPLETED","","",0
"prior_tenth_W_025","COMPLETED","","",0
"prior_tenth_W_026","COMPLETED","","",0
"prior_tenth_W_027","COMPLETED","","",0
"prior_tenth_W_028","COMPLETED","","",0
"prior_tenth_W_029","COMPLETED","","",0
"prior_tenth_W_030","COMPLETED","","",0
"prior_tenth_W_031","COMPLETED","","",0
"prior_tenth_W_032","COMPLETED","","",0
"prior_tenth_W_033","COMPLETED","","",0
"prior_tenth_W_034","COMPLETED","","",0
"prior_tenth_W_035","COMPLETED","","",0
"prior_tenth_W_036","COMPLETED","","",0
"prior_tenth_W_037","COMPLETED","","",0
"prior_tenth_W_038","COMPLETED","","",0
"prior_tenth_W_039","COMPLETED","","",0
"prior_tenth_W_040","COMPLETED","","",0
